Titel,Werktitel,Übersetzter Titel,Autor*in,Mitwirkende/r,Digitalisat,Inhaltstyp,Hochschulschrift,Inhaltstyp,Inhalt,Beschreibung,Verknüpfte Titel,Anmerkungen,Serie,Verlag,Erschienen,Verlauf,Ausgabe,Nachdruck,Format,Häufigkeit,Sprache,Gebunden mit,Rechte,Thema,MESH Schlagwörter,Klassifikation,Ist enthalten in,Kursinformationen,Anmerkungen,Anmerkungen,Thema,Identifikator,Lokale Signatur,Quelle,Link
A Case Study of WiFi Sniffing Performance Evaluation,,,"Li, Yan   Barthelemy, Johan   Sun, Shuai   Perez, Pascal   Moran, Bill",,,,,,,"Mobile devices regularly broadcast WiFi probe requests in order to discover available proximal WiFi access points for connection. A probe request, sent automatically in the active scanning mode, consisting of the MAC address of the device expresses an advertisement of its presence. A real-time wireless sniffing system is able to sense WiFi packets and analyse wireless traffic. This provides an opportunity to obtain insights into the interaction between the humans carrying the mobile devices and the environment. Susceptibility to loss of the wireless data transmission is an important limitation on this idea, and this is complicated by the lack of a standard specification for real deployment of WiFi sniffers. In this paper, we present an experimental analysis of sniffing performance under different wireless environments using off-the-shelf products. Our objective is to identify the possible factors including channel settings and access point configurations that affect sniffing behaviours and performances, thereby enabling the design of a protocol for a WiFi sniffing system under the optimal monitoring strategy in a real deployment. Our preliminary results show that four main factors affect the sniffing performance: the number of access points and their corresponding operating channels, the signal strength of the access point and the number of devices in the vicinity. In terms of a real field deployment, we propose assignment of one sniffing device to each specific sub-region based on the local access point signal strength and coverage area and fixing the monitoring channel belongs to the local strongest access point.",,,,PISCATAWAY: IEEE,,,,,,,Englisch,,"Copyright The Institute of Electrical and Electronics Engineers, Inc. (IEEE) 2020",Computer science    Electronic apparatus and appliances    Engineering    IEEE 802.11 (Standard)    Monitoring    Technology    Telecommunication    Wireless sensor networks,,,"IEEE access, 2020, Vol.8, p.129224-129235",,,,,ISSN: 2169-3536 EISSN: 2169-3536 DOI: 10.1109/ACCESS.2020.3008533 CODEN: IAECCG,,DOAJ,https://fu-berlin.primo.exlibrisgroup.com/permalink/49KOBV_FUB/dm8bhl/cdi_webofscience_primary_000551825000001
A Case Study of WiFi Sniffing Performance Evaluation,,,"Li, Yan   Barthelemy, Johan   Sun, Shuai   Perez, Pascal   Moran, Bill",,,,,,,"Mobile devices regularly broadcast WiFi probe requests in order to discover available proximal WiFi access points for connection. A probe request, sent automatically in the active scanning mode, consisting of the MAC address of the device expresses an advertisement of its presence. A real-time wireless sniffing system is able to sense WiFi packets and analyse wireless traffic. This provides an opportunity to obtain insights into the interaction between the humans carrying the mobile devices and the environment. Susceptibility to loss of the wireless data transmission is an important limitation on this idea, and this is complicated by the lack of a standard specification for real deployment of WiFi sniffers. In this paper, we present an experimental analysis of sniffing performance under different wireless environments using off-the-shelf products. Our objective is to identify the possible factors including channel settings and access point configurations that affect sniffing behaviours and performances, thereby enabling the design of a protocol for a WiFi sniffing system under the optimal monitoring strategy in a real deployment. Our preliminary results show that four main factors affect the sniffing performance: the number of access points and their corresponding operating channels, the signal strength of the access point and the number of devices in the vicinity. In terms of a real field deployment, we propose assignment of one sniffing device to each specific sub-region based on the local access point signal strength and coverage area and fixing the monitoring channel belongs to the local strongest access point.",,,,PISCATAWAY: IEEE,,,,,,,Englisch,,"Copyright The Institute of Electrical and Electronics Engineers, Inc. (IEEE) 2020",Computer science    Electronic apparatus and appliances    Engineering    IEEE 802.11 (Standard)    Monitoring    Technology    Telecommunication    Wireless sensor networks,,,"IEEE access, 2020, Vol.8, p.129224-129235",,,,,ISSN: 2169-3536 EISSN: 2169-3536 DOI: 10.1109/ACCESS.2020.3008533 CODEN: IAECCG,,EZB,https://fu-berlin.primo.exlibrisgroup.com/permalink/49KOBV_FUB/dm8bhl/cdi_webofscience_primary_000551825000001
A Case Study of WiFi Sniffing Performance Evaluation,,,"Li, Yan   Barthelemy, Johan   Sun, Shuai   Perez, Pascal   Moran, Bill",,,,,,,"Mobile devices regularly broadcast WiFi probe requests in order to discover available proximal WiFi access points for connection. A probe request, sent automatically in the active scanning mode, consisting of the MAC address of the device expresses an advertisement of its presence. A real-time wireless sniffing system is able to sense WiFi packets and analyse wireless traffic. This provides an opportunity to obtain insights into the interaction between the humans carrying the mobile devices and the environment. Susceptibility to loss of the wireless data transmission is an important limitation on this idea, and this is complicated by the lack of a standard specification for real deployment of WiFi sniffers. In this paper, we present an experimental analysis of sniffing performance under different wireless environments using off-the-shelf products. Our objective is to identify the possible factors including channel settings and access point configurations that affect sniffing behaviours and performances, thereby enabling the design of a protocol for a WiFi sniffing system under the optimal monitoring strategy in a real deployment. Our preliminary results show that four main factors affect the sniffing performance: the number of access points and their corresponding operating channels, the signal strength of the access point and the number of devices in the vicinity. In terms of a real field deployment, we propose assignment of one sniffing device to each specific sub-region based on the local access point signal strength and coverage area and fixing the monitoring channel belongs to the local strongest access point.",,,,PISCATAWAY: IEEE,,,,,,,Englisch,,"Copyright The Institute of Electrical and Electronics Engineers, Inc. (IEEE) 2020",Computer science    Electronic apparatus and appliances    Engineering    IEEE 802.11 (Standard)    Monitoring    Technology    Telecommunication    Wireless sensor networks,,,"IEEE access, 2020, Vol.8, p.129224-129235",,,,,ISSN: 2169-3536 EISSN: 2169-3536 DOI: 10.1109/ACCESS.2020.3008533 CODEN: IAECCG,,ROAD,https://fu-berlin.primo.exlibrisgroup.com/permalink/49KOBV_FUB/dm8bhl/cdi_webofscience_primary_000551825000001
A Case Study of WiFi Sniffing Performance Evaluation,,,"Li, Yan   Barthelemy, Johan   Sun, Shuai   Perez, Pascal   Moran, Bill",,,,,,,"Mobile devices regularly broadcast WiFi probe requests in order to discover available proximal WiFi access points for connection. A probe request, sent automatically in the active scanning mode, consisting of the MAC address of the device expresses an advertisement of its presence. A real-time wireless sniffing system is able to sense WiFi packets and analyse wireless traffic. This provides an opportunity to obtain insights into the interaction between the humans carrying the mobile devices and the environment. Susceptibility to loss of the wireless data transmission is an important limitation on this idea, and this is complicated by the lack of a standard specification for real deployment of WiFi sniffers. In this paper, we present an experimental analysis of sniffing performance under different wireless environments using off-the-shelf products. Our objective is to identify the possible factors including channel settings and access point configurations that affect sniffing behaviours and performances, thereby enabling the design of a protocol for a WiFi sniffing system under the optimal monitoring strategy in a real deployment. Our preliminary results show that four main factors affect the sniffing performance: the number of access points and their corresponding operating channels, the signal strength of the access point and the number of devices in the vicinity. In terms of a real field deployment, we propose assignment of one sniffing device to each specific sub-region based on the local access point signal strength and coverage area and fixing the monitoring channel belongs to the local strongest access point.",,,,PISCATAWAY: IEEE,,,,,,,Englisch,,"Copyright The Institute of Electrical and Electronics Engineers, Inc. (IEEE) 2020",Computer science    Electronic apparatus and appliances    Engineering    IEEE 802.11 (Standard)    Monitoring    Technology    Telecommunication    Wireless sensor networks,,,"IEEE access, 2020, Vol.8, p.129224-129235",,,,,ISSN: 2169-3536 EISSN: 2169-3536 DOI: 10.1109/ACCESS.2020.3008533 CODEN: IAECCG,,Unpaywall,https://fu-berlin.primo.exlibrisgroup.com/permalink/49KOBV_FUB/dm8bhl/cdi_webofscience_primary_000551825000001
A Case Study of WiFi Sniffing Performance Evaluation,,,"Li, Yan   Barthelemy, Johan   Sun, Shuai   Perez, Pascal   Moran, Bill",,,,,,,"Mobile devices regularly broadcast WiFi probe requests in order to discover available proximal WiFi access points for connection. A probe request, sent automatically in the active scanning mode, consisting of the MAC address of the device expresses an advertisement of its presence. A real-time wireless sniffing system is able to sense WiFi packets and analyse wireless traffic. This provides an opportunity to obtain insights into the interaction between the humans carrying the mobile devices and the environment. Susceptibility to loss of the wireless data transmission is an important limitation on this idea, and this is complicated by the lack of a standard specification for real deployment of WiFi sniffers. In this paper, we present an experimental analysis of sniffing performance under different wireless environments using off-the-shelf products. Our objective is to identify the possible factors including channel settings and access point configurations that affect sniffing behaviours and performances, thereby enabling the design of a protocol for a WiFi sniffing system under the optimal monitoring strategy in a real deployment. Our preliminary results show that four main factors affect the sniffing performance: the number of access points and their corresponding operating channels, the signal strength of the access point and the number of devices in the vicinity. In terms of a real field deployment, we propose assignment of one sniffing device to each specific sub-region based on the local access point signal strength and coverage area and fixing the monitoring channel belongs to the local strongest access point.",,,,PISCATAWAY: IEEE,,,,,,,Englisch,,"Copyright The Institute of Electrical and Electronics Engineers, Inc. (IEEE) 2020",Computer science    Electronic apparatus and appliances    Engineering    IEEE 802.11 (Standard)    Monitoring    Technology    Telecommunication    Wireless sensor networks,,,"IEEE access, 2020, Vol.8, p.129224-129235",,,,,ISSN: 2169-3536 EISSN: 2169-3536 DOI: 10.1109/ACCESS.2020.3008533 CODEN: IAECCG,,Web of Science,https://fu-berlin.primo.exlibrisgroup.com/permalink/49KOBV_FUB/dm8bhl/cdi_webofscience_primary_000551825000001
ANALISIS KEAMANAN JARINGAN PADA FASILITAS WIFI TERHADAP SERANGAN SNIFFING DI PT DUTA COMPUTER,,,"Silalahi, Putri Rosayanti   Sitohang, Sunarsan",,,,,,,"Technological developments and dependence on WiFi networks have brought many benefits in the business world, including at PT Duta Computer. However, network security is becoming a critical issue as cyber attacks become increasingly complex and sophisticated. One potential attack is a sniffing attack, in which the attacker tries to steal sensitive data that is sent over a WiFi network. This study aims to conduct an in-depth analysis of network security on WiFi facilities at PT Duta Computer against sniffing attacks. The results of this study are expected to provide deeper insight into the level of security of the WiFi network at PT Duta Computer and help companies to identify and address potential security vulnerabilities. By enhancing network security, PT Duta Computer can ensure that sensitive customer data and corporate information remain safe from sniffing attacks.",,,,,,,,,,,Englisch,,,,,,"Computer and Science Industrial Engineering (COMASIE), 2023-10, Vol.9 (8), p.30",,,,,ISSN: 2715-6265 EISSN: 2715-6265 DOI: 10.33884/comasiejournal.v9i8.7954,,ROAD,https://fu-berlin.primo.exlibrisgroup.com/permalink/49KOBV_FUB/dm8bhl/cdi_unpaywall_primary_10_33884_comasiejournal_v9i8_7954
ANALISIS KEAMANAN JARINGAN PADA FASILITAS WIFI TERHADAP SERANGAN SNIFFING DI PT DUTA COMPUTER,,,"Silalahi, Putri Rosayanti   Sitohang, Sunarsan",,,,,,,"Technological developments and dependence on WiFi networks have brought many benefits in the business world, including at PT Duta Computer. However, network security is becoming a critical issue as cyber attacks become increasingly complex and sophisticated. One potential attack is a sniffing attack, in which the attacker tries to steal sensitive data that is sent over a WiFi network. This study aims to conduct an in-depth analysis of network security on WiFi facilities at PT Duta Computer against sniffing attacks. The results of this study are expected to provide deeper insight into the level of security of the WiFi network at PT Duta Computer and help companies to identify and address potential security vulnerabilities. By enhancing network security, PT Duta Computer can ensure that sensitive customer data and corporate information remain safe from sniffing attacks.",,,,,,,,,,,Englisch,,,,,,"Computer and Science Industrial Engineering (COMASIE), 2023-10, Vol.9 (8), p.30",,,,,ISSN: 2715-6265 EISSN: 2715-6265 DOI: 10.33884/comasiejournal.v9i8.7954,,Unpaywall,https://fu-berlin.primo.exlibrisgroup.com/permalink/49KOBV_FUB/dm8bhl/cdi_unpaywall_primary_10_33884_comasiejournal_v9i8_7954
Detection and Analysis of Packet Sniffing Attacks Using Wireshark on Wifi Networks: A Practical Approach to Network Security Case Study of Puskesmas Sungsang,,,M. Hajaji Alfarizi   Zulhipni Reno Saputra Elsi   Apriansyah   Karnadi4,,,,,,,"In the last two decades, advances in internet technology have significantly influenced various sectors, including healthcare. The integration of information technology into health services has become essential for improving operational efficiency through integrated medical information systems, structured patient management, and digital financial administration. The Sungsang Health Center, as a community-based healthcare facility, relies heavily on networked systems to support daily activities such as patient registration and electronic medical record management, which involve highly sensitive data. This condition increases the risk of data leakage, particularly due to packet sniffing attacks. Therefore, strengthening network security policies is a critical need. This research aims to analyze potential packet sniffing threats and support the prevention of data leaks at the Sungsang Health Center by utilizing Wireshark as a network analysis tool. Wireshark enables detailed monitoring and analysis of data packets to identify suspicious activities that are not easily detected manually. The study provides insights into techniques for detecting and analyzing network vulnerabilities, which can serve as a reference for improving network security policies. The results are expected to support the development of safer and more reliable digital health systems and raise awareness of the importance of protecting patient data.",,,,,,,,,,,Englisch,,,,,,"JURNAL TEKNOLOGI DAN OPEN SOURCE, 2025-12, Vol.8 (2), p.1084-1090",,,,,ISSN: 2655-7592 ISSN: 2622-1659 EISSN: 2622-1659 DOI: 10.36378/jtos.v8i2.5112,,ROAD,https://fu-berlin.primo.exlibrisgroup.com/permalink/49KOBV_FUB/dm8bhl/cdi_unpaywall_primary_10_36378_jtos_v8i2_5112
Detection and Analysis of Packet Sniffing Attacks Using Wireshark on Wifi Networks: A Practical Approach to Network Security Case Study of Puskesmas Sungsang,,,M. Hajaji Alfarizi   Zulhipni Reno Saputra Elsi   Apriansyah   Karnadi4,,,,,,,"In the last two decades, advances in internet technology have significantly influenced various sectors, including healthcare. The integration of information technology into health services has become essential for improving operational efficiency through integrated medical information systems, structured patient management, and digital financial administration. The Sungsang Health Center, as a community-based healthcare facility, relies heavily on networked systems to support daily activities such as patient registration and electronic medical record management, which involve highly sensitive data. This condition increases the risk of data leakage, particularly due to packet sniffing attacks. Therefore, strengthening network security policies is a critical need. This research aims to analyze potential packet sniffing threats and support the prevention of data leaks at the Sungsang Health Center by utilizing Wireshark as a network analysis tool. Wireshark enables detailed monitoring and analysis of data packets to identify suspicious activities that are not easily detected manually. The study provides insights into techniques for detecting and analyzing network vulnerabilities, which can serve as a reference for improving network security policies. The results are expected to support the development of safer and more reliable digital health systems and raise awareness of the importance of protecting patient data.",,,,,,,,,,,Englisch,,,,,,"JURNAL TEKNOLOGI DAN OPEN SOURCE, 2025-12, Vol.8 (2), p.1084-1090",,,,,ISSN: 2655-7592 ISSN: 2622-1659 EISSN: 2622-1659 DOI: 10.36378/jtos.v8i2.5112,,Unpaywall,https://fu-berlin.primo.exlibrisgroup.com/permalink/49KOBV_FUB/dm8bhl/cdi_unpaywall_primary_10_36378_jtos_v8i2_5112
Sniffing Pada Jaringan WiFi Berbasis Protokol 802.1x Menggunakan Aplikasi Wireshark,,,,,,,,,,,,,,,,,,,,,Englisch,,,,,,J-SAKTI (Jurnal Sains Komputer dan Informatika),,,,,ISSN: 2549-7200 ISSN: 2548-9771 DOI: 10.30645/j-sakti.v4i1.181,,Unpaywall,https://fu-berlin.primo.exlibrisgroup.com/permalink/49KOBV_FUB/dm8bhl/cdi_unpaywall_primary_10_30645_j_sakti_v4i1_181
ANALISIS KEAMANAN JARINGAN WIFI MAHASISWA UBD DARI SERANGAN PACKET SNIFFING,,,"TAMSIR ARIYADI   Irwansyah, Irwansyah   Huda Mubarok, M. Syaiful",,,,,,,"The wifi network of Bina Darma University is open to potential attacks by hackers, as they are unavoidably carried out. Network security is the act of recognizing and blocking unwanted users, or intruders, from computer networks. It serves as a safeguard for a network system against unauthorized and careless network users. In this study, the ""Experiment Method"" is employed. One approach that seeks to both test and explain an event is the experiment technique. Using the tools ettercap and wireshark, tests on network security were run and the findings analyzed for this study. The study's findings show that the network security encryption utilized at Bina and the security mechanism on the ubd student wifi network are both in good working order.",,,,,,,,,,,Englisch,,,,,,"JURNAL ILMIAH INFORMATIKA, 2024-03, Vol.12 (1), p.53-58",,,,,ISSN: 2337-8379 ISSN: 2615-1049 EISSN: 2615-1049 DOI: 10.33884/jif.v12i01.8739,,ROAD,https://fu-berlin.primo.exlibrisgroup.com/permalink/49KOBV_FUB/dm8bhl/cdi_crossref_primary_10_33884_jif_v12i01_8739
ANALISIS KEAMANAN JARINGAN WIFI MAHASISWA UBD DARI SERANGAN PACKET SNIFFING,,,"TAMSIR ARIYADI   Irwansyah, Irwansyah   Huda Mubarok, M. Syaiful",,,,,,,"The wifi network of Bina Darma University is open to potential attacks by hackers, as they are unavoidably carried out. Network security is the act of recognizing and blocking unwanted users, or intruders, from computer networks. It serves as a safeguard for a network system against unauthorized and careless network users. In this study, the ""Experiment Method"" is employed. One approach that seeks to both test and explain an event is the experiment technique. Using the tools ettercap and wireshark, tests on network security were run and the findings analyzed for this study. The study's findings show that the network security encryption utilized at Bina and the security mechanism on the ubd student wifi network are both in good working order.",,,,,,,,,,,Englisch,,,,,,"JURNAL ILMIAH INFORMATIKA, 2024-03, Vol.12 (1), p.53-58",,,,,ISSN: 2337-8379 ISSN: 2615-1049 EISSN: 2615-1049 DOI: 10.33884/jif.v12i01.8739,,Unpaywall,https://fu-berlin.primo.exlibrisgroup.com/permalink/49KOBV_FUB/dm8bhl/cdi_crossref_primary_10_33884_jif_v12i01_8739
WPAxFuzz: Sniffing Out Vulnerabilities in Wi-Fi Implementations,,,"Kampourakis, Vyron   Chatzoglou, Efstratios   Kambourakis, Georgios   Dolmes, Apostolos   Zaroliagis, Christos",,,,,,,"This work attempts to provide a way of scrutinizing the security robustness of Wi-Fi implementations in an automated fashion. To this end, to our knowledge, we contribute the first full-featured and extensible Wi-Fi fuzzer. At the time of writing, the tool, made publicly available as open source, covers the IEEE 802.11 management and control frame types and provides a separate module for the pair of messages of the Simultaneous Authentication of Equals (SAE) authentication and key exchange method. It can be primarily used to detect vulnerabilities potentially existing in wireless Access Points (AP) under the newest Wi-Fi Protected Access 3 (WPA3) certification, but its functionalities can also be exploited against WPA2-compatible APs. Moreover, the fuzzer incorporates: (a) a dual-mode network monitoring module that monitors, in real time, the behavior of the connected AP stations and logs possible service or connection disruptions and (b) an attack tool used to verify any glitches found and automatically craft the corresponding exploit. We present results after testing the fuzzer against an assortment of off-the-shelf APs by different renowned vendors. Adhering to a coordinated disclosure process, we have reported the discovered issues to the affected vendors, already receiving positive feedback from some of them.",,,,Basel: MDPI AG,,,,,,,Englisch,,"COPYRIGHT 2022 MDPI AG 2022 by the authors. Licensee MDPI, Basel, Switzerland. This article is an open access article distributed under the terms and conditions of the Creative Commons Attribution (CC BY) license (https://creativecommons.org/licenses/by/4.0/). Notwithstanding the ProQuest Terms and Conditions, you may use this content in accordance with the terms of the License.",Communication    Computer security    Denial of service attacks    Methodology    Methods    Seeds    Software    Wireless communication systems,,,"Cryptography, 2022-12, Vol.6 (4), p.53",,,,,ISSN: 2410-387X EISSN: 2410-387X DOI: 10.3390/cryptography6040053,,DOAJ,https://fu-berlin.primo.exlibrisgroup.com/permalink/49KOBV_FUB/dm8bhl/cdi_doaj_primary_oai_doaj_org_article_8eecfa50e8f84fbcb5e62eb33397ff32
WPAxFuzz: Sniffing Out Vulnerabilities in Wi-Fi Implementations,,,"Kampourakis, Vyron   Chatzoglou, Efstratios   Kambourakis, Georgios   Dolmes, Apostolos   Zaroliagis, Christos",,,,,,,"This work attempts to provide a way of scrutinizing the security robustness of Wi-Fi implementations in an automated fashion. To this end, to our knowledge, we contribute the first full-featured and extensible Wi-Fi fuzzer. At the time of writing, the tool, made publicly available as open source, covers the IEEE 802.11 management and control frame types and provides a separate module for the pair of messages of the Simultaneous Authentication of Equals (SAE) authentication and key exchange method. It can be primarily used to detect vulnerabilities potentially existing in wireless Access Points (AP) under the newest Wi-Fi Protected Access 3 (WPA3) certification, but its functionalities can also be exploited against WPA2-compatible APs. Moreover, the fuzzer incorporates: (a) a dual-mode network monitoring module that monitors, in real time, the behavior of the connected AP stations and logs possible service or connection disruptions and (b) an attack tool used to verify any glitches found and automatically craft the corresponding exploit. We present results after testing the fuzzer against an assortment of off-the-shelf APs by different renowned vendors. Adhering to a coordinated disclosure process, we have reported the discovered issues to the affected vendors, already receiving positive feedback from some of them.",,,,Basel: MDPI AG,,,,,,,Englisch,,"COPYRIGHT 2022 MDPI AG 2022 by the authors. Licensee MDPI, Basel, Switzerland. This article is an open access article distributed under the terms and conditions of the Creative Commons Attribution (CC BY) license (https://creativecommons.org/licenses/by/4.0/). Notwithstanding the ProQuest Terms and Conditions, you may use this content in accordance with the terms of the License.",Communication    Computer security    Denial of service attacks    Methodology    Methods    Seeds    Software    Wireless communication systems,,,"Cryptography, 2022-12, Vol.6 (4), p.53",,,,,ISSN: 2410-387X EISSN: 2410-387X DOI: 10.3390/cryptography6040053,,EZB,https://fu-berlin.primo.exlibrisgroup.com/permalink/49KOBV_FUB/dm8bhl/cdi_doaj_primary_oai_doaj_org_article_8eecfa50e8f84fbcb5e62eb33397ff32
WPAxFuzz: Sniffing Out Vulnerabilities in Wi-Fi Implementations,,,"Kampourakis, Vyron   Chatzoglou, Efstratios   Kambourakis, Georgios   Dolmes, Apostolos   Zaroliagis, Christos",,,,,,,"This work attempts to provide a way of scrutinizing the security robustness of Wi-Fi implementations in an automated fashion. To this end, to our knowledge, we contribute the first full-featured and extensible Wi-Fi fuzzer. At the time of writing, the tool, made publicly available as open source, covers the IEEE 802.11 management and control frame types and provides a separate module for the pair of messages of the Simultaneous Authentication of Equals (SAE) authentication and key exchange method. It can be primarily used to detect vulnerabilities potentially existing in wireless Access Points (AP) under the newest Wi-Fi Protected Access 3 (WPA3) certification, but its functionalities can also be exploited against WPA2-compatible APs. Moreover, the fuzzer incorporates: (a) a dual-mode network monitoring module that monitors, in real time, the behavior of the connected AP stations and logs possible service or connection disruptions and (b) an attack tool used to verify any glitches found and automatically craft the corresponding exploit. We present results after testing the fuzzer against an assortment of off-the-shelf APs by different renowned vendors. Adhering to a coordinated disclosure process, we have reported the discovered issues to the affected vendors, already receiving positive feedback from some of them.",,,,Basel: MDPI AG,,,,,,,Englisch,,"COPYRIGHT 2022 MDPI AG 2022 by the authors. Licensee MDPI, Basel, Switzerland. This article is an open access article distributed under the terms and conditions of the Creative Commons Attribution (CC BY) license (https://creativecommons.org/licenses/by/4.0/). Notwithstanding the ProQuest Terms and Conditions, you may use this content in accordance with the terms of the License.",Communication    Computer security    Denial of service attacks    Methodology    Methods    Seeds    Software    Wireless communication systems,,,"Cryptography, 2022-12, Vol.6 (4), p.53",,,,,ISSN: 2410-387X EISSN: 2410-387X DOI: 10.3390/cryptography6040053,,ROAD,https://fu-berlin.primo.exlibrisgroup.com/permalink/49KOBV_FUB/dm8bhl/cdi_doaj_primary_oai_doaj_org_article_8eecfa50e8f84fbcb5e62eb33397ff32
WPAxFuzz: Sniffing Out Vulnerabilities in Wi-Fi Implementations,,,"Kampourakis, Vyron   Chatzoglou, Efstratios   Kambourakis, Georgios   Dolmes, Apostolos   Zaroliagis, Christos",,,,,,,"This work attempts to provide a way of scrutinizing the security robustness of Wi-Fi implementations in an automated fashion. To this end, to our knowledge, we contribute the first full-featured and extensible Wi-Fi fuzzer. At the time of writing, the tool, made publicly available as open source, covers the IEEE 802.11 management and control frame types and provides a separate module for the pair of messages of the Simultaneous Authentication of Equals (SAE) authentication and key exchange method. It can be primarily used to detect vulnerabilities potentially existing in wireless Access Points (AP) under the newest Wi-Fi Protected Access 3 (WPA3) certification, but its functionalities can also be exploited against WPA2-compatible APs. Moreover, the fuzzer incorporates: (a) a dual-mode network monitoring module that monitors, in real time, the behavior of the connected AP stations and logs possible service or connection disruptions and (b) an attack tool used to verify any glitches found and automatically craft the corresponding exploit. We present results after testing the fuzzer against an assortment of off-the-shelf APs by different renowned vendors. Adhering to a coordinated disclosure process, we have reported the discovered issues to the affected vendors, already receiving positive feedback from some of them.",,,,Basel: MDPI AG,,,,,,,Englisch,,"COPYRIGHT 2022 MDPI AG 2022 by the authors. Licensee MDPI, Basel, Switzerland. This article is an open access article distributed under the terms and conditions of the Creative Commons Attribution (CC BY) license (https://creativecommons.org/licenses/by/4.0/). Notwithstanding the ProQuest Terms and Conditions, you may use this content in accordance with the terms of the License.",Communication    Computer security    Denial of service attacks    Methodology    Methods    Seeds    Software    Wireless communication systems,,,"Cryptography, 2022-12, Vol.6 (4), p.53",,,,,ISSN: 2410-387X EISSN: 2410-387X DOI: 10.3390/cryptography6040053,,Unpaywall,https://fu-berlin.primo.exlibrisgroup.com/permalink/49KOBV_FUB/dm8bhl/cdi_doaj_primary_oai_doaj_org_article_8eecfa50e8f84fbcb5e62eb33397ff32
Network Security Analysis on The Internet Facility (Wifi) UIN Syarif Hidayatullah Jakarta Against Packet Sniffing Attacks,,,"Anwar, A. Nurul",,,,,,,"In an increasingly digital era, network security has become very important to protect sensitive data from cyber attacks. One common attack is a packet sniffing attack, where hackers can capture and snoop on data packets sent over a WiFi network. This research aims to analyze the level of network security in internet facilities (WiFi) at UIN Syarif Hidayatullah Jakarta against packet sniffing attacks. The methods used include surveys, observations and technical analysis of existing network infrastructure. The research results show that although UIN Syarif Hidayatullah Jakarta has implemented several network security measures, there are still gaps that can be exploited by packet sniffing attacks. Factors such as the use of vulnerable network protocols and lack of use of data encryption are the main causes of network vulnerability to these attacks. Recommendations include the implementation of additional security measures such as the use of more secure protocols, implementation of strong data encryption, as well as user training and awareness to minimize the risk of packet sniffing attacks. In this way, it is hoped that internet facilities (WiFi) at UIN Syarif Hidayatullah Jakarta can be safer and protected from potentially detrimental cyber attacks.",,,,,,,,,,,Englisch,,,,,,"MALCOM Indonesian Journal of Machine Learning and Computer Science, 2024-05, Vol.4 (3), p.771-776",,,,,ISSN: 2797-2313 ISSN: 2775-8575 EISSN: 2775-8575 DOI: 10.57152/malcom.v4i3.1307,,ROAD,https://fu-berlin.primo.exlibrisgroup.com/permalink/49KOBV_FUB/dm8bhl/cdi_unpaywall_primary_10_57152_malcom_v4i3_1307
Network Security Analysis on The Internet Facility (Wifi) UIN Syarif Hidayatullah Jakarta Against Packet Sniffing Attacks,,,"Anwar, A. Nurul",,,,,,,"In an increasingly digital era, network security has become very important to protect sensitive data from cyber attacks. One common attack is a packet sniffing attack, where hackers can capture and snoop on data packets sent over a WiFi network. This research aims to analyze the level of network security in internet facilities (WiFi) at UIN Syarif Hidayatullah Jakarta against packet sniffing attacks. The methods used include surveys, observations and technical analysis of existing network infrastructure. The research results show that although UIN Syarif Hidayatullah Jakarta has implemented several network security measures, there are still gaps that can be exploited by packet sniffing attacks. Factors such as the use of vulnerable network protocols and lack of use of data encryption are the main causes of network vulnerability to these attacks. Recommendations include the implementation of additional security measures such as the use of more secure protocols, implementation of strong data encryption, as well as user training and awareness to minimize the risk of packet sniffing attacks. In this way, it is hoped that internet facilities (WiFi) at UIN Syarif Hidayatullah Jakarta can be safer and protected from potentially detrimental cyber attacks.",,,,,,,,,,,Englisch,,,,,,"MALCOM Indonesian Journal of Machine Learning and Computer Science, 2024-05, Vol.4 (3), p.771-776",,,,,ISSN: 2797-2313 ISSN: 2775-8575 EISSN: 2775-8575 DOI: 10.57152/malcom.v4i3.1307,,Unpaywall,https://fu-berlin.primo.exlibrisgroup.com/permalink/49KOBV_FUB/dm8bhl/cdi_unpaywall_primary_10_57152_malcom_v4i3_1307
Enhancing Sniffing Detection in IoT Home Wi-Fi Networks: An Ensemble Learning Approach With Network Monitoring System (NMS),,,"Jung Jin, Hyo   Rahimi Ghashghaei, Farshad   Elmrabit, Nebrase   Ahmed, Yussuf   Yousefi, Mehdi",,,,,,,"Network packet sniffing is one of the techniques that is widely used in the network and cyber security fields. However, sniffing can also be used as a malicious technique that allows threat actors to intercept and capture data flow to collect various information within the victim network. Where the wireless network environment can be vulnerable to sniffing vulnerabilities attacks due to the broadcasting function of Wi-Fi network. Wi-Fi access point devices can often be compromised, and critical information is leaked through sniffing attacks. Moreover, since sniffing is usually one of passive attacks, it is very challenging to detect sniffing activity in the network completely. The primary aim of this research is to contribute to enhancing the security of Internet of Things (IoT) home Wi-Fi systems. This is achieved by applying ensemble machine learning technology with sniffing detection methods using a Network Monitoring System (NMS) to effectively identify and mitigate potential sniffing behaviour within the IoT home Wi-Fi environment. Ultimately, this research will prove whether it is possible to precisely detect abnormal sniffing in a smart home Wi-Fi environment using machine learning techniques.",,,,PISCATAWAY: IEEE,,,,,,,Englisch,,"Copyright The Institute of Electrical and Electronics Engineers, Inc. (IEEE) 2024",Computer science    Computer security    Engineering    Home automation    IEEE 802.11 (Standard)    Internet of things    Machine learning    Monitoring    Social Factors    Technology    Telecommunication,,,"IEEE access, 2024, Vol.12, p.86840-86853",,,,,ISSN: 2169-3536 EISSN: 2169-3536 DOI: 10.1109/ACCESS.2024.3416095 CODEN: IAECCG,,DOAJ,https://fu-berlin.primo.exlibrisgroup.com/permalink/49KOBV_FUB/dm8bhl/cdi_proquest_journals_3072327782
Enhancing Sniffing Detection in IoT Home Wi-Fi Networks: An Ensemble Learning Approach With Network Monitoring System (NMS),,,"Jung Jin, Hyo   Rahimi Ghashghaei, Farshad   Elmrabit, Nebrase   Ahmed, Yussuf   Yousefi, Mehdi",,,,,,,"Network packet sniffing is one of the techniques that is widely used in the network and cyber security fields. However, sniffing can also be used as a malicious technique that allows threat actors to intercept and capture data flow to collect various information within the victim network. Where the wireless network environment can be vulnerable to sniffing vulnerabilities attacks due to the broadcasting function of Wi-Fi network. Wi-Fi access point devices can often be compromised, and critical information is leaked through sniffing attacks. Moreover, since sniffing is usually one of passive attacks, it is very challenging to detect sniffing activity in the network completely. The primary aim of this research is to contribute to enhancing the security of Internet of Things (IoT) home Wi-Fi systems. This is achieved by applying ensemble machine learning technology with sniffing detection methods using a Network Monitoring System (NMS) to effectively identify and mitigate potential sniffing behaviour within the IoT home Wi-Fi environment. Ultimately, this research will prove whether it is possible to precisely detect abnormal sniffing in a smart home Wi-Fi environment using machine learning techniques.",,,,PISCATAWAY: IEEE,,,,,,,Englisch,,"Copyright The Institute of Electrical and Electronics Engineers, Inc. (IEEE) 2024",Computer science    Computer security    Engineering    Home automation    IEEE 802.11 (Standard)    Internet of things    Machine learning    Monitoring    Social Factors    Technology    Telecommunication,,,"IEEE access, 2024, Vol.12, p.86840-86853",,,,,ISSN: 2169-3536 EISSN: 2169-3536 DOI: 10.1109/ACCESS.2024.3416095 CODEN: IAECCG,,EZB,https://fu-berlin.primo.exlibrisgroup.com/permalink/49KOBV_FUB/dm8bhl/cdi_proquest_journals_3072327782
Enhancing Sniffing Detection in IoT Home Wi-Fi Networks: An Ensemble Learning Approach With Network Monitoring System (NMS),,,"Jung Jin, Hyo   Rahimi Ghashghaei, Farshad   Elmrabit, Nebrase   Ahmed, Yussuf   Yousefi, Mehdi",,,,,,,"Network packet sniffing is one of the techniques that is widely used in the network and cyber security fields. However, sniffing can also be used as a malicious technique that allows threat actors to intercept and capture data flow to collect various information within the victim network. Where the wireless network environment can be vulnerable to sniffing vulnerabilities attacks due to the broadcasting function of Wi-Fi network. Wi-Fi access point devices can often be compromised, and critical information is leaked through sniffing attacks. Moreover, since sniffing is usually one of passive attacks, it is very challenging to detect sniffing activity in the network completely. The primary aim of this research is to contribute to enhancing the security of Internet of Things (IoT) home Wi-Fi systems. This is achieved by applying ensemble machine learning technology with sniffing detection methods using a Network Monitoring System (NMS) to effectively identify and mitigate potential sniffing behaviour within the IoT home Wi-Fi environment. Ultimately, this research will prove whether it is possible to precisely detect abnormal sniffing in a smart home Wi-Fi environment using machine learning techniques.",,,,PISCATAWAY: IEEE,,,,,,,Englisch,,"Copyright The Institute of Electrical and Electronics Engineers, Inc. (IEEE) 2024",Computer science    Computer security    Engineering    Home automation    IEEE 802.11 (Standard)    Internet of things    Machine learning    Monitoring    Social Factors    Technology    Telecommunication,,,"IEEE access, 2024, Vol.12, p.86840-86853",,,,,ISSN: 2169-3536 EISSN: 2169-3536 DOI: 10.1109/ACCESS.2024.3416095 CODEN: IAECCG,,ROAD,https://fu-berlin.primo.exlibrisgroup.com/permalink/49KOBV_FUB/dm8bhl/cdi_proquest_journals_3072327782
Enhancing Sniffing Detection in IoT Home Wi-Fi Networks: An Ensemble Learning Approach With Network Monitoring System (NMS),,,"Jung Jin, Hyo   Rahimi Ghashghaei, Farshad   Elmrabit, Nebrase   Ahmed, Yussuf   Yousefi, Mehdi",,,,,,,"Network packet sniffing is one of the techniques that is widely used in the network and cyber security fields. However, sniffing can also be used as a malicious technique that allows threat actors to intercept and capture data flow to collect various information within the victim network. Where the wireless network environment can be vulnerable to sniffing vulnerabilities attacks due to the broadcasting function of Wi-Fi network. Wi-Fi access point devices can often be compromised, and critical information is leaked through sniffing attacks. Moreover, since sniffing is usually one of passive attacks, it is very challenging to detect sniffing activity in the network completely. The primary aim of this research is to contribute to enhancing the security of Internet of Things (IoT) home Wi-Fi systems. This is achieved by applying ensemble machine learning technology with sniffing detection methods using a Network Monitoring System (NMS) to effectively identify and mitigate potential sniffing behaviour within the IoT home Wi-Fi environment. Ultimately, this research will prove whether it is possible to precisely detect abnormal sniffing in a smart home Wi-Fi environment using machine learning techniques.",,,,PISCATAWAY: IEEE,,,,,,,Englisch,,"Copyright The Institute of Electrical and Electronics Engineers, Inc. (IEEE) 2024",Computer science    Computer security    Engineering    Home automation    IEEE 802.11 (Standard)    Internet of things    Machine learning    Monitoring    Social Factors    Technology    Telecommunication,,,"IEEE access, 2024, Vol.12, p.86840-86853",,,,,ISSN: 2169-3536 EISSN: 2169-3536 DOI: 10.1109/ACCESS.2024.3416095 CODEN: IAECCG,,Unpaywall,https://fu-berlin.primo.exlibrisgroup.com/permalink/49KOBV_FUB/dm8bhl/cdi_proquest_journals_3072327782
Enhancing Sniffing Detection in IoT Home Wi-Fi Networks: An Ensemble Learning Approach With Network Monitoring System (NMS),,,"Jung Jin, Hyo   Rahimi Ghashghaei, Farshad   Elmrabit, Nebrase   Ahmed, Yussuf   Yousefi, Mehdi",,,,,,,"Network packet sniffing is one of the techniques that is widely used in the network and cyber security fields. However, sniffing can also be used as a malicious technique that allows threat actors to intercept and capture data flow to collect various information within the victim network. Where the wireless network environment can be vulnerable to sniffing vulnerabilities attacks due to the broadcasting function of Wi-Fi network. Wi-Fi access point devices can often be compromised, and critical information is leaked through sniffing attacks. Moreover, since sniffing is usually one of passive attacks, it is very challenging to detect sniffing activity in the network completely. The primary aim of this research is to contribute to enhancing the security of Internet of Things (IoT) home Wi-Fi systems. This is achieved by applying ensemble machine learning technology with sniffing detection methods using a Network Monitoring System (NMS) to effectively identify and mitigate potential sniffing behaviour within the IoT home Wi-Fi environment. Ultimately, this research will prove whether it is possible to precisely detect abnormal sniffing in a smart home Wi-Fi environment using machine learning techniques.",,,,PISCATAWAY: IEEE,,,,,,,Englisch,,"Copyright The Institute of Electrical and Electronics Engineers, Inc. (IEEE) 2024",Computer science    Computer security    Engineering    Home automation    IEEE 802.11 (Standard)    Internet of things    Machine learning    Monitoring    Social Factors    Technology    Telecommunication,,,"IEEE access, 2024, Vol.12, p.86840-86853",,,,,ISSN: 2169-3536 EISSN: 2169-3536 DOI: 10.1109/ACCESS.2024.3416095 CODEN: IAECCG,,Web of Science,https://fu-berlin.primo.exlibrisgroup.com/permalink/49KOBV_FUB/dm8bhl/cdi_proquest_journals_3072327782
Keamanan Jaringan Wi-Fi Terhadap Serangan Packet Sniffing Menggunakan Firewall Rule (Studi Kasus : Pt. Akurat.Co),,,,,,,,,,,,,,,,,,,,,Englisch,,,,,,Cyber Security dan Forensik Digital,,,,,ISSN: 2615-8442 DOI: 10.14421/csecurity.2023.6.2.4075,,Unpaywall,https://fu-berlin.primo.exlibrisgroup.com/permalink/49KOBV_FUB/dm8bhl/cdi_unpaywall_primary_10_14421_csecurity_2023_6_2_4075
Analisis Keamanan Jaringan Wi-Fi Terhadap Serangan Packet Sniffing di Universitas PGRI Sumatera Barat,,,,,,,,,,,,,,,,,,,,,Englisch,,,,,,JURTEII Jurnal Teknologi Informasi,,,,,ISSN: 2829-4343 DOI: 10.22202/jurteii.2022.5707,,Unpaywall,https://fu-berlin.primo.exlibrisgroup.com/permalink/49KOBV_FUB/dm8bhl/cdi_unpaywall_primary_10_22202_jurteii_2022_5707
MAC address de-randomization for WiFi device counting: Combining temporal- and content-based fingerprints,,,"Uras, Marco   Ferrara, Enrico   Cossu, Raimondo   Liotta, Antonio   Atzori, Luigi",,,,,,,"To preserve people privacy and prevent device (and people) tracking, WiFi MAC address randomization is been introduced by an ever increasing number of operating systems. Accordingly, mobile devices make use of different virtual addresses over time so that not a single fixed factory address is used that may identify a specific user. This has the consequence that it is not even possible to extract anonymous information on people mobility by analyzing WiFi traffic traces, which would be useful for many purposes (e.g., counting the number of people in a mass transport vehicle).
To address this issue, in this paper we propose a novel MAC address de-randomization algorithm which groups specific messages (i.e., the Probe Requests) generated by the same physical device. With respect to past works, we consider a combination of the features that have been previously considered in isolation, which are associated to the content and length of the optional fields conveyed in the sent frames and the rate at which the frames are numbered over time. These features are then used by density-based clustering algorithms (i.e., DBSCAN, OPTICS, HDBSCAN) to group frames sent by the same device. Additionally, we consider the presence of pseudo-random MAC addresses, which are those that do not change every frame but only when the emitting device switches on and off the WiFi interface. To this, we have developed an heuristic to detect these sequences of frames so as to improve the algorithm efficacy. Experiments have been initially performed in a controlled environment where we reached an accuracy close to 96%. Then, experiments in a real scenario have been conducted where the people taking the bus when moving in an urban area have been counted; in such a scenario an average accuracy of 75% has been obtained.",,,,AMSTERDAM: Elsevier B.V,,,,,,,Englisch,,"2022 Elsevier B.V. Copyright Elsevier Sequoia S.A. Dec 9, 2022","Algorithms    Cell phones    Cities and towns    Cluster analysis    Computer science    Counting    Electronic apparatus and appliances    Engineering    Experiments    Heuristic    Metropolitan areas    Migration, Internal    Privacy    Random Allocation    Technology    Telecommunication    Wireless communication systems",,,"Computer networks (Amsterdam, Netherlands : 1999), 2022-12, Vol.218, p.109393, Article 109393",,,,,ISSN: 1389-1286 ISSN: 1872-7069 EISSN: 1872-7069 DOI: 10.1016/j.comnet.2022.109393,,Unpaywall,https://fu-berlin.primo.exlibrisgroup.com/permalink/49KOBV_FUB/dm8bhl/cdi_elsevier_sciencedirect_doi_10_1016_j_comnet_2022_109393
MAC address de-randomization for WiFi device counting: Combining temporal- and content-based fingerprints,,,"Uras, Marco   Ferrara, Enrico   Cossu, Raimondo   Liotta, Antonio   Atzori, Luigi",,,,,,,"To preserve people privacy and prevent device (and people) tracking, WiFi MAC address randomization is been introduced by an ever increasing number of operating systems. Accordingly, mobile devices make use of different virtual addresses over time so that not a single fixed factory address is used that may identify a specific user. This has the consequence that it is not even possible to extract anonymous information on people mobility by analyzing WiFi traffic traces, which would be useful for many purposes (e.g., counting the number of people in a mass transport vehicle).
To address this issue, in this paper we propose a novel MAC address de-randomization algorithm which groups specific messages (i.e., the Probe Requests) generated by the same physical device. With respect to past works, we consider a combination of the features that have been previously considered in isolation, which are associated to the content and length of the optional fields conveyed in the sent frames and the rate at which the frames are numbered over time. These features are then used by density-based clustering algorithms (i.e., DBSCAN, OPTICS, HDBSCAN) to group frames sent by the same device. Additionally, we consider the presence of pseudo-random MAC addresses, which are those that do not change every frame but only when the emitting device switches on and off the WiFi interface. To this, we have developed an heuristic to detect these sequences of frames so as to improve the algorithm efficacy. Experiments have been initially performed in a controlled environment where we reached an accuracy close to 96%. Then, experiments in a real scenario have been conducted where the people taking the bus when moving in an urban area have been counted; in such a scenario an average accuracy of 75% has been obtained.",,,,AMSTERDAM: Elsevier B.V,,,,,,,Englisch,,"2022 Elsevier B.V. Copyright Elsevier Sequoia S.A. Dec 9, 2022","Algorithms    Cell phones    Cities and towns    Cluster analysis    Computer science    Counting    Electronic apparatus and appliances    Engineering    Experiments    Heuristic    Metropolitan areas    Migration, Internal    Privacy    Random Allocation    Technology    Telecommunication    Wireless communication systems",,,"Computer networks (Amsterdam, Netherlands : 1999), 2022-12, Vol.218, p.109393, Article 109393",,,,,ISSN: 1389-1286 ISSN: 1872-7069 EISSN: 1872-7069 DOI: 10.1016/j.comnet.2022.109393,,Web of Science,https://fu-berlin.primo.exlibrisgroup.com/permalink/49KOBV_FUB/dm8bhl/cdi_elsevier_sciencedirect_doi_10_1016_j_comnet_2022_109393
DESAIN DAN IMPLEMENTASI PADA WIFI PUSTIKOM FREE ACCESS DI PUSAT TEKNOLOGI INFORMASI DAN KOMUNIKASI UNIVERSITAS NEGERI JAKARTA MENGGUNAKAN MIKROTIK DAN WIRESHARK UNTUK ANALISIS TERHADAP SERANGAN PACKET SNIFFING DAN NETCUT,,,Reivaldi Kesuma Kagi   Muchammad Ficky Duskarnaen   Hamidillah Ajie,,,,,,,"Di lingkungan UPT TIK kampus A universitas negeri jakarta hotspot internet tanpa password dibutuhkan untuk mencari materi perkuliahan, mengirim email, dan mengakses layanan kampus seperti sistem informasi akademik. UPT TIK menyediakan fasilitas internet yang bisa diakses pelajar, pengajar dan karyawan melalui Pustikom Free Access. Pengguna dapat mengakses hotspot kapan saja tanpa harus login atau butuh password. Namun koneksi antara pengguna bisa saja diganggu oleh pengguna netcut yang dapat memutuskan jaringan kapan saja. Oleh sebab itu, dibutuhkan network analyzer. Metode yang dipakai untuk membuat desain dan implementasi pustikom free access yaitu rekayasa teknik. Proses untuk membuat pustikom free access dimulai dari menginstal sistem operasi windows yang berfungsi untuk menjalankan aplikasi yang dibutuhkan oleh peneliti, menginstal aplikasi winbox, wireshark (network analyzer), dan ujicoba menggunakan jaringan lokal sebelum diterapkan di jaringan pustikom free access. Proses pengujian perangkat menggunakan metode blackbox testing dari sisi perangkat keras dan perangkat lunak. Hasil dari pengujian menunjukkan bahwa desain pustikom free access dapat berjalan dengan baik dan dapat dijadikan referensi untuk diterapan pada hotspot pustikom free access.",,,,,,,,,,,Englisch,,,,,,"Pinter, 2020-12, Vol.4 (2), p.37-40",,,,,ISSN: 2597-4475 EISSN: 2597-4475 DOI: 10.21009/pinter.4.2.7,,DOAJ,https://fu-berlin.primo.exlibrisgroup.com/permalink/49KOBV_FUB/dm8bhl/cdi_unpaywall_primary_10_21009_pinter_4_2_7
DESAIN DAN IMPLEMENTASI PADA WIFI PUSTIKOM FREE ACCESS DI PUSAT TEKNOLOGI INFORMASI DAN KOMUNIKASI UNIVERSITAS NEGERI JAKARTA MENGGUNAKAN MIKROTIK DAN WIRESHARK UNTUK ANALISIS TERHADAP SERANGAN PACKET SNIFFING DAN NETCUT,,,Reivaldi Kesuma Kagi   Muchammad Ficky Duskarnaen   Hamidillah Ajie,,,,,,,"Di lingkungan UPT TIK kampus A universitas negeri jakarta hotspot internet tanpa password dibutuhkan untuk mencari materi perkuliahan, mengirim email, dan mengakses layanan kampus seperti sistem informasi akademik. UPT TIK menyediakan fasilitas internet yang bisa diakses pelajar, pengajar dan karyawan melalui Pustikom Free Access. Pengguna dapat mengakses hotspot kapan saja tanpa harus login atau butuh password. Namun koneksi antara pengguna bisa saja diganggu oleh pengguna netcut yang dapat memutuskan jaringan kapan saja. Oleh sebab itu, dibutuhkan network analyzer. Metode yang dipakai untuk membuat desain dan implementasi pustikom free access yaitu rekayasa teknik. Proses untuk membuat pustikom free access dimulai dari menginstal sistem operasi windows yang berfungsi untuk menjalankan aplikasi yang dibutuhkan oleh peneliti, menginstal aplikasi winbox, wireshark (network analyzer), dan ujicoba menggunakan jaringan lokal sebelum diterapkan di jaringan pustikom free access. Proses pengujian perangkat menggunakan metode blackbox testing dari sisi perangkat keras dan perangkat lunak. Hasil dari pengujian menunjukkan bahwa desain pustikom free access dapat berjalan dengan baik dan dapat dijadikan referensi untuk diterapan pada hotspot pustikom free access.",,,,,,,,,,,Englisch,,,,,,"Pinter, 2020-12, Vol.4 (2), p.37-40",,,,,ISSN: 2597-4475 EISSN: 2597-4475 DOI: 10.21009/pinter.4.2.7,,Unpaywall,https://fu-berlin.primo.exlibrisgroup.com/permalink/49KOBV_FUB/dm8bhl/cdi_unpaywall_primary_10_21009_pinter_4_2_7
WMLinks: Wearable Smart Devices and Mobile Phones Linking through Bluetooth Low Energy (BLE) and WiFi Signals,,,"Guo, Naixuan   Chen, Zhaofeng   Xu, Heyang   Liu, Yu   Zhao, Zhechun   Xu, Sen",,,,,,,"Wearable smart devices have gradually become indispensable devices in people’s lives. Their security and privacy have gained increasing popularity among the public due to their ability to monitor and record various aspects of users’ daily activities and health data. These devices maintain a wireless connection with mobile phones through periodic signal transmissions, which can be intercepted and analyzed by external observers. While these signal packets contain valuable information about the device owner, the identity of the actual user remains unknown. In this study, we propose two approaches to link wearable smart devices with users’ mobile phones, which serve as electronic identities, to enable novel applications such as multi-device authentication and user-device graph construction for targeted advertising. To establish this linkage, we propose two approaches: a passive-sniffing-based linking approach and an active-interference-based linking approach, which solve the problem of sniffing Bluetooth Low Energy broadcast packets in two stages of Bluetooth Low Energy communication. Through experiments conducted across three scenarios, we demonstrate that seven wearable devices can be successfully linked with an accuracy rate exceeding 80%, with accuracy rates approaching 100% when a device is recorded more than 11 times. Additionally, we find that four wearable devices can be linked via an active-interference-based linking approach with an accuracy rate exceeding 70%. Our results highlight the potential of wearable devices and mobile phones as a means of establishing user identities and enabling the development of more sophisticated applications in the field of wearable technology.",,,,BASEL: Mdpi,,,,,,,Englisch,,"COPYRIGHT 2024 MDPI AG 2024 by the authors. Licensee MDPI, Basel, Switzerland. This article is an open access article distributed under the terms and conditions of the Creative Commons Attribution (CC BY) license (https://creativecommons.org/licenses/by/4.0/). Notwithstanding the ProQuest Terms and Conditions, you may use this content in accordance with the terms of the License.",Bluetooth technology    Cell phones    Communication    Computer science    Electronic apparatus and appliances    Engineering    Experiments    Law enforcement    Physical sciences    Physics    Privacy    Smartwatches    Software    Technology    Wearable computers    Wearable technology,,,"Electronics (Basel), 2024-08, Vol.13 (16), p.3268, Article 3268",,,,,ISSN: 2079-9292 EISSN: 2079-9292 DOI: 10.3390/electronics13163268,,Unpaywall,https://fu-berlin.primo.exlibrisgroup.com/permalink/49KOBV_FUB/dm8bhl/cdi_proquest_journals_3097929303
WMLinks: Wearable Smart Devices and Mobile Phones Linking through Bluetooth Low Energy (BLE) and WiFi Signals,,,"Guo, Naixuan   Chen, Zhaofeng   Xu, Heyang   Liu, Yu   Zhao, Zhechun   Xu, Sen",,,,,,,"Wearable smart devices have gradually become indispensable devices in people’s lives. Their security and privacy have gained increasing popularity among the public due to their ability to monitor and record various aspects of users’ daily activities and health data. These devices maintain a wireless connection with mobile phones through periodic signal transmissions, which can be intercepted and analyzed by external observers. While these signal packets contain valuable information about the device owner, the identity of the actual user remains unknown. In this study, we propose two approaches to link wearable smart devices with users’ mobile phones, which serve as electronic identities, to enable novel applications such as multi-device authentication and user-device graph construction for targeted advertising. To establish this linkage, we propose two approaches: a passive-sniffing-based linking approach and an active-interference-based linking approach, which solve the problem of sniffing Bluetooth Low Energy broadcast packets in two stages of Bluetooth Low Energy communication. Through experiments conducted across three scenarios, we demonstrate that seven wearable devices can be successfully linked with an accuracy rate exceeding 80%, with accuracy rates approaching 100% when a device is recorded more than 11 times. Additionally, we find that four wearable devices can be linked via an active-interference-based linking approach with an accuracy rate exceeding 70%. Our results highlight the potential of wearable devices and mobile phones as a means of establishing user identities and enabling the development of more sophisticated applications in the field of wearable technology.",,,,BASEL: Mdpi,,,,,,,Englisch,,"COPYRIGHT 2024 MDPI AG 2024 by the authors. Licensee MDPI, Basel, Switzerland. This article is an open access article distributed under the terms and conditions of the Creative Commons Attribution (CC BY) license (https://creativecommons.org/licenses/by/4.0/). Notwithstanding the ProQuest Terms and Conditions, you may use this content in accordance with the terms of the License.",Bluetooth technology    Cell phones    Communication    Computer science    Electronic apparatus and appliances    Engineering    Experiments    Law enforcement    Physical sciences    Physics    Privacy    Smartwatches    Software    Technology    Wearable computers    Wearable technology,,,"Electronics (Basel), 2024-08, Vol.13 (16), p.3268, Article 3268",,,,,ISSN: 2079-9292 EISSN: 2079-9292 DOI: 10.3390/electronics13163268,,Web of Science,https://fu-berlin.primo.exlibrisgroup.com/permalink/49KOBV_FUB/dm8bhl/cdi_proquest_journals_3097929303
An Innovative and Cost-Effective Traffic Information Collection Scheme Using the Wireless Sniffing Technique,,,"Lee, Wei-Hsun   Liang, Teng-Jyun   Wang, Hsuan-Chih",,,,,,,"In recent years, the wireless sniffing technique (WST) has become an emerging technique for collecting real-time traffic information. The spatiotemporal variations in wireless signal collection from vehicles provide various types of traffic information, such as travel time, speed, traveling path, and vehicle turning proportion at an intersection, which can be widely used for traffic management applications. However, three problems challenge the applicability of the WST to traffic information collection: the transportation mode classification problem (TMP), lane identification problem (LIP), and multiple devices problem (MDP). In this paper, a WST-based intelligent traffic beacon (ITB) with machine learning methods, including SVM, KNN, and AP, is designed to solve these problems. Several field experiments are conducted to validate the proposed system: three sensor topologies (X-type, rectangle-type, and diamond-type topologies) with two wireless sniffing schemes (Bluetooth and Wi-Fi). Experiment results show that X-type has the best performance among all topologies. For sniffing schemes, Bluetooth outperforms Wi-Fi. With the proposed ITB solution, traffic information can be collected in a more cost-effective way.",,,,Basel: MDPI AG,,,,,,,Englisch,,"2022 by the authors. Licensee MDPI, Basel, Switzerland. This article is an open access article distributed under the terms and conditions of the Creative Commons Attribution (CC BY) license (https://creativecommons.org/licenses/by/4.0/). Notwithstanding the ProQuest Terms and Conditions, you may use this content in accordance with the terms of the License.",Access control    Big data    Cell phones    Communication    Data Collection    Diamonds    Experiments    Machine learning    Smartphones    Support vector machines    Topology    Traffic flow    Vehicles,,,"Vehicles, 2022-09, Vol.4 (4), p.996-1011",,,,,ISSN: 2624-8921 EISSN: 2624-8921 DOI: 10.3390/vehicles4040054,,Unpaywall,https://fu-berlin.primo.exlibrisgroup.com/permalink/49KOBV_FUB/dm8bhl/cdi_crossref_citationtrail_10_3390_vehicles4040054
Analisis Keamanan Jaringan Modem Zte Terhadap Serangan Packet Sniffing Menggunakan Metode Penetration Testing,,,,,,,,,,,,,,,,,,,,,Englisch,,,,,,Digital Transformation Technology,,,,,ISSN: 2807-9000 DOI: 10.47709/digitech.v5i1.5552,,Unpaywall,https://fu-berlin.primo.exlibrisgroup.com/permalink/49KOBV_FUB/dm8bhl/cdi_unpaywall_primary_10_47709_digitech_v5i1_5552
Dual-Interface WiFi Packet Sniffer System using ESP32-CAM with Real-Time PCAP Generation for IoT Network Analysis,,,"Setiawan, Boy   Maulani, Maghfiroh   Putra, Zico Pratama   Brennaf, Muhammad Senoyodha",,,,,,,"This study focuses on designing and implementing a cost-effective and energy-efficient WiFi packet sniffer system using the ESP32. The ESP32-CAM module, which combines WiFi, Bluetooth, and microSD support, is used to capture IEEE 802.11 frames in real-time via promiscuous mode. Packets are stored in packet capture format, which is compatible with tools such as Wireshark and Scapy. Developed using the official ESP-IDF, it offers low-level control and high performance. Two user interfaces were implemented: a UART-based text menu and a web-based HTTPS menu hosted on the ESP32 itself. Functional and performance evaluations were conducted with a focus on capturing broadcast and management frames without payload decryption. The system achieves 99.99% packet capture accuracy at 500,000 packets with a total hardware cost of $25 and power consumption of 2.1 W during active capture, representing a 95% cost reduction and 80% power savings compared to commercial alternatives. The download and file-listing speeds through the web-based menu were also evaluated, revealing that the system performs optimally with fewer files but experiences interruptions during large-scale operations. The proposed system provides a lightweight, standalone, and highly portable alternative to conventional packet sniffing tools despite the limitations in encryption handling and resource constraints. This makes it suitable for educational, diagnostic, and preliminary network analysis, particularly in low-power scenarios.",,,,,,,,,,,Englisch,,,,,,"Makara Journal of Technology (online), 2025-12, Vol.29 (3)",,,,,ISSN: 2355-2786 ISSN: 2356-4539 EISSN: 2356-4539 DOI: 10.7454/mst.v29i3.1734,,EZB,https://fu-berlin.primo.exlibrisgroup.com/permalink/49KOBV_FUB/dm8bhl/cdi_unpaywall_primary_10_7454_mst_v29i3_1734
Dual-Interface WiFi Packet Sniffer System using ESP32-CAM with Real-Time PCAP Generation for IoT Network Analysis,,,"Setiawan, Boy   Maulani, Maghfiroh   Putra, Zico Pratama   Brennaf, Muhammad Senoyodha",,,,,,,"This study focuses on designing and implementing a cost-effective and energy-efficient WiFi packet sniffer system using the ESP32. The ESP32-CAM module, which combines WiFi, Bluetooth, and microSD support, is used to capture IEEE 802.11 frames in real-time via promiscuous mode. Packets are stored in packet capture format, which is compatible with tools such as Wireshark and Scapy. Developed using the official ESP-IDF, it offers low-level control and high performance. Two user interfaces were implemented: a UART-based text menu and a web-based HTTPS menu hosted on the ESP32 itself. Functional and performance evaluations were conducted with a focus on capturing broadcast and management frames without payload decryption. The system achieves 99.99% packet capture accuracy at 500,000 packets with a total hardware cost of $25 and power consumption of 2.1 W during active capture, representing a 95% cost reduction and 80% power savings compared to commercial alternatives. The download and file-listing speeds through the web-based menu were also evaluated, revealing that the system performs optimally with fewer files but experiences interruptions during large-scale operations. The proposed system provides a lightweight, standalone, and highly portable alternative to conventional packet sniffing tools despite the limitations in encryption handling and resource constraints. This makes it suitable for educational, diagnostic, and preliminary network analysis, particularly in low-power scenarios.",,,,,,,,,,,Englisch,,,,,,"Makara Journal of Technology (online), 2025-12, Vol.29 (3)",,,,,ISSN: 2355-2786 ISSN: 2356-4539 EISSN: 2356-4539 DOI: 10.7454/mst.v29i3.1734,,ROAD,https://fu-berlin.primo.exlibrisgroup.com/permalink/49KOBV_FUB/dm8bhl/cdi_unpaywall_primary_10_7454_mst_v29i3_1734
Dual-Interface WiFi Packet Sniffer System using ESP32-CAM with Real-Time PCAP Generation for IoT Network Analysis,,,"Setiawan, Boy   Maulani, Maghfiroh   Putra, Zico Pratama   Brennaf, Muhammad Senoyodha",,,,,,,"This study focuses on designing and implementing a cost-effective and energy-efficient WiFi packet sniffer system using the ESP32. The ESP32-CAM module, which combines WiFi, Bluetooth, and microSD support, is used to capture IEEE 802.11 frames in real-time via promiscuous mode. Packets are stored in packet capture format, which is compatible with tools such as Wireshark and Scapy. Developed using the official ESP-IDF, it offers low-level control and high performance. Two user interfaces were implemented: a UART-based text menu and a web-based HTTPS menu hosted on the ESP32 itself. Functional and performance evaluations were conducted with a focus on capturing broadcast and management frames without payload decryption. The system achieves 99.99% packet capture accuracy at 500,000 packets with a total hardware cost of $25 and power consumption of 2.1 W during active capture, representing a 95% cost reduction and 80% power savings compared to commercial alternatives. The download and file-listing speeds through the web-based menu were also evaluated, revealing that the system performs optimally with fewer files but experiences interruptions during large-scale operations. The proposed system provides a lightweight, standalone, and highly portable alternative to conventional packet sniffing tools despite the limitations in encryption handling and resource constraints. This makes it suitable for educational, diagnostic, and preliminary network analysis, particularly in low-power scenarios.",,,,,,,,,,,Englisch,,,,,,"Makara Journal of Technology (online), 2025-12, Vol.29 (3)",,,,,ISSN: 2355-2786 ISSN: 2356-4539 EISSN: 2356-4539 DOI: 10.7454/mst.v29i3.1734,,Unpaywall,https://fu-berlin.primo.exlibrisgroup.com/permalink/49KOBV_FUB/dm8bhl/cdi_unpaywall_primary_10_7454_mst_v29i3_1734
Implementasi Tools Aircrack-ng Untuk Menganalisis Keamanan Jaringan Wifi Menggunakan Kali linux,,,"Fadzri, Alief Achmad   Maslan, Andi",,,,,,,"Kemajuan teknologi informasi dan komunikasi telah mendorong peningkatan penggunaan jaringan nirkabel (Wifi) karena fleksibilitas dan efisiensinya. Wifi banyak digunakan di rumah, kantor, dan institusi publik. Namun, kemudahan ini juga membawa kerentanan tinggi terhadap ancaman keamanan seperti sniffing, spoofing, brute force, dan man-in-the-middle. Ancaman ini diperparah oleh konfigurasi jaringan yang lemah dan rendahnya kesadaran pengguna. Penelitian ini bertujuan mengimplementasikan tool Aircrack-ng untuk menganalisis keamanan Wifi serta mengevaluasi efektivitasnya dalam mengidentifikasi celah keamanan. Pengujian dilakukan melalui tahapan scanning, capturing, deauthentication, dan cracking menggunakan Kali linux. Penelitian diterapkan pada jaringan Wifi di lingkungan PT Evergrown technology. Hasil menunjukkan bahwa Aircrack-ng efektif dalam mengidentifikasi kelemahan, terutama pada jaringan dengan enkripsi lemah dan kata sandi yang mudah ditebak. Data handshake yang diperoleh melalui serangan deauthentication berhasil digunakan dalam proses cracking. Temuan ini membuktikan bahwa jaringan Wifi tetap rentan tanpa pengaturan keamanan yang memadai. Sebagai upaya mitigasi, disarankan penggunaan kata sandi kuat, menonaktifkan WPS, memperbarui firmware secara berkala, dan menerapkan Mac filtering. Aircrack-ng terbukti berguna dalam pengujian penetrasi dan sebagai acuan peningkatan keamanan jaringan nirkabel.  ",,,,,,,,,,,Englisch,,,,,,"Jurnal Ilmiah Binary STMIK Bina Nusantara Jaya Lubuklinggau, 2025-08, Vol.7 (2), p.86-96",,,,,ISSN: 2339-1138 ISSN: 2657-2117 EISSN: 2657-2117 DOI: 10.52303/jb.v7i2.169,,ROAD,https://fu-berlin.primo.exlibrisgroup.com/permalink/49KOBV_FUB/dm8bhl/cdi_crossref_primary_10_52303_jb_v7i2_169
Implementasi Tools Aircrack-ng Untuk Menganalisis Keamanan Jaringan Wifi Menggunakan Kali linux,,,"Fadzri, Alief Achmad   Maslan, Andi",,,,,,,"Kemajuan teknologi informasi dan komunikasi telah mendorong peningkatan penggunaan jaringan nirkabel (Wifi) karena fleksibilitas dan efisiensinya. Wifi banyak digunakan di rumah, kantor, dan institusi publik. Namun, kemudahan ini juga membawa kerentanan tinggi terhadap ancaman keamanan seperti sniffing, spoofing, brute force, dan man-in-the-middle. Ancaman ini diperparah oleh konfigurasi jaringan yang lemah dan rendahnya kesadaran pengguna. Penelitian ini bertujuan mengimplementasikan tool Aircrack-ng untuk menganalisis keamanan Wifi serta mengevaluasi efektivitasnya dalam mengidentifikasi celah keamanan. Pengujian dilakukan melalui tahapan scanning, capturing, deauthentication, dan cracking menggunakan Kali linux. Penelitian diterapkan pada jaringan Wifi di lingkungan PT Evergrown technology. Hasil menunjukkan bahwa Aircrack-ng efektif dalam mengidentifikasi kelemahan, terutama pada jaringan dengan enkripsi lemah dan kata sandi yang mudah ditebak. Data handshake yang diperoleh melalui serangan deauthentication berhasil digunakan dalam proses cracking. Temuan ini membuktikan bahwa jaringan Wifi tetap rentan tanpa pengaturan keamanan yang memadai. Sebagai upaya mitigasi, disarankan penggunaan kata sandi kuat, menonaktifkan WPS, memperbarui firmware secara berkala, dan menerapkan Mac filtering. Aircrack-ng terbukti berguna dalam pengujian penetrasi dan sebagai acuan peningkatan keamanan jaringan nirkabel.  ",,,,,,,,,,,Englisch,,,,,,"Jurnal Ilmiah Binary STMIK Bina Nusantara Jaya Lubuklinggau, 2025-08, Vol.7 (2), p.86-96",,,,,ISSN: 2339-1138 ISSN: 2657-2117 EISSN: 2657-2117 DOI: 10.52303/jb.v7i2.169,,Unpaywall,https://fu-berlin.primo.exlibrisgroup.com/permalink/49KOBV_FUB/dm8bhl/cdi_crossref_primary_10_52303_jb_v7i2_169
Real-time detection of Wi-Fi attacks using hybrid deep learning models on NodeMCU,,,"Moharam, Mohamed Hussien   Ashraf, Kareem   Alaa, Hussien   Ahmed, Mostafa   El-Hakim, Hesham A.",,,,,,,"This paper presents a real-time, lightweight system for detecting Wi-Fi deauthentication (DA) attacks that uses the NodeMCU ESP8266 microcontroller for live packet sniffing and feature extraction. Tailored for low-power IoT environments, the system combines the sequential learning capabilities of Long short-term memory (LSTM), Gate recurrent unit (GRU), and Recurrent neural network (RNN) with the interpretability of logistic regression (LR). These hybrid models analyze Wi-Fi traffic in real time to detect anomalous behavior based on key metrics such as Received Signal Strength indicator (RSSI), DA, packet count, and Signal noise ratio (SNR), which are also displayed live on an OLED screen. The proposed framework uniquely integrates hybrid temporal deep learning with interpretable classification through (LR) in an ultra-low-cost embedded data acquisition setup through NodeMCU, addressing a gap in existing intrusion detection research that often focuses on either cloud-based processing or non-interpretable model. The system was trained and validated on a dataset of over 5,600 labeled samples collected under varied network conditions. Among the evaluated models, GRU_LR achieved the highest accuracy (96%) and demonstrated superior performance in identifying minority-class threats. By combining explainable AI with cost-effective embedded sensing, this work delivers a practical and transparent intrusion detection approach that can be readily adapted to diverse IoT and wireless security contexts.",,,,London: Nature Publishing Group UK,,,,,,,Englisch,,"The Author(s) 2025 2025. The Author(s). The Author(s) 2025. This work is published under http://creativecommons.org/licenses/by/4.0/ (the ""License""). Notwithstanding the ProQuest Terms and Conditions, you may use this content in accordance with the terms of the License. The Author(s) 2025 2025",Algorithms    Artificial intelligence    Bench-marks    Classification    Efficiency    Machine learning    Mathematical optimization    Regression analysis    Science,,,"Scientific reports, 2025-09, Vol.15 (1), p.32544-18, Article 32544",,,,,ISSN: 2045-2322 EISSN: 2045-2322 DOI: 10.1038/s41598-025-18947-2 PMID: 40954170,,Unpaywall,https://fu-berlin.primo.exlibrisgroup.com/permalink/49KOBV_FUB/dm8bhl/cdi_doaj_primary_oai_doaj_org_article_1c46e0c5253447ab9e4231df90240989
Real-time detection of Wi-Fi attacks using hybrid deep learning models on NodeMCU,,,"Moharam, Mohamed Hussien   Ashraf, Kareem   Alaa, Hussien   Ahmed, Mostafa   El-Hakim, Hesham A.",,,,,,,"This paper presents a real-time, lightweight system for detecting Wi-Fi deauthentication (DA) attacks that uses the NodeMCU ESP8266 microcontroller for live packet sniffing and feature extraction. Tailored for low-power IoT environments, the system combines the sequential learning capabilities of Long short-term memory (LSTM), Gate recurrent unit (GRU), and Recurrent neural network (RNN) with the interpretability of logistic regression (LR). These hybrid models analyze Wi-Fi traffic in real time to detect anomalous behavior based on key metrics such as Received Signal Strength indicator (RSSI), DA, packet count, and Signal noise ratio (SNR), which are also displayed live on an OLED screen. The proposed framework uniquely integrates hybrid temporal deep learning with interpretable classification through (LR) in an ultra-low-cost embedded data acquisition setup through NodeMCU, addressing a gap in existing intrusion detection research that often focuses on either cloud-based processing or non-interpretable model. The system was trained and validated on a dataset of over 5,600 labeled samples collected under varied network conditions. Among the evaluated models, GRU_LR achieved the highest accuracy (96%) and demonstrated superior performance in identifying minority-class threats. By combining explainable AI with cost-effective embedded sensing, this work delivers a practical and transparent intrusion detection approach that can be readily adapted to diverse IoT and wireless security contexts.",,,,London: Nature Publishing Group UK,,,,,,,Englisch,,"The Author(s) 2025 2025. The Author(s). The Author(s) 2025. This work is published under http://creativecommons.org/licenses/by/4.0/ (the ""License""). Notwithstanding the ProQuest Terms and Conditions, you may use this content in accordance with the terms of the License. The Author(s) 2025 2025",Algorithms    Artificial intelligence    Bench-marks    Classification    Efficiency    Machine learning    Mathematical optimization    Regression analysis    Science,,,"Scientific reports, 2025-09, Vol.15 (1), p.32544-18, Article 32544",,,,,ISSN: 2045-2322 EISSN: 2045-2322 DOI: 10.1038/s41598-025-18947-2 PMID: 40954170,,Web of Science,https://fu-berlin.primo.exlibrisgroup.com/permalink/49KOBV_FUB/dm8bhl/cdi_doaj_primary_oai_doaj_org_article_1c46e0c5253447ab9e4231df90240989
Machine Learning Enabled Wi-Fi Saturation Sensing for Fair Coexistence in Unlicensed Spectrum,,,"Girmay, Merkebu   Shahid, Adnan   Maglogiannis, Vasilis   Naudts, Dries   Moerman, Ingrid",,,,,,,"In the past few years, machine learning (ML) techniques have been extensively applied to provide efficient solutions to complex wireless network problems. As such, Convolutional Neural Network (CNN) and Q-learning based ML techniques are most popular to achieve harmonized coexistence of Wi-Fi with other co-located technologies such as LTE. In the existing coexistence schemes, a co-located technology selects its transmission time based on the level of Wi-Fi traffic generated in its collision domain which is determined by either sniffing the Wi-Fi packets or using a central coordinator that can communicate with the co-located networks to exchange their status and requirements through a collaboration protocol. However, such approaches for sensing traffic status increase cost, complexity, traffic overhead, and reaction time of the coexistence schemes. As a solution to this problem, this work applies a ML-based approach that is capable to determine the saturation status of a Wi-Fi network based on real-time and over-the-air collection of medium occupation statistics about the Wi-Fi frames without the need for decoding. In particular, inter-frame spacing statistics of Wi-Fi frames are used to develop a CNN model that can determine Wi-Fi network saturation. The results demonstrate that the proposed ML-based approach can accurately classify whether a Wi-Fi network is saturated or not.",,,,PISCATAWAY: IEEE,,,,,,,Englisch,,"Copyright The Institute of Electrical and Electronics Engineers, Inc. (IEEE) 2021",Coexistence    Computer science    Engineering    IEEE 802.11 (Standard)    Machine learning    Neural networks (Computer science)    Reaction time    Technology    Telecommunication    Wireless sensor networks,,,"IEEE access, 2021, Vol.9, p.42959-42974",,,,,ISSN: 2169-3536 EISSN: 2169-3536 DOI: 10.1109/ACCESS.2021.3066052 CODEN: IAECCG,,DOAJ,https://fu-berlin.primo.exlibrisgroup.com/permalink/49KOBV_FUB/dm8bhl/cdi_unpaywall_primary_10_1109_access_2021_3066052
Machine Learning Enabled Wi-Fi Saturation Sensing for Fair Coexistence in Unlicensed Spectrum,,,"Girmay, Merkebu   Shahid, Adnan   Maglogiannis, Vasilis   Naudts, Dries   Moerman, Ingrid",,,,,,,"In the past few years, machine learning (ML) techniques have been extensively applied to provide efficient solutions to complex wireless network problems. As such, Convolutional Neural Network (CNN) and Q-learning based ML techniques are most popular to achieve harmonized coexistence of Wi-Fi with other co-located technologies such as LTE. In the existing coexistence schemes, a co-located technology selects its transmission time based on the level of Wi-Fi traffic generated in its collision domain which is determined by either sniffing the Wi-Fi packets or using a central coordinator that can communicate with the co-located networks to exchange their status and requirements through a collaboration protocol. However, such approaches for sensing traffic status increase cost, complexity, traffic overhead, and reaction time of the coexistence schemes. As a solution to this problem, this work applies a ML-based approach that is capable to determine the saturation status of a Wi-Fi network based on real-time and over-the-air collection of medium occupation statistics about the Wi-Fi frames without the need for decoding. In particular, inter-frame spacing statistics of Wi-Fi frames are used to develop a CNN model that can determine Wi-Fi network saturation. The results demonstrate that the proposed ML-based approach can accurately classify whether a Wi-Fi network is saturated or not.",,,,PISCATAWAY: IEEE,,,,,,,Englisch,,"Copyright The Institute of Electrical and Electronics Engineers, Inc. (IEEE) 2021",Coexistence    Computer science    Engineering    IEEE 802.11 (Standard)    Machine learning    Neural networks (Computer science)    Reaction time    Technology    Telecommunication    Wireless sensor networks,,,"IEEE access, 2021, Vol.9, p.42959-42974",,,,,ISSN: 2169-3536 EISSN: 2169-3536 DOI: 10.1109/ACCESS.2021.3066052 CODEN: IAECCG,,EZB,https://fu-berlin.primo.exlibrisgroup.com/permalink/49KOBV_FUB/dm8bhl/cdi_unpaywall_primary_10_1109_access_2021_3066052
Machine Learning Enabled Wi-Fi Saturation Sensing for Fair Coexistence in Unlicensed Spectrum,,,"Girmay, Merkebu   Shahid, Adnan   Maglogiannis, Vasilis   Naudts, Dries   Moerman, Ingrid",,,,,,,"In the past few years, machine learning (ML) techniques have been extensively applied to provide efficient solutions to complex wireless network problems. As such, Convolutional Neural Network (CNN) and Q-learning based ML techniques are most popular to achieve harmonized coexistence of Wi-Fi with other co-located technologies such as LTE. In the existing coexistence schemes, a co-located technology selects its transmission time based on the level of Wi-Fi traffic generated in its collision domain which is determined by either sniffing the Wi-Fi packets or using a central coordinator that can communicate with the co-located networks to exchange their status and requirements through a collaboration protocol. However, such approaches for sensing traffic status increase cost, complexity, traffic overhead, and reaction time of the coexistence schemes. As a solution to this problem, this work applies a ML-based approach that is capable to determine the saturation status of a Wi-Fi network based on real-time and over-the-air collection of medium occupation statistics about the Wi-Fi frames without the need for decoding. In particular, inter-frame spacing statistics of Wi-Fi frames are used to develop a CNN model that can determine Wi-Fi network saturation. The results demonstrate that the proposed ML-based approach can accurately classify whether a Wi-Fi network is saturated or not.",,,,PISCATAWAY: IEEE,,,,,,,Englisch,,"Copyright The Institute of Electrical and Electronics Engineers, Inc. (IEEE) 2021",Coexistence    Computer science    Engineering    IEEE 802.11 (Standard)    Machine learning    Neural networks (Computer science)    Reaction time    Technology    Telecommunication    Wireless sensor networks,,,"IEEE access, 2021, Vol.9, p.42959-42974",,,,,ISSN: 2169-3536 EISSN: 2169-3536 DOI: 10.1109/ACCESS.2021.3066052 CODEN: IAECCG,,ROAD,https://fu-berlin.primo.exlibrisgroup.com/permalink/49KOBV_FUB/dm8bhl/cdi_unpaywall_primary_10_1109_access_2021_3066052
Machine Learning Enabled Wi-Fi Saturation Sensing for Fair Coexistence in Unlicensed Spectrum,,,"Girmay, Merkebu   Shahid, Adnan   Maglogiannis, Vasilis   Naudts, Dries   Moerman, Ingrid",,,,,,,"In the past few years, machine learning (ML) techniques have been extensively applied to provide efficient solutions to complex wireless network problems. As such, Convolutional Neural Network (CNN) and Q-learning based ML techniques are most popular to achieve harmonized coexistence of Wi-Fi with other co-located technologies such as LTE. In the existing coexistence schemes, a co-located technology selects its transmission time based on the level of Wi-Fi traffic generated in its collision domain which is determined by either sniffing the Wi-Fi packets or using a central coordinator that can communicate with the co-located networks to exchange their status and requirements through a collaboration protocol. However, such approaches for sensing traffic status increase cost, complexity, traffic overhead, and reaction time of the coexistence schemes. As a solution to this problem, this work applies a ML-based approach that is capable to determine the saturation status of a Wi-Fi network based on real-time and over-the-air collection of medium occupation statistics about the Wi-Fi frames without the need for decoding. In particular, inter-frame spacing statistics of Wi-Fi frames are used to develop a CNN model that can determine Wi-Fi network saturation. The results demonstrate that the proposed ML-based approach can accurately classify whether a Wi-Fi network is saturated or not.",,,,PISCATAWAY: IEEE,,,,,,,Englisch,,"Copyright The Institute of Electrical and Electronics Engineers, Inc. (IEEE) 2021",Coexistence    Computer science    Engineering    IEEE 802.11 (Standard)    Machine learning    Neural networks (Computer science)    Reaction time    Technology    Telecommunication    Wireless sensor networks,,,"IEEE access, 2021, Vol.9, p.42959-42974",,,,,ISSN: 2169-3536 EISSN: 2169-3536 DOI: 10.1109/ACCESS.2021.3066052 CODEN: IAECCG,,Unpaywall,https://fu-berlin.primo.exlibrisgroup.com/permalink/49KOBV_FUB/dm8bhl/cdi_unpaywall_primary_10_1109_access_2021_3066052
Machine Learning Enabled Wi-Fi Saturation Sensing for Fair Coexistence in Unlicensed Spectrum,,,"Girmay, Merkebu   Shahid, Adnan   Maglogiannis, Vasilis   Naudts, Dries   Moerman, Ingrid",,,,,,,"In the past few years, machine learning (ML) techniques have been extensively applied to provide efficient solutions to complex wireless network problems. As such, Convolutional Neural Network (CNN) and Q-learning based ML techniques are most popular to achieve harmonized coexistence of Wi-Fi with other co-located technologies such as LTE. In the existing coexistence schemes, a co-located technology selects its transmission time based on the level of Wi-Fi traffic generated in its collision domain which is determined by either sniffing the Wi-Fi packets or using a central coordinator that can communicate with the co-located networks to exchange their status and requirements through a collaboration protocol. However, such approaches for sensing traffic status increase cost, complexity, traffic overhead, and reaction time of the coexistence schemes. As a solution to this problem, this work applies a ML-based approach that is capable to determine the saturation status of a Wi-Fi network based on real-time and over-the-air collection of medium occupation statistics about the Wi-Fi frames without the need for decoding. In particular, inter-frame spacing statistics of Wi-Fi frames are used to develop a CNN model that can determine Wi-Fi network saturation. The results demonstrate that the proposed ML-based approach can accurately classify whether a Wi-Fi network is saturated or not.",,,,PISCATAWAY: IEEE,,,,,,,Englisch,,"Copyright The Institute of Electrical and Electronics Engineers, Inc. (IEEE) 2021",Coexistence    Computer science    Engineering    IEEE 802.11 (Standard)    Machine learning    Neural networks (Computer science)    Reaction time    Technology    Telecommunication    Wireless sensor networks,,,"IEEE access, 2021, Vol.9, p.42959-42974",,,,,ISSN: 2169-3536 EISSN: 2169-3536 DOI: 10.1109/ACCESS.2021.3066052 CODEN: IAECCG,,Web of Science,https://fu-berlin.primo.exlibrisgroup.com/permalink/49KOBV_FUB/dm8bhl/cdi_unpaywall_primary_10_1109_access_2021_3066052
ANALISIS SNIFFING PADA PASSWORD DAN USERNAME MENGGUNAKAN NETWORK ANALYZER,,,"Apriliyana, Salsa Dila   Sutarti",,,,,,,"Abstrak - Pada era globalisasi saat ini, teknologi memainkan peran penting dalam kehidupan manusia. Keamanan jaringan menjadi sangat penting dan harus diperhatikan, membuat celah bagi pelaku kejahatan untuk melakukan aksinya seperti kejahatan sniffing. Sniffing merupakan bentuk pencurian yang dilakukan untuk mengambil data pengguna secara ilegal maupun mendapatkan informasi sensitif seperti kata sandi dan data pribadi. Pelaku sniffing melakukan aksinya dengan membuka salah satu situs website yang teridentifikasi masih menggunakan protokol HTTP. Penelitian ini bertujuan untuk melakukan proses sniffing pada password dan username dengan menggunakan metode Network Analyzer. Penelitian dilakukan menggunakan Wireshark untuk mengambil data berupa file capture melalui jaringan Wi-Fi saat melakukan kejahatan sniffing kemudian Wireshark menyaring data yang tertangkap seperti informasi singkat tentang paket, jumlah data yang didapat. Hasil dari penelitian ini, diperoleh informasi TCP Stream (tcp.stream) berupa username dan password pada situs website yang masih menggunakan protokol HTTP, serta protokol HTTPS untuk mencegah terjadinya serangan sniffing. Kata Kunci : Network Analyzer, Password dan Username, Website, Sniffing, Wireshark",,,,,,,,,,,Englisch,,,,,,"PROSISKO Jurnal Pengembangan Riset dan Observasi Sistem Komputer, 2025-12, Vol.12 (3)",,,,,ISSN: 2406-7733 ISSN: 2597-9922 EISSN: 2597-9922 DOI: 10.30656/prosisko.v12i3.11625,,ROAD,https://fu-berlin.primo.exlibrisgroup.com/permalink/49KOBV_FUB/dm8bhl/cdi_unpaywall_primary_10_30656_prosisko_v12i3_11625
ANALISIS SNIFFING PADA PASSWORD DAN USERNAME MENGGUNAKAN NETWORK ANALYZER,,,"Apriliyana, Salsa Dila   Sutarti",,,,,,,"Abstrak - Pada era globalisasi saat ini, teknologi memainkan peran penting dalam kehidupan manusia. Keamanan jaringan menjadi sangat penting dan harus diperhatikan, membuat celah bagi pelaku kejahatan untuk melakukan aksinya seperti kejahatan sniffing. Sniffing merupakan bentuk pencurian yang dilakukan untuk mengambil data pengguna secara ilegal maupun mendapatkan informasi sensitif seperti kata sandi dan data pribadi. Pelaku sniffing melakukan aksinya dengan membuka salah satu situs website yang teridentifikasi masih menggunakan protokol HTTP. Penelitian ini bertujuan untuk melakukan proses sniffing pada password dan username dengan menggunakan metode Network Analyzer. Penelitian dilakukan menggunakan Wireshark untuk mengambil data berupa file capture melalui jaringan Wi-Fi saat melakukan kejahatan sniffing kemudian Wireshark menyaring data yang tertangkap seperti informasi singkat tentang paket, jumlah data yang didapat. Hasil dari penelitian ini, diperoleh informasi TCP Stream (tcp.stream) berupa username dan password pada situs website yang masih menggunakan protokol HTTP, serta protokol HTTPS untuk mencegah terjadinya serangan sniffing. Kata Kunci : Network Analyzer, Password dan Username, Website, Sniffing, Wireshark",,,,,,,,,,,Englisch,,,,,,"PROSISKO Jurnal Pengembangan Riset dan Observasi Sistem Komputer, 2025-12, Vol.12 (3)",,,,,ISSN: 2406-7733 ISSN: 2597-9922 EISSN: 2597-9922 DOI: 10.30656/prosisko.v12i3.11625,,Unpaywall,https://fu-berlin.primo.exlibrisgroup.com/permalink/49KOBV_FUB/dm8bhl/cdi_unpaywall_primary_10_30656_prosisko_v12i3_11625
A low-cost automatic people-counting system at bus stops using Wi-Fi probe requests and deep learning,,,"Pronello, Cristina   Anbarasan, Deepan   Spoturno, Felipe   Terzolo, Giulia",,,,,,,"Counting people is an important part of people-centric applications, and the increase in the number of IoT devices has allowed the collection of huge amounts of data to facilitate people counting. The present study seeks to provide a novel, low-cost, automatic people-counting system for the use at bus stops, featuring a sniffing device that can capture Wi-Fi probe requests, and overcoming the problem of Media Access Control (MAC) randomization using deep learning. To make manual data collection considerably easier, a “People Counter” app was designed to collect ground truth data in order to train the model with higher accuracy. A user-friendly, operating system-independent dashboard was created to display the most relevant metrics. A two-step methodological approach was followed comprising device choice and data collection; data analysis and algorithm development. For the data analysis, three different approaches were tested, and among these a deep-learning approach using Convolutional Recurrent Neural Network (CRNN) with Long Short-term Memory (LSTM) architecture produced the best results. The optimal deep learning model predicted the number of people at the stop with a mean absolute error of ~ 1.2 persons, which can be considered a good preliminary result, considering that the experiment was done in a very complex open environment. People-counting systems at bus stops can support better bus scheduling, improve the boarding and alighting time of passengers, and aid the planning of integrated multi-modal transport system networks.",,,,Heidelberg: Springer Nature B.V,,,,,,,Englisch,,Copyright Springer Nature B.V. Mar 2025,Access control    Algorithms    Automation    Bus stops    Counting    Data Analysis    Data Collection    Internet of things    Learning    Machine learning    Truth    Wireless communication systems,,,"Public transport, 2025-03, Vol.17 (1), p.71-100",,,,,ISSN: 1866-749X ISSN: 1613-7159 EISSN: 1613-7159 DOI: 10.1007/s12469-023-00349-0,,Unpaywall,https://fu-berlin.primo.exlibrisgroup.com/permalink/49KOBV_FUB/dm8bhl/cdi_proquest_journals_3178424684
Telekontrol Hexapod Spy Robot Menggunakan Wifi Berbasis Web Server,,,,,,,,,,,,,,,,,,,,,Englisch,,,,,,PoliGrid,,,,,ISSN: 2723-4436 ISSN: 2723-4428 DOI: 10.46964/poligrid.v1i1.302,,Unpaywall,https://fu-berlin.primo.exlibrisgroup.com/permalink/49KOBV_FUB/dm8bhl/cdi_unpaywall_primary_10_46964_poligrid_v1i1_302
PENGGUNAAN WIRESHARK DALAM PENYADAPAN LALU LINTAS DATA BERPROTOKOL HTTP PADA JARINGAN WI-FI,,,,,,,,,,,,,,,,,,,,,Englisch,,,,,,Jurnal Ilmiah IT CIDA,,,,,ISSN: 2477-8133 ISSN: 2477-8125 DOI: 10.55635/jic.v10i1.203,,Unpaywall,https://fu-berlin.primo.exlibrisgroup.com/permalink/49KOBV_FUB/dm8bhl/cdi_unpaywall_primary_10_55635_jic_v10i1_203
Implementing Post-Quantum Cryptography to Industrial Wireless Networks,,,"Keh, Mario   Chen, Yuhua",,,,,,,"The purpose of this research is to introduce a scalable system of an improved security for devices connected to a wireless network using the Advanced Encryption Standard with a Post-Quantum Cryptography standard FIPS203, Module Lattice-Key Encapsulation Mechanism (ML-KEM). This implementation is to address concerns regarding compromised network security or bad actors sniffing packets through a data bus to collect unintended compromised data. The ML-KEM is used to create a shared secret that is used as the symmetric key that will enable the encryption and decryption method for the ciphertexts between the client and the host. This research provides a baseline implementation of added security against Quantum Computers by using an encapsulation method for key pairs, digital signatures for data integrity, and added difficulties for side-channel attacks from unauthorized users. Devices that are older than the WiFi6-compliant standard also have additional vulnerability of not having the WiFi Protected Access (WPA) third-generation security, which this work addresses. This paper proposes an added layer of encryption security that is sufficient to protect information within the network that has been compromised by an unauthorized user. Based on the findings, new features, utilities and improvements are recommended that can modernize the needs of the industry.",,,,BASEL: Mdpi,,,,,,,Englisch,,"COPYRIGHT 2026 MDPI AG 2026 by the authors. Licensee MDPI, Basel, Switzerland. This article is an open access article distributed under the terms and conditions of the Creative Commons Attribution (CC BY) license. Notwithstanding the ProQuest Terms and Conditions, you may use this content in accordance with the terms of the License.",Access control    Algorithms    Computer science    Computer security    Computers    Cryptography    Digital signatures    Employees    Engineering    Machine learning    Physical sciences    Physics    Quantum computers    Quantum computing    Quantum cryptography    Software    Technology    Telecommunication systems,,,"Electronics (Basel), 2026-05, Vol.15 (9), p.1834, Article 1834",,,,,ISSN: 2079-9292 EISSN: 2079-9292 DOI: 10.3390/electronics15091834,,Unpaywall,https://fu-berlin.primo.exlibrisgroup.com/permalink/49KOBV_FUB/dm8bhl/cdi_unpaywall_primary_10_3390_electronics15091834
Implementing Post-Quantum Cryptography to Industrial Wireless Networks,,,"Keh, Mario   Chen, Yuhua",,,,,,,"The purpose of this research is to introduce a scalable system of an improved security for devices connected to a wireless network using the Advanced Encryption Standard with a Post-Quantum Cryptography standard FIPS203, Module Lattice-Key Encapsulation Mechanism (ML-KEM). This implementation is to address concerns regarding compromised network security or bad actors sniffing packets through a data bus to collect unintended compromised data. The ML-KEM is used to create a shared secret that is used as the symmetric key that will enable the encryption and decryption method for the ciphertexts between the client and the host. This research provides a baseline implementation of added security against Quantum Computers by using an encapsulation method for key pairs, digital signatures for data integrity, and added difficulties for side-channel attacks from unauthorized users. Devices that are older than the WiFi6-compliant standard also have additional vulnerability of not having the WiFi Protected Access (WPA) third-generation security, which this work addresses. This paper proposes an added layer of encryption security that is sufficient to protect information within the network that has been compromised by an unauthorized user. Based on the findings, new features, utilities and improvements are recommended that can modernize the needs of the industry.",,,,BASEL: Mdpi,,,,,,,Englisch,,"COPYRIGHT 2026 MDPI AG 2026 by the authors. Licensee MDPI, Basel, Switzerland. This article is an open access article distributed under the terms and conditions of the Creative Commons Attribution (CC BY) license. Notwithstanding the ProQuest Terms and Conditions, you may use this content in accordance with the terms of the License.",Access control    Algorithms    Computer science    Computer security    Computers    Cryptography    Digital signatures    Employees    Engineering    Machine learning    Physical sciences    Physics    Quantum computers    Quantum computing    Quantum cryptography    Software    Technology    Telecommunication systems,,,"Electronics (Basel), 2026-05, Vol.15 (9), p.1834, Article 1834",,,,,ISSN: 2079-9292 EISSN: 2079-9292 DOI: 10.3390/electronics15091834,,Web of Science,https://fu-berlin.primo.exlibrisgroup.com/permalink/49KOBV_FUB/dm8bhl/cdi_unpaywall_primary_10_3390_electronics15091834
String Matching untuk Mendeteksi Serangan Sniffing (ARP Spoofing) pada IDS Snort,,,"Ilham Firdaus   Januar Al Amien   Soni, Soni",,,,,,,"Sniffing technique (ARP Spoofing) is an attack that sends fake ARP packets or ARP packets that have been modified according to the network address attacker's to poison the victim's ARP cache table. ARP spoofing attack is a dangerous attack because it can monitor the activities of victims in searching the browser and can steal social logins, office and other accounts. This attack supports the occurrence of other computer network attacks such as Denial of service, Man in the middle attack, host impersonating and others. Sniffing attacks are generally found in places that provide public Wi-Fi such as campus, libraries, cafes, and others. IDS Snort can detect sniffing attacks (Arp Spoofing). String Matching Method KMP algorithm is applied to detect attacks on snort logging files to provide alerts (messages) to users. Tests carried out are black box testing to test application functionality, and accuracy testing. All application functionality was successful, and testing the accuracy of the match between manual calculations for string matching and accurate application.",,,,,,,,,,,Englisch,,,,,,"Jurnal CoSciTech (Computer Science and Information Technology), 2020-10, Vol.1 (2), p.44-49",,,,,ISSN: 2723-567X ISSN: 2723-5661 EISSN: 2723-5661 DOI: 10.37859/coscitech.v1i2.2180,,ROAD,https://fu-berlin.primo.exlibrisgroup.com/permalink/49KOBV_FUB/dm8bhl/cdi_crossref_primary_10_37859_coscitech_v1i2_2180
String Matching untuk Mendeteksi Serangan Sniffing (ARP Spoofing) pada IDS Snort,,,"Ilham Firdaus   Januar Al Amien   Soni, Soni",,,,,,,"Sniffing technique (ARP Spoofing) is an attack that sends fake ARP packets or ARP packets that have been modified according to the network address attacker's to poison the victim's ARP cache table. ARP spoofing attack is a dangerous attack because it can monitor the activities of victims in searching the browser and can steal social logins, office and other accounts. This attack supports the occurrence of other computer network attacks such as Denial of service, Man in the middle attack, host impersonating and others. Sniffing attacks are generally found in places that provide public Wi-Fi such as campus, libraries, cafes, and others. IDS Snort can detect sniffing attacks (Arp Spoofing). String Matching Method KMP algorithm is applied to detect attacks on snort logging files to provide alerts (messages) to users. Tests carried out are black box testing to test application functionality, and accuracy testing. All application functionality was successful, and testing the accuracy of the match between manual calculations for string matching and accurate application.",,,,,,,,,,,Englisch,,,,,,"Jurnal CoSciTech (Computer Science and Information Technology), 2020-10, Vol.1 (2), p.44-49",,,,,ISSN: 2723-567X ISSN: 2723-5661 EISSN: 2723-5661 DOI: 10.37859/coscitech.v1i2.2180,,Unpaywall,https://fu-berlin.primo.exlibrisgroup.com/permalink/49KOBV_FUB/dm8bhl/cdi_crossref_primary_10_37859_coscitech_v1i2_2180
Democratizing Network Security Management: How ESP32 Makes Professional Packet Sniffing Accessible,,,"Iswara Sanantagraha, Arnastya   Puspitaloka Mahadewi, Erlina",,,,,,,"This study presents a comprehensive design and implementation of an ESP32-based WiFi packet sniffer system optimized for real-time monitoring and analysis of 802.11 network traffic, adopting a modular architecture that integrates hardware abstraction, packet processing, and user interface layers to ensure scalability, maintainability, and efficient resource utilization while leveraging the ESP32's dual-core processor, integrated WiFi, and advanced memory management strategies to achieve high performance in packet capture, filtering, and storage with low power consumption; key features include support for industry-standard PCAP file formats, microsecond-precision timestamps, and compatibility with MQTT and WebSocket protocols, enabling seamless integration into diverse IoT applications, with the system capable of capturing all supported 802.11 frame types and applying real-time filtering based on MAC addresses, frame types, signal strength, and protocol-specific parameters to reduce storage and processing overhead, while addressing memory limitations through efficient buffer management techniques such as circular buffers and dynamic memory allocation, ensuring adaptability to traffic patterns and resources, with performance evaluations demonstrating its ability to handle high traffic loads with minimal latency and memory overhead, making it suitable for applications like disaster monitoring, factory automation, and environmental sensing, further highlighting the ESP32's versatility through compatibility with solar-powered systems and renewable energy sources for long-term deployment in remote environments, while future work will focus on enhancing energy efficiency and exploring AI-driven analytics for edge computing scenarios, bridging the gap between expensive commercial solutions and accessible educational/research tools to demonstrate practical viability in real-world applications.",,,,,,,,,,,Englisch,,,,,,"International Journal Of Science Technology & Management, 2025-09, Vol.6 (5), p.972-980",,,,,ISSN: 2722-4015 EISSN: 2722-4015 DOI: 10.46729/ijstm.v6i5.1351,,ROAD,https://fu-berlin.primo.exlibrisgroup.com/permalink/49KOBV_FUB/dm8bhl/cdi_unpaywall_primary_10_46729_ijstm_v6i5_1351
Democratizing Network Security Management: How ESP32 Makes Professional Packet Sniffing Accessible,,,"Iswara Sanantagraha, Arnastya   Puspitaloka Mahadewi, Erlina",,,,,,,"This study presents a comprehensive design and implementation of an ESP32-based WiFi packet sniffer system optimized for real-time monitoring and analysis of 802.11 network traffic, adopting a modular architecture that integrates hardware abstraction, packet processing, and user interface layers to ensure scalability, maintainability, and efficient resource utilization while leveraging the ESP32's dual-core processor, integrated WiFi, and advanced memory management strategies to achieve high performance in packet capture, filtering, and storage with low power consumption; key features include support for industry-standard PCAP file formats, microsecond-precision timestamps, and compatibility with MQTT and WebSocket protocols, enabling seamless integration into diverse IoT applications, with the system capable of capturing all supported 802.11 frame types and applying real-time filtering based on MAC addresses, frame types, signal strength, and protocol-specific parameters to reduce storage and processing overhead, while addressing memory limitations through efficient buffer management techniques such as circular buffers and dynamic memory allocation, ensuring adaptability to traffic patterns and resources, with performance evaluations demonstrating its ability to handle high traffic loads with minimal latency and memory overhead, making it suitable for applications like disaster monitoring, factory automation, and environmental sensing, further highlighting the ESP32's versatility through compatibility with solar-powered systems and renewable energy sources for long-term deployment in remote environments, while future work will focus on enhancing energy efficiency and exploring AI-driven analytics for edge computing scenarios, bridging the gap between expensive commercial solutions and accessible educational/research tools to demonstrate practical viability in real-world applications.",,,,,,,,,,,Englisch,,,,,,"International Journal Of Science Technology & Management, 2025-09, Vol.6 (5), p.972-980",,,,,ISSN: 2722-4015 EISSN: 2722-4015 DOI: 10.46729/ijstm.v6i5.1351,,Unpaywall,https://fu-berlin.primo.exlibrisgroup.com/permalink/49KOBV_FUB/dm8bhl/cdi_unpaywall_primary_10_46729_ijstm_v6i5_1351
Benefits of redundancy in silent Wi-Fi fingerprinting,,,"Rubinstein, Pedro Videira   de Mello Silva, Fernando Dias   Fittipaldi, Giuliano Prestes   Syed, Mohammad Imran   Couto, Rodrigo Souza   Fladenmuller, Anne   de Amorim, Marcelo Dias   Costa, Luis Henrique Maciel Kosmalski",,,,,,,"Wi-Fi sniffers are commonly employed for silent packet capturing in wireless networks, playing a pivotal role in device localization using RSSI (Received Signal Strength Indicator). Nonetheless, RSSI's sensitivity to environmental variability, particularly in complex indoor settings, often leads to diminished localization accuracy. In this paper, we explore the use of redundant sniffers to introduce spatial diversity, aiming to improve the accuracy of device localization. We assess the effectiveness of ensemble machine learning models with a focus on random forest to classify device locations from the feature-enhanced dataset. Our experimental results from both line-of-sight and non-line-of-sight environments demonstrate that our method substantially improves the localization accuracy and capture probability compared to conventional single-sniffer techniques, achieving robust performance across varying conditions, especially in smaller fingerprint samples. We observe that spatial diversity enables localization accuracy to exceed 99%, while also consistently reduces both the mean and standard deviation of localization error (in meters), for the same number of packets.",,,,CHAM: SPRINGER INT PUBL AG,,,,,,,Englisch,,,Technology    Telecommunication,,,"Annales des télécommunications, 2026-05",,,,,ISSN: 0003-4347 ISSN: 1958-9395 EISSN: 1958-9395 DOI: 10.1007/s12243-026-01182-9,,Unpaywall,https://fu-berlin.primo.exlibrisgroup.com/permalink/49KOBV_FUB/dm8bhl/cdi_webofscience_primary_001765177700001
Benefits of redundancy in silent Wi-Fi fingerprinting,,,"Rubinstein, Pedro Videira   de Mello Silva, Fernando Dias   Fittipaldi, Giuliano Prestes   Syed, Mohammad Imran   Couto, Rodrigo Souza   Fladenmuller, Anne   de Amorim, Marcelo Dias   Costa, Luis Henrique Maciel Kosmalski",,,,,,,"Wi-Fi sniffers are commonly employed for silent packet capturing in wireless networks, playing a pivotal role in device localization using RSSI (Received Signal Strength Indicator). Nonetheless, RSSI's sensitivity to environmental variability, particularly in complex indoor settings, often leads to diminished localization accuracy. In this paper, we explore the use of redundant sniffers to introduce spatial diversity, aiming to improve the accuracy of device localization. We assess the effectiveness of ensemble machine learning models with a focus on random forest to classify device locations from the feature-enhanced dataset. Our experimental results from both line-of-sight and non-line-of-sight environments demonstrate that our method substantially improves the localization accuracy and capture probability compared to conventional single-sniffer techniques, achieving robust performance across varying conditions, especially in smaller fingerprint samples. We observe that spatial diversity enables localization accuracy to exceed 99%, while also consistently reduces both the mean and standard deviation of localization error (in meters), for the same number of packets.",,,,CHAM: SPRINGER INT PUBL AG,,,,,,,Englisch,,,Technology    Telecommunication,,,"Annales des télécommunications, 2026-05",,,,,ISSN: 0003-4347 ISSN: 1958-9395 EISSN: 1958-9395 DOI: 10.1007/s12243-026-01182-9,,Web of Science,https://fu-berlin.primo.exlibrisgroup.com/permalink/49KOBV_FUB/dm8bhl/cdi_webofscience_primary_001765177700001
Penerapan Dns Over Https Dan Arp Spoofing Dalam Upaya Meningkatkan Keamanan Jaringan Di Lingkungan Cafe,,,,,,,,,,,,,,,,,,,,,Englisch,,,,,,JOURNAL ZETROEM,,,,,ISSN: 2656-081X DOI: 10.36526/ztr.v7i1.4414,,Unpaywall,https://fu-berlin.primo.exlibrisgroup.com/permalink/49KOBV_FUB/dm8bhl/cdi_unpaywall_primary_10_36526_ztr_v7i1_4414
Survey of the security risks of Wi-Fi networks based on the information elements of beacon and probe response frames,,,"Reyes Moncayo, Hector I   Malaver Mendoza, Luis Daniel   Ochoa Murillo, Andrea Lorena",,,,,,,"Wi-Fi networks have become prevalent in homes, businesses, and public places. Wi-Fi is one of the most common means that people use to access digital services like Facebook, WhatsApp, Instagram, email, and even payment platforms. Equipment for deploying Wi-Fi networks is affordable and its basic features are easy to manipulate. In many cases Wi-Fi users do not even have to buy any communication equipment, since Wi-Fi routers are installed by internet service providers (ISP) in the premises of their customers. Wi-Fi equipment, owned either by end users or ISP companies, should be configured as securely as possible to avoid potential attacks. The security capabilities and features of Wi-Fi routers and access points are inserted into beacon and probe response frames. Potential attackers can use sniffing tools like Wireshark to capture these frames and extract information about security features to discover vulnerabilities.  In order to assess the security risks of Wi-Fi networks we conducted a survey in which we used Wireshark to capture the traffic from several Wi-Fi networks, and then through a filter we selected the beacon and probe response frames to analyze the security information elements carried by those frames. We came to the conclusion that despite technical recommendations, some security parameters and options are still set in a way that makes networks more prone to attacks. With this paper we want the readers to be aware of the security risks of their Wi-Fi networks, even the ones set up by their internet service providers.  ",,,,,,,,,,,Englisch,,"LICENCIA DE USO: Los documentos a texto completo incluidos en Dialnet son de acceso libre y propiedad de sus autores y/o editores. Por tanto, cualquier acto de reproducción, distribución, comunicación pública y/o transformación total o parcial requiere el consentimiento expreso y escrito de aquéllos. Cualquier enlace al texto completo de estos documentos deberá hacerse a través de la URL oficial de éstos en Dialnet. Más información: https://dialnet.unirioja.es/info/derechosOAI | INTELLECTUAL PROPERTY RIGHTS STATEMENT: Full text documents hosted by Dialnet are protected by copyright and/or related rights. This digital object is accessible without charge, but its use is subject to the licensing conditions set by its authors or editors. Unless expressly stated otherwise in the licensing conditions, you are free to linking, browsing, printing and making a copy for your own personal purposes. All other acts of reproduction and communication to the public are subject to the licensing conditions expressed by editors and authors and require consent from them. Any link to this document should be made using its official URL in Dialnet. More info: https://dialnet.unirioja.es/info/derechosOAI",,,,"Scientia et technica, 2020-09, Vol.25 (3), p.351-357",,,,,ISSN: 0122-1701 ISSN: 2344-7214 EISSN: 2344-7214 DOI: 10.22517/23447214.23781,,EZB,https://fu-berlin.primo.exlibrisgroup.com/permalink/49KOBV_FUB/dm8bhl/cdi_crossref_primary_10_22517_23447214_23781
Survey of the security risks of Wi-Fi networks based on the information elements of beacon and probe response frames,,,"Reyes Moncayo, Hector I   Malaver Mendoza, Luis Daniel   Ochoa Murillo, Andrea Lorena",,,,,,,"Wi-Fi networks have become prevalent in homes, businesses, and public places. Wi-Fi is one of the most common means that people use to access digital services like Facebook, WhatsApp, Instagram, email, and even payment platforms. Equipment for deploying Wi-Fi networks is affordable and its basic features are easy to manipulate. In many cases Wi-Fi users do not even have to buy any communication equipment, since Wi-Fi routers are installed by internet service providers (ISP) in the premises of their customers. Wi-Fi equipment, owned either by end users or ISP companies, should be configured as securely as possible to avoid potential attacks. The security capabilities and features of Wi-Fi routers and access points are inserted into beacon and probe response frames. Potential attackers can use sniffing tools like Wireshark to capture these frames and extract information about security features to discover vulnerabilities.  In order to assess the security risks of Wi-Fi networks we conducted a survey in which we used Wireshark to capture the traffic from several Wi-Fi networks, and then through a filter we selected the beacon and probe response frames to analyze the security information elements carried by those frames. We came to the conclusion that despite technical recommendations, some security parameters and options are still set in a way that makes networks more prone to attacks. With this paper we want the readers to be aware of the security risks of their Wi-Fi networks, even the ones set up by their internet service providers.  ",,,,,,,,,,,Englisch,,"LICENCIA DE USO: Los documentos a texto completo incluidos en Dialnet son de acceso libre y propiedad de sus autores y/o editores. Por tanto, cualquier acto de reproducción, distribución, comunicación pública y/o transformación total o parcial requiere el consentimiento expreso y escrito de aquéllos. Cualquier enlace al texto completo de estos documentos deberá hacerse a través de la URL oficial de éstos en Dialnet. Más información: https://dialnet.unirioja.es/info/derechosOAI | INTELLECTUAL PROPERTY RIGHTS STATEMENT: Full text documents hosted by Dialnet are protected by copyright and/or related rights. This digital object is accessible without charge, but its use is subject to the licensing conditions set by its authors or editors. Unless expressly stated otherwise in the licensing conditions, you are free to linking, browsing, printing and making a copy for your own personal purposes. All other acts of reproduction and communication to the public are subject to the licensing conditions expressed by editors and authors and require consent from them. Any link to this document should be made using its official URL in Dialnet. More info: https://dialnet.unirioja.es/info/derechosOAI",,,,"Scientia et technica, 2020-09, Vol.25 (3), p.351-357",,,,,ISSN: 0122-1701 ISSN: 2344-7214 EISSN: 2344-7214 DOI: 10.22517/23447214.23781,,Unpaywall,https://fu-berlin.primo.exlibrisgroup.com/permalink/49KOBV_FUB/dm8bhl/cdi_crossref_primary_10_22517_23447214_23781
De-Randomization of MAC Addresses Using Fingerprints and RSSI With ML for Wi-Fi Analytics,,,"Perez-Hernandez, Abraham   Barreras-Martin, Maydelis N.   Becerra, Juan A.   Madero-Ayora, Maria J.   Aguilera, Pablo",,,,,,,"Media Access Control (MAC) address randomization causes significant distortion and data loss in Wi-Fi analytics systems, becoming a real challenge for building services based on tracking, location, and presence data. This study aims to mitigate this problem by combining two key points: the construction of a quasi-unique, stable, reliable, and anonymous identifier for non-connected Wi-Fi devices, and the inability of Wi-Fi devices to deliberately change the physical conditions of the connection. We propose a new system that builds identifiers based on the capabilities and information elements announced within the probe request management frames, and consequently applies unsupervised machine learning techniques in the multidimensional Received Signal Strength Indicator (RSSI) space. Experimental tests in a real-world environment were conducted, and the results of this extensive field study demonstrated that the proposed system achieves high accuracy in identifying and tracking non-connected Wi-Fi devices in these challenging scenarios, even in the presence of MAC randomization. Our findings suggest that the proposed system has a significant potential for enhancing building services that rely on Wi-Fi data.",,,,PISCATAWAY: IEEE,,,,,,,Englisch,,"Copyright The Institute of Electrical and Electronics Engineers, Inc. (IEEE) 2024",Access control    Building management    Computer science    Data Analysis    Data processing    Engineering    IEEE 802.11 (Standard)    Information resources management    Machine learning    Random Allocation    Smartphones    Technology    Telecommunication,,,"IEEE access, 2024, Vol.12, p.150857-150868",,,,,ISSN: 2169-3536 EISSN: 2169-3536 DOI: 10.1109/ACCESS.2024.3410549 CODEN: IAECCG,,DOAJ,https://fu-berlin.primo.exlibrisgroup.com/permalink/49KOBV_FUB/dm8bhl/cdi_ieee_primary_10550935
De-Randomization of MAC Addresses Using Fingerprints and RSSI With ML for Wi-Fi Analytics,,,"Perez-Hernandez, Abraham   Barreras-Martin, Maydelis N.   Becerra, Juan A.   Madero-Ayora, Maria J.   Aguilera, Pablo",,,,,,,"Media Access Control (MAC) address randomization causes significant distortion and data loss in Wi-Fi analytics systems, becoming a real challenge for building services based on tracking, location, and presence data. This study aims to mitigate this problem by combining two key points: the construction of a quasi-unique, stable, reliable, and anonymous identifier for non-connected Wi-Fi devices, and the inability of Wi-Fi devices to deliberately change the physical conditions of the connection. We propose a new system that builds identifiers based on the capabilities and information elements announced within the probe request management frames, and consequently applies unsupervised machine learning techniques in the multidimensional Received Signal Strength Indicator (RSSI) space. Experimental tests in a real-world environment were conducted, and the results of this extensive field study demonstrated that the proposed system achieves high accuracy in identifying and tracking non-connected Wi-Fi devices in these challenging scenarios, even in the presence of MAC randomization. Our findings suggest that the proposed system has a significant potential for enhancing building services that rely on Wi-Fi data.",,,,PISCATAWAY: IEEE,,,,,,,Englisch,,"Copyright The Institute of Electrical and Electronics Engineers, Inc. (IEEE) 2024",Access control    Building management    Computer science    Data Analysis    Data processing    Engineering    IEEE 802.11 (Standard)    Information resources management    Machine learning    Random Allocation    Smartphones    Technology    Telecommunication,,,"IEEE access, 2024, Vol.12, p.150857-150868",,,,,ISSN: 2169-3536 EISSN: 2169-3536 DOI: 10.1109/ACCESS.2024.3410549 CODEN: IAECCG,,EZB,https://fu-berlin.primo.exlibrisgroup.com/permalink/49KOBV_FUB/dm8bhl/cdi_ieee_primary_10550935
De-Randomization of MAC Addresses Using Fingerprints and RSSI With ML for Wi-Fi Analytics,,,"Perez-Hernandez, Abraham   Barreras-Martin, Maydelis N.   Becerra, Juan A.   Madero-Ayora, Maria J.   Aguilera, Pablo",,,,,,,"Media Access Control (MAC) address randomization causes significant distortion and data loss in Wi-Fi analytics systems, becoming a real challenge for building services based on tracking, location, and presence data. This study aims to mitigate this problem by combining two key points: the construction of a quasi-unique, stable, reliable, and anonymous identifier for non-connected Wi-Fi devices, and the inability of Wi-Fi devices to deliberately change the physical conditions of the connection. We propose a new system that builds identifiers based on the capabilities and information elements announced within the probe request management frames, and consequently applies unsupervised machine learning techniques in the multidimensional Received Signal Strength Indicator (RSSI) space. Experimental tests in a real-world environment were conducted, and the results of this extensive field study demonstrated that the proposed system achieves high accuracy in identifying and tracking non-connected Wi-Fi devices in these challenging scenarios, even in the presence of MAC randomization. Our findings suggest that the proposed system has a significant potential for enhancing building services that rely on Wi-Fi data.",,,,PISCATAWAY: IEEE,,,,,,,Englisch,,"Copyright The Institute of Electrical and Electronics Engineers, Inc. (IEEE) 2024",Access control    Building management    Computer science    Data Analysis    Data processing    Engineering    IEEE 802.11 (Standard)    Information resources management    Machine learning    Random Allocation    Smartphones    Technology    Telecommunication,,,"IEEE access, 2024, Vol.12, p.150857-150868",,,,,ISSN: 2169-3536 EISSN: 2169-3536 DOI: 10.1109/ACCESS.2024.3410549 CODEN: IAECCG,,ROAD,https://fu-berlin.primo.exlibrisgroup.com/permalink/49KOBV_FUB/dm8bhl/cdi_ieee_primary_10550935
De-Randomization of MAC Addresses Using Fingerprints and RSSI With ML for Wi-Fi Analytics,,,"Perez-Hernandez, Abraham   Barreras-Martin, Maydelis N.   Becerra, Juan A.   Madero-Ayora, Maria J.   Aguilera, Pablo",,,,,,,"Media Access Control (MAC) address randomization causes significant distortion and data loss in Wi-Fi analytics systems, becoming a real challenge for building services based on tracking, location, and presence data. This study aims to mitigate this problem by combining two key points: the construction of a quasi-unique, stable, reliable, and anonymous identifier for non-connected Wi-Fi devices, and the inability of Wi-Fi devices to deliberately change the physical conditions of the connection. We propose a new system that builds identifiers based on the capabilities and information elements announced within the probe request management frames, and consequently applies unsupervised machine learning techniques in the multidimensional Received Signal Strength Indicator (RSSI) space. Experimental tests in a real-world environment were conducted, and the results of this extensive field study demonstrated that the proposed system achieves high accuracy in identifying and tracking non-connected Wi-Fi devices in these challenging scenarios, even in the presence of MAC randomization. Our findings suggest that the proposed system has a significant potential for enhancing building services that rely on Wi-Fi data.",,,,PISCATAWAY: IEEE,,,,,,,Englisch,,"Copyright The Institute of Electrical and Electronics Engineers, Inc. (IEEE) 2024",Access control    Building management    Computer science    Data Analysis    Data processing    Engineering    IEEE 802.11 (Standard)    Information resources management    Machine learning    Random Allocation    Smartphones    Technology    Telecommunication,,,"IEEE access, 2024, Vol.12, p.150857-150868",,,,,ISSN: 2169-3536 EISSN: 2169-3536 DOI: 10.1109/ACCESS.2024.3410549 CODEN: IAECCG,,Unpaywall,https://fu-berlin.primo.exlibrisgroup.com/permalink/49KOBV_FUB/dm8bhl/cdi_ieee_primary_10550935
De-Randomization of MAC Addresses Using Fingerprints and RSSI With ML for Wi-Fi Analytics,,,"Perez-Hernandez, Abraham   Barreras-Martin, Maydelis N.   Becerra, Juan A.   Madero-Ayora, Maria J.   Aguilera, Pablo",,,,,,,"Media Access Control (MAC) address randomization causes significant distortion and data loss in Wi-Fi analytics systems, becoming a real challenge for building services based on tracking, location, and presence data. This study aims to mitigate this problem by combining two key points: the construction of a quasi-unique, stable, reliable, and anonymous identifier for non-connected Wi-Fi devices, and the inability of Wi-Fi devices to deliberately change the physical conditions of the connection. We propose a new system that builds identifiers based on the capabilities and information elements announced within the probe request management frames, and consequently applies unsupervised machine learning techniques in the multidimensional Received Signal Strength Indicator (RSSI) space. Experimental tests in a real-world environment were conducted, and the results of this extensive field study demonstrated that the proposed system achieves high accuracy in identifying and tracking non-connected Wi-Fi devices in these challenging scenarios, even in the presence of MAC randomization. Our findings suggest that the proposed system has a significant potential for enhancing building services that rely on Wi-Fi data.",,,,PISCATAWAY: IEEE,,,,,,,Englisch,,"Copyright The Institute of Electrical and Electronics Engineers, Inc. (IEEE) 2024",Access control    Building management    Computer science    Data Analysis    Data processing    Engineering    IEEE 802.11 (Standard)    Information resources management    Machine learning    Random Allocation    Smartphones    Technology    Telecommunication,,,"IEEE access, 2024, Vol.12, p.150857-150868",,,,,ISSN: 2169-3536 EISSN: 2169-3536 DOI: 10.1109/ACCESS.2024.3410549 CODEN: IAECCG,,Web of Science,https://fu-berlin.primo.exlibrisgroup.com/permalink/49KOBV_FUB/dm8bhl/cdi_ieee_primary_10550935
"Comparative Study of Energy and Security Performance in LoRa, BLE, and Wi-Fi IoT Systems",,,"PACYNA, Karol   ZAWADZKI, Mateusz   SOBIERAJ, Maciej",,,,,,,"This paper presents a comparative analysis of energy consumption and security performance in IoT systems using LoRa, BLE, and Wi-Fi technologies. Current measurements were performed with an INA219 module under both unsecured and secured (encrypted/authenticated) transmission conditions. Results indicate that BLE offers the lowest energy consumption with negligible security overhead, LoRa shows moderate consumption with a strong dependence on Spreading Factor (trade-off between range and power), while Wi-Fi demonstrates the highest power demand due to TLS and session handling. Security tests involving DoS, MITM, sniffing, and data interception confirmed that encryption and authentication significantly improved system resilience. The study highlights that optimizing radio parameters and employing deep sleep modes are crucial for achieving a balance between security and energy efficiency in IoT applications.",,,,,,,,,,,Englisch,,,,,,"Journal of Eastern Europe research in business & economics, 2026-04",,,,,ISSN: 2169-0367 EISSN: 2169-0367 DOI: 10.5171/2025.4641125,,EZB,https://fu-berlin.primo.exlibrisgroup.com/permalink/49KOBV_FUB/dm8bhl/cdi_unpaywall_primary_10_5171_2025_4641125
"Comparative Study of Energy and Security Performance in LoRa, BLE, and Wi-Fi IoT Systems",,,"PACYNA, Karol   ZAWADZKI, Mateusz   SOBIERAJ, Maciej",,,,,,,"This paper presents a comparative analysis of energy consumption and security performance in IoT systems using LoRa, BLE, and Wi-Fi technologies. Current measurements were performed with an INA219 module under both unsecured and secured (encrypted/authenticated) transmission conditions. Results indicate that BLE offers the lowest energy consumption with negligible security overhead, LoRa shows moderate consumption with a strong dependence on Spreading Factor (trade-off between range and power), while Wi-Fi demonstrates the highest power demand due to TLS and session handling. Security tests involving DoS, MITM, sniffing, and data interception confirmed that encryption and authentication significantly improved system resilience. The study highlights that optimizing radio parameters and employing deep sleep modes are crucial for achieving a balance between security and energy efficiency in IoT applications.",,,,,,,,,,,Englisch,,,,,,"Journal of Eastern Europe research in business & economics, 2026-04",,,,,ISSN: 2169-0367 EISSN: 2169-0367 DOI: 10.5171/2025.4641125,,Unpaywall,https://fu-berlin.primo.exlibrisgroup.com/permalink/49KOBV_FUB/dm8bhl/cdi_unpaywall_primary_10_5171_2025_4641125
Sums: Sniffing Unknown Multiband Signals under Low Sampling Rates,,,,,,,,,,,,,,,,,,,,,Englisch,,,,,,Techrxiv,,,,,DOI: 10.36227/techrxiv.173272986.62182979/v1,,Unpaywall,https://fu-berlin.primo.exlibrisgroup.com/permalink/49KOBV_FUB/dm8bhl/cdi_unpaywall_primary_10_36227_techrxiv_173272986_62182979_v1
The rogue access point identification: a model and classification review,,,"Arisandi, Diki   Ahmad, Nazrul Muhaimin   Kannan, Subarmaniam",,,,,,,"Most people around the world make use of public Wi-Fi hotspots, as their daily routine companion in communication. The access points (APs) of public Wi-Fi are easily deployed by anyone and everywhere, to provide hassle-free Internet connectivity. The availability of Wi-Fi increases the danger of adversaries, taking advantages of sniffing the sensitive data. One of the most serious security issues encountered by Wi-Fi users, is the presence of rogue access points (RAP). Several studies have been published regarding how to identify the RAP. Using systematic literature review, this research aims to explore the various methods on how to distinguish the AP, as a rogue or legitimate, based on the hardware and software approach model. In conclusion, all the classifications were summarized, and produced an alternative solution using beacon frame manipulation technique. Therefore, further research is needed to identify the RAP.",,,,,,,,,,,Englisch,,,,,,"Indonesian Journal of Electrical Engineering and Computer Science, 2021-09, Vol.23 (3), p.1527",,,,,ISSN: 2502-4752 ISSN: 2502-4760 EISSN: 2502-4760 DOI: 10.11591/ijeecs.v23.i3.pp1527-1537,,ROAD,https://fu-berlin.primo.exlibrisgroup.com/permalink/49KOBV_FUB/dm8bhl/cdi_unpaywall_primary_10_11591_ijeecs_v23_i3_pp1527_1537
The rogue access point identification: a model and classification review,,,"Arisandi, Diki   Ahmad, Nazrul Muhaimin   Kannan, Subarmaniam",,,,,,,"Most people around the world make use of public Wi-Fi hotspots, as their daily routine companion in communication. The access points (APs) of public Wi-Fi are easily deployed by anyone and everywhere, to provide hassle-free Internet connectivity. The availability of Wi-Fi increases the danger of adversaries, taking advantages of sniffing the sensitive data. One of the most serious security issues encountered by Wi-Fi users, is the presence of rogue access points (RAP). Several studies have been published regarding how to identify the RAP. Using systematic literature review, this research aims to explore the various methods on how to distinguish the AP, as a rogue or legitimate, based on the hardware and software approach model. In conclusion, all the classifications were summarized, and produced an alternative solution using beacon frame manipulation technique. Therefore, further research is needed to identify the RAP.",,,,,,,,,,,Englisch,,,,,,"Indonesian Journal of Electrical Engineering and Computer Science, 2021-09, Vol.23 (3), p.1527",,,,,ISSN: 2502-4752 ISSN: 2502-4760 EISSN: 2502-4760 DOI: 10.11591/ijeecs.v23.i3.pp1527-1537,,Unpaywall,https://fu-berlin.primo.exlibrisgroup.com/permalink/49KOBV_FUB/dm8bhl/cdi_unpaywall_primary_10_11591_ijeecs_v23_i3_pp1527_1537
OTOMATISASI KARMA ATTACK,,,,,,,,,,,,,,,,,,,,,Englisch,,,,,,Info Kripto,,,,,ISSN: 2962-6552 ISSN: 1978-7723 DOI: 10.56706/ik.v15i1.8,,Unpaywall,https://fu-berlin.primo.exlibrisgroup.com/permalink/49KOBV_FUB/dm8bhl/cdi_unpaywall_primary_10_56706_ik_v15i1_8
A Case study on the Monitor Mode Passive Capturing of WLAN Packets in an On-The-Move Setup,,,"Prasad, Ajay   Verma, Sourabh Singh   Dahiya, Priyanka   Kumar, Anil",,,,,,,"Monitor mode packet capturing of WLAN is used to derive Access points and devices in the range for localization or occupancy purposes. The general modality of capturing and analysis in almost all available studies is to capture packets by being static (STT) at a location and indoors. In STT mode, the beacon and probe packets extract insights about the localization of devices and occupancy estimation. We propose scanning a predetermined path in an urban locality on the move (OTM) using monitor mode WLAN packet capturing. We also propose that in OTM, devices (STA) and Access Points (APs) can be traced from other packets like CTS, ATS, and ACKs apart from beacons and frames. We performed a case study of monitor mode packet capturing in an on-the-move and outdoor setup. The primary focus of the study was to validate the OTM modality and the methodology of detecting devices and APs. We studied all the packet types that were captured, including Beacons and Probes. The sensed devices and APs counts using probe and beacon packets were compared with the sensed devices, and APs counts using the new methodology. We found that considering other packets helps detect a more significant number of devices and APs. We also found that channel hoping strategy plays an essential role in maximizing the sensed items. The overall exercise revealed that the air is full of WLAN/Wi-Fi traffic, and using OTM can assimilate lots of valuable data and generate relevant information for various purposes. Essentially, on-the-move outdoor capture setups can be used to produce Wi-Fi access points and user devices related heat maps of the scanned locations. This can be useful in many governance and related matters. Briefly, we put forward an application architecture for the same.",,,,PISCATAWAY: IEEE,,,,,,,Englisch,,"Copyright The Institute of Electrical and Electronics Engineers, Inc. (IEEE) 2021",Beacons    Case studies    Cities and towns    Computer science    Engineering    IEEE 802.11 (Standard)    Local Area Networks    Monitoring    Technology    Telecommunication    Urbanization    Wireless sensor networks,,,"IEEE access, 2021-01, Vol.9, p.1-1",,,,,ISSN: 2169-3536 EISSN: 2169-3536 DOI: 10.1109/ACCESS.2021.3127079 CODEN: IAECCG,,DOAJ,https://fu-berlin.primo.exlibrisgroup.com/permalink/49KOBV_FUB/dm8bhl/cdi_crossref_primary_10_1109_ACCESS_2021_3127079
A Case study on the Monitor Mode Passive Capturing of WLAN Packets in an On-The-Move Setup,,,"Prasad, Ajay   Verma, Sourabh Singh   Dahiya, Priyanka   Kumar, Anil",,,,,,,"Monitor mode packet capturing of WLAN is used to derive Access points and devices in the range for localization or occupancy purposes. The general modality of capturing and analysis in almost all available studies is to capture packets by being static (STT) at a location and indoors. In STT mode, the beacon and probe packets extract insights about the localization of devices and occupancy estimation. We propose scanning a predetermined path in an urban locality on the move (OTM) using monitor mode WLAN packet capturing. We also propose that in OTM, devices (STA) and Access Points (APs) can be traced from other packets like CTS, ATS, and ACKs apart from beacons and frames. We performed a case study of monitor mode packet capturing in an on-the-move and outdoor setup. The primary focus of the study was to validate the OTM modality and the methodology of detecting devices and APs. We studied all the packet types that were captured, including Beacons and Probes. The sensed devices and APs counts using probe and beacon packets were compared with the sensed devices, and APs counts using the new methodology. We found that considering other packets helps detect a more significant number of devices and APs. We also found that channel hoping strategy plays an essential role in maximizing the sensed items. The overall exercise revealed that the air is full of WLAN/Wi-Fi traffic, and using OTM can assimilate lots of valuable data and generate relevant information for various purposes. Essentially, on-the-move outdoor capture setups can be used to produce Wi-Fi access points and user devices related heat maps of the scanned locations. This can be useful in many governance and related matters. Briefly, we put forward an application architecture for the same.",,,,PISCATAWAY: IEEE,,,,,,,Englisch,,"Copyright The Institute of Electrical and Electronics Engineers, Inc. (IEEE) 2021",Beacons    Case studies    Cities and towns    Computer science    Engineering    IEEE 802.11 (Standard)    Local Area Networks    Monitoring    Technology    Telecommunication    Urbanization    Wireless sensor networks,,,"IEEE access, 2021-01, Vol.9, p.1-1",,,,,ISSN: 2169-3536 EISSN: 2169-3536 DOI: 10.1109/ACCESS.2021.3127079 CODEN: IAECCG,,EZB,https://fu-berlin.primo.exlibrisgroup.com/permalink/49KOBV_FUB/dm8bhl/cdi_crossref_primary_10_1109_ACCESS_2021_3127079
A Case study on the Monitor Mode Passive Capturing of WLAN Packets in an On-The-Move Setup,,,"Prasad, Ajay   Verma, Sourabh Singh   Dahiya, Priyanka   Kumar, Anil",,,,,,,"Monitor mode packet capturing of WLAN is used to derive Access points and devices in the range for localization or occupancy purposes. The general modality of capturing and analysis in almost all available studies is to capture packets by being static (STT) at a location and indoors. In STT mode, the beacon and probe packets extract insights about the localization of devices and occupancy estimation. We propose scanning a predetermined path in an urban locality on the move (OTM) using monitor mode WLAN packet capturing. We also propose that in OTM, devices (STA) and Access Points (APs) can be traced from other packets like CTS, ATS, and ACKs apart from beacons and frames. We performed a case study of monitor mode packet capturing in an on-the-move and outdoor setup. The primary focus of the study was to validate the OTM modality and the methodology of detecting devices and APs. We studied all the packet types that were captured, including Beacons and Probes. The sensed devices and APs counts using probe and beacon packets were compared with the sensed devices, and APs counts using the new methodology. We found that considering other packets helps detect a more significant number of devices and APs. We also found that channel hoping strategy plays an essential role in maximizing the sensed items. The overall exercise revealed that the air is full of WLAN/Wi-Fi traffic, and using OTM can assimilate lots of valuable data and generate relevant information for various purposes. Essentially, on-the-move outdoor capture setups can be used to produce Wi-Fi access points and user devices related heat maps of the scanned locations. This can be useful in many governance and related matters. Briefly, we put forward an application architecture for the same.",,,,PISCATAWAY: IEEE,,,,,,,Englisch,,"Copyright The Institute of Electrical and Electronics Engineers, Inc. (IEEE) 2021",Beacons    Case studies    Cities and towns    Computer science    Engineering    IEEE 802.11 (Standard)    Local Area Networks    Monitoring    Technology    Telecommunication    Urbanization    Wireless sensor networks,,,"IEEE access, 2021-01, Vol.9, p.1-1",,,,,ISSN: 2169-3536 EISSN: 2169-3536 DOI: 10.1109/ACCESS.2021.3127079 CODEN: IAECCG,,ROAD,https://fu-berlin.primo.exlibrisgroup.com/permalink/49KOBV_FUB/dm8bhl/cdi_crossref_primary_10_1109_ACCESS_2021_3127079
A Case study on the Monitor Mode Passive Capturing of WLAN Packets in an On-The-Move Setup,,,"Prasad, Ajay   Verma, Sourabh Singh   Dahiya, Priyanka   Kumar, Anil",,,,,,,"Monitor mode packet capturing of WLAN is used to derive Access points and devices in the range for localization or occupancy purposes. The general modality of capturing and analysis in almost all available studies is to capture packets by being static (STT) at a location and indoors. In STT mode, the beacon and probe packets extract insights about the localization of devices and occupancy estimation. We propose scanning a predetermined path in an urban locality on the move (OTM) using monitor mode WLAN packet capturing. We also propose that in OTM, devices (STA) and Access Points (APs) can be traced from other packets like CTS, ATS, and ACKs apart from beacons and frames. We performed a case study of monitor mode packet capturing in an on-the-move and outdoor setup. The primary focus of the study was to validate the OTM modality and the methodology of detecting devices and APs. We studied all the packet types that were captured, including Beacons and Probes. The sensed devices and APs counts using probe and beacon packets were compared with the sensed devices, and APs counts using the new methodology. We found that considering other packets helps detect a more significant number of devices and APs. We also found that channel hoping strategy plays an essential role in maximizing the sensed items. The overall exercise revealed that the air is full of WLAN/Wi-Fi traffic, and using OTM can assimilate lots of valuable data and generate relevant information for various purposes. Essentially, on-the-move outdoor capture setups can be used to produce Wi-Fi access points and user devices related heat maps of the scanned locations. This can be useful in many governance and related matters. Briefly, we put forward an application architecture for the same.",,,,PISCATAWAY: IEEE,,,,,,,Englisch,,"Copyright The Institute of Electrical and Electronics Engineers, Inc. (IEEE) 2021",Beacons    Case studies    Cities and towns    Computer science    Engineering    IEEE 802.11 (Standard)    Local Area Networks    Monitoring    Technology    Telecommunication    Urbanization    Wireless sensor networks,,,"IEEE access, 2021-01, Vol.9, p.1-1",,,,,ISSN: 2169-3536 EISSN: 2169-3536 DOI: 10.1109/ACCESS.2021.3127079 CODEN: IAECCG,,Unpaywall,https://fu-berlin.primo.exlibrisgroup.com/permalink/49KOBV_FUB/dm8bhl/cdi_crossref_primary_10_1109_ACCESS_2021_3127079
A Case study on the Monitor Mode Passive Capturing of WLAN Packets in an On-The-Move Setup,,,"Prasad, Ajay   Verma, Sourabh Singh   Dahiya, Priyanka   Kumar, Anil",,,,,,,"Monitor mode packet capturing of WLAN is used to derive Access points and devices in the range for localization or occupancy purposes. The general modality of capturing and analysis in almost all available studies is to capture packets by being static (STT) at a location and indoors. In STT mode, the beacon and probe packets extract insights about the localization of devices and occupancy estimation. We propose scanning a predetermined path in an urban locality on the move (OTM) using monitor mode WLAN packet capturing. We also propose that in OTM, devices (STA) and Access Points (APs) can be traced from other packets like CTS, ATS, and ACKs apart from beacons and frames. We performed a case study of monitor mode packet capturing in an on-the-move and outdoor setup. The primary focus of the study was to validate the OTM modality and the methodology of detecting devices and APs. We studied all the packet types that were captured, including Beacons and Probes. The sensed devices and APs counts using probe and beacon packets were compared with the sensed devices, and APs counts using the new methodology. We found that considering other packets helps detect a more significant number of devices and APs. We also found that channel hoping strategy plays an essential role in maximizing the sensed items. The overall exercise revealed that the air is full of WLAN/Wi-Fi traffic, and using OTM can assimilate lots of valuable data and generate relevant information for various purposes. Essentially, on-the-move outdoor capture setups can be used to produce Wi-Fi access points and user devices related heat maps of the scanned locations. This can be useful in many governance and related matters. Briefly, we put forward an application architecture for the same.",,,,PISCATAWAY: IEEE,,,,,,,Englisch,,"Copyright The Institute of Electrical and Electronics Engineers, Inc. (IEEE) 2021",Beacons    Case studies    Cities and towns    Computer science    Engineering    IEEE 802.11 (Standard)    Local Area Networks    Monitoring    Technology    Telecommunication    Urbanization    Wireless sensor networks,,,"IEEE access, 2021-01, Vol.9, p.1-1",,,,,ISSN: 2169-3536 EISSN: 2169-3536 DOI: 10.1109/ACCESS.2021.3127079 CODEN: IAECCG,,Web of Science,https://fu-berlin.primo.exlibrisgroup.com/permalink/49KOBV_FUB/dm8bhl/cdi_crossref_primary_10_1109_ACCESS_2021_3127079
A Novel Method for the Enhancement of Wi-Fi Security Software System,,,,,,,,,,"This paper proposes a novel method for enhancing current Wi-Fi security software system analyzing user’s wireless access behavior. The system secures the user from security hazards during the pre-connection, connection, and afterconnection phases. The system can analyze and plot the Wi-Fi environment. The methods of fog computing and sending fake traffic are employed to protect PSK from sniffing. In the post connection phase, it identifies De-auth attack in real time and footmarks the attacker. The software functionalities are implemented and all the malicious entities are displayed on the User Interface (UI). The experimental results have shown that the system has better performance when compared with current systems. The system can be used for the security of Wi-Fi users",,,,,,,,,,,Englisch,,,,,,"International journal of engineering and advanced technology, 2019-08, Vol.8 (6), p.905-909",,,,,ISSN: 2249-8958 EISSN: 2249-8958 DOI: 10.35940/ijeat.F8225.088619,,ROAD,https://fu-berlin.primo.exlibrisgroup.com/permalink/49KOBV_FUB/dm8bhl/cdi_crossref_primary_10_35940_ijeat_F8225_088619
A Novel Method for the Enhancement of Wi-Fi Security Software System,,,,,,,,,,"This paper proposes a novel method for enhancing current Wi-Fi security software system analyzing user’s wireless access behavior. The system secures the user from security hazards during the pre-connection, connection, and afterconnection phases. The system can analyze and plot the Wi-Fi environment. The methods of fog computing and sending fake traffic are employed to protect PSK from sniffing. In the post connection phase, it identifies De-auth attack in real time and footmarks the attacker. The software functionalities are implemented and all the malicious entities are displayed on the User Interface (UI). The experimental results have shown that the system has better performance when compared with current systems. The system can be used for the security of Wi-Fi users",,,,,,,,,,,Englisch,,,,,,"International journal of engineering and advanced technology, 2019-08, Vol.8 (6), p.905-909",,,,,ISSN: 2249-8958 EISSN: 2249-8958 DOI: 10.35940/ijeat.F8225.088619,,Unpaywall,https://fu-berlin.primo.exlibrisgroup.com/permalink/49KOBV_FUB/dm8bhl/cdi_crossref_primary_10_35940_ijeat_F8225_088619
Localising crowds through Wi-Fi probes,,,"Potortì, Francesco   Crivello, Antonino   Girolami, Michele   Barsocchi, Paolo   Traficante, Emilia",,,,,,,"Most of us carry mobile devices that routinely disseminate radio messages, as is the case with Wi-Fi scanning and Bluetooth beaconing. We investigate whether it is possible to examine these digital crumbs and have them reveal useful insight on the presence of people in indoor locations, as the literature lacks any answers on this topic. Wi-Fi probes are generated sparsely and often anonymised, which hinders the possibility of using them for targeted localisation or tracking. However, by experimenting in three different indoor environments, we demonstrate for the first time that it is possible to extract from them some positioning information. Possible applications include identifying frequented regions where many people are gathered together. In the described experimentation with sniffing devices we adopted fingerprinting interpolation, which requires no survey phase and automatically adapts to changes in the environment. The same process can be carried out using the Wi-Fi access points already installed in the environment, thus allowing for operation free of installation, surveying and maintenance.",,,,AMSTERDAM: Elsevier B.V,,,,,,,Englisch,,2018 Elsevier B.V.,Computer science    Technology    Telecommunication,,,"Ad hoc networks, 2018-06, Vol.75-76, p.87-97",,,,,ISSN: 1570-8705 ISSN: 1570-8713 EISSN: 1570-8713 DOI: 10.1016/j.adhoc.2018.03.011,,Unpaywall,https://fu-berlin.primo.exlibrisgroup.com/permalink/49KOBV_FUB/dm8bhl/cdi_crossref_primary_10_1016_j_adhoc_2018_03_011
Localising crowds through Wi-Fi probes,,,"Potortì, Francesco   Crivello, Antonino   Girolami, Michele   Barsocchi, Paolo   Traficante, Emilia",,,,,,,"Most of us carry mobile devices that routinely disseminate radio messages, as is the case with Wi-Fi scanning and Bluetooth beaconing. We investigate whether it is possible to examine these digital crumbs and have them reveal useful insight on the presence of people in indoor locations, as the literature lacks any answers on this topic. Wi-Fi probes are generated sparsely and often anonymised, which hinders the possibility of using them for targeted localisation or tracking. However, by experimenting in three different indoor environments, we demonstrate for the first time that it is possible to extract from them some positioning information. Possible applications include identifying frequented regions where many people are gathered together. In the described experimentation with sniffing devices we adopted fingerprinting interpolation, which requires no survey phase and automatically adapts to changes in the environment. The same process can be carried out using the Wi-Fi access points already installed in the environment, thus allowing for operation free of installation, surveying and maintenance.",,,,AMSTERDAM: Elsevier B.V,,,,,,,Englisch,,2018 Elsevier B.V.,Computer science    Technology    Telecommunication,,,"Ad hoc networks, 2018-06, Vol.75-76, p.87-97",,,,,ISSN: 1570-8705 ISSN: 1570-8713 EISSN: 1570-8713 DOI: 10.1016/j.adhoc.2018.03.011,,Web of Science,https://fu-berlin.primo.exlibrisgroup.com/permalink/49KOBV_FUB/dm8bhl/cdi_crossref_primary_10_1016_j_adhoc_2018_03_011
Uji penetrasi jaringan wireless dan IoT dengan tools open - source pada lingkungan virtual,,,,,,,,,,,,,,,,,,,,,Englisch,,,,,,JIKUM Jurnal Ilmu Komputer,,,,,ISSN: 3090-739X DOI: 10.62671/jikum.v2i2.226,,Unpaywall,https://fu-berlin.primo.exlibrisgroup.com/permalink/49KOBV_FUB/dm8bhl/cdi_unpaywall_primary_10_62671_jikum_v2i2_226
ANALYSIS OF COMPUTER NETWORK SECURITY AGAINST PACKET INTERCEPTION: A CASE STUDY OF THE COLLEGE OF NURSING,,,"Shihab, Luay Abdulwahid   Waheeb, Hazim N.",,,,,,,"Society has enjoyed technological developments, especially in the field of information, one of which has developed currently is the internet. In its use, the networks used by the public are LAN cables or Wi-Fi (without cables), attacks from irresponsible parties, namely hackers who can exploit important user data, intercept data such as passwords and change user data. This research discusses the evaluation of the security level of Wi-Fi facilities at University of Basrah compus,basrah, Governorate, Iraq using the Aircrack-ng, Kismet and ettercap applications. Aircrack-ng is a Wi-Fi hacking tool that is used to detect and identify open wireless signals. Kismet is alternative software whose function is exactly the same as Aircrack-ng. Ettercap is a packet sniffer tool used to analyse network protocols and audit network security, which also has the ability to block traffic on LAN networks, steal passwords, and carry out active eavesdropping on common protocols. In this research, two stages were carried out, the first was to identify the existence and security of the Wi-Fi used using Kismet software. The second stage carried out a packet sniffing attack using Ettercap software as a security testing step at the University of Basrah compus, basrah, Governorate, Iraq.",,,,,,,,,,,Englisch,,,,,,"Ukrainian Journal of Information Technology, 2025, Vol.7 (2), p.106-119",,,,,ISSN: 2707-1898 ISSN: 2786-9172 EISSN: 2786-9172 DOI: 10.23939/ujit2025.02.106,,ROAD,https://fu-berlin.primo.exlibrisgroup.com/permalink/49KOBV_FUB/dm8bhl/cdi_unpaywall_primary_10_23939_ujit2025_02_106
ANALYSIS OF COMPUTER NETWORK SECURITY AGAINST PACKET INTERCEPTION: A CASE STUDY OF THE COLLEGE OF NURSING,,,"Shihab, Luay Abdulwahid   Waheeb, Hazim N.",,,,,,,"Society has enjoyed technological developments, especially in the field of information, one of which has developed currently is the internet. In its use, the networks used by the public are LAN cables or Wi-Fi (without cables), attacks from irresponsible parties, namely hackers who can exploit important user data, intercept data such as passwords and change user data. This research discusses the evaluation of the security level of Wi-Fi facilities at University of Basrah compus,basrah, Governorate, Iraq using the Aircrack-ng, Kismet and ettercap applications. Aircrack-ng is a Wi-Fi hacking tool that is used to detect and identify open wireless signals. Kismet is alternative software whose function is exactly the same as Aircrack-ng. Ettercap is a packet sniffer tool used to analyse network protocols and audit network security, which also has the ability to block traffic on LAN networks, steal passwords, and carry out active eavesdropping on common protocols. In this research, two stages were carried out, the first was to identify the existence and security of the Wi-Fi used using Kismet software. The second stage carried out a packet sniffing attack using Ettercap software as a security testing step at the University of Basrah compus, basrah, Governorate, Iraq.",,,,,,,,,,,Englisch,,,,,,"Ukrainian Journal of Information Technology, 2025, Vol.7 (2), p.106-119",,,,,ISSN: 2707-1898 ISSN: 2786-9172 EISSN: 2786-9172 DOI: 10.23939/ujit2025.02.106,,Unpaywall,https://fu-berlin.primo.exlibrisgroup.com/permalink/49KOBV_FUB/dm8bhl/cdi_unpaywall_primary_10_23939_ujit2025_02_106
SAP: A Secure Low-Latency Protocol for Mitigating High Computation Overhead in WI-FI Networks,,,"Jain, Vineeta   Wetzker, Ulf   Laxmi, Vijay   Gaur, Manoj Singh   Mosbah, Mohamed   Mery, Dominique",,,,,,,"The increase in popularity of wireless networks in industrial, embedded, medical and public sectors has made them an appealing attack surface for attackers who exploit the vulnerabilities in network protocols to launch attacks such as Evil Twin, Man-in-the-middle, sniffing, etc., which may result in economic and non-economic losses. To protect wireless networks against such attacks, IEEE 802.11 keep updating the protocol standards with new and more secure versions. There has always been a direct correlation between attacks and the improvement of protocol standards. As the sophistication of attacks increases, protocol standards tend to move towards higher security, resulting in a significant rise in both latency and computational overhead, and severe degradation in the performance of low-latency applications such as Industrial Internet of Things (IIoT), automotive, robotics, etc. In this paper, we make an attempt to highlight the importance of both latency and security in wireless networks from implementation and performance perspective. We make a review of existing IEEE 802.11 protocols in terms of security offered and overhead incurred to substantiate the fact that there is a need of a protocol which in addition to providing optimum security against attacks also maintains the latency and overhead. We also propose a secure and low-latency protocol known as Secure Authentication Protocol (SAP) which operates in two phases - registration and authentication, where the first phase is a one time process implemented using asymmetric cryptography and the second phase is implemented using symmetric cryptography. The protocol is structured in a way that it maintains the original structure of IEEE 802.11 protocols and performs both phases using fewer messages than existing protocols. By simulating the protocol using well-established OMNeT++ simulator, we proved that the proposed protocol incurs a low computation overhead, making it ideal for low-latency applications. We extensively verified the security properties of the proposed protocol using formal verification through widely-accepted Scyther tool. Finally, we perform a comparative analysis of SAP with existing IEEE 802.11 wireless network protocols to highlight the improvement.",,,,PISCATAWAY: IEEE,,,,,,,Englisch,,"Copyright The Institute of Electrical and Electronics Engineers, Inc. (IEEE) 2023 CC0 1.0 - Universal",Authentication    Computer science    Computer security    Cryptography    Engineering    IEEE 802.11 (Standard)    Industrial applications    Robotics    Technology    Telecommunication,,,"IEEE access, 2023, Vol.11, p.84620-84635",,,,,ISSN: 2169-3536 EISSN: 2169-3536 DOI: 10.1109/ACCESS.2023.3302529 CODEN: IAECCG,,DOAJ,https://fu-berlin.primo.exlibrisgroup.com/permalink/49KOBV_FUB/dm8bhl/cdi_webofscience_primary_001049940300001CitationCount
SAP: A Secure Low-Latency Protocol for Mitigating High Computation Overhead in WI-FI Networks,,,"Jain, Vineeta   Wetzker, Ulf   Laxmi, Vijay   Gaur, Manoj Singh   Mosbah, Mohamed   Mery, Dominique",,,,,,,"The increase in popularity of wireless networks in industrial, embedded, medical and public sectors has made them an appealing attack surface for attackers who exploit the vulnerabilities in network protocols to launch attacks such as Evil Twin, Man-in-the-middle, sniffing, etc., which may result in economic and non-economic losses. To protect wireless networks against such attacks, IEEE 802.11 keep updating the protocol standards with new and more secure versions. There has always been a direct correlation between attacks and the improvement of protocol standards. As the sophistication of attacks increases, protocol standards tend to move towards higher security, resulting in a significant rise in both latency and computational overhead, and severe degradation in the performance of low-latency applications such as Industrial Internet of Things (IIoT), automotive, robotics, etc. In this paper, we make an attempt to highlight the importance of both latency and security in wireless networks from implementation and performance perspective. We make a review of existing IEEE 802.11 protocols in terms of security offered and overhead incurred to substantiate the fact that there is a need of a protocol which in addition to providing optimum security against attacks also maintains the latency and overhead. We also propose a secure and low-latency protocol known as Secure Authentication Protocol (SAP) which operates in two phases - registration and authentication, where the first phase is a one time process implemented using asymmetric cryptography and the second phase is implemented using symmetric cryptography. The protocol is structured in a way that it maintains the original structure of IEEE 802.11 protocols and performs both phases using fewer messages than existing protocols. By simulating the protocol using well-established OMNeT++ simulator, we proved that the proposed protocol incurs a low computation overhead, making it ideal for low-latency applications. We extensively verified the security properties of the proposed protocol using formal verification through widely-accepted Scyther tool. Finally, we perform a comparative analysis of SAP with existing IEEE 802.11 wireless network protocols to highlight the improvement.",,,,PISCATAWAY: IEEE,,,,,,,Englisch,,"Copyright The Institute of Electrical and Electronics Engineers, Inc. (IEEE) 2023 CC0 1.0 - Universal",Authentication    Computer science    Computer security    Cryptography    Engineering    IEEE 802.11 (Standard)    Industrial applications    Robotics    Technology    Telecommunication,,,"IEEE access, 2023, Vol.11, p.84620-84635",,,,,ISSN: 2169-3536 EISSN: 2169-3536 DOI: 10.1109/ACCESS.2023.3302529 CODEN: IAECCG,,EZB,https://fu-berlin.primo.exlibrisgroup.com/permalink/49KOBV_FUB/dm8bhl/cdi_webofscience_primary_001049940300001CitationCount
SAP: A Secure Low-Latency Protocol for Mitigating High Computation Overhead in WI-FI Networks,,,"Jain, Vineeta   Wetzker, Ulf   Laxmi, Vijay   Gaur, Manoj Singh   Mosbah, Mohamed   Mery, Dominique",,,,,,,"The increase in popularity of wireless networks in industrial, embedded, medical and public sectors has made them an appealing attack surface for attackers who exploit the vulnerabilities in network protocols to launch attacks such as Evil Twin, Man-in-the-middle, sniffing, etc., which may result in economic and non-economic losses. To protect wireless networks against such attacks, IEEE 802.11 keep updating the protocol standards with new and more secure versions. There has always been a direct correlation between attacks and the improvement of protocol standards. As the sophistication of attacks increases, protocol standards tend to move towards higher security, resulting in a significant rise in both latency and computational overhead, and severe degradation in the performance of low-latency applications such as Industrial Internet of Things (IIoT), automotive, robotics, etc. In this paper, we make an attempt to highlight the importance of both latency and security in wireless networks from implementation and performance perspective. We make a review of existing IEEE 802.11 protocols in terms of security offered and overhead incurred to substantiate the fact that there is a need of a protocol which in addition to providing optimum security against attacks also maintains the latency and overhead. We also propose a secure and low-latency protocol known as Secure Authentication Protocol (SAP) which operates in two phases - registration and authentication, where the first phase is a one time process implemented using asymmetric cryptography and the second phase is implemented using symmetric cryptography. The protocol is structured in a way that it maintains the original structure of IEEE 802.11 protocols and performs both phases using fewer messages than existing protocols. By simulating the protocol using well-established OMNeT++ simulator, we proved that the proposed protocol incurs a low computation overhead, making it ideal for low-latency applications. We extensively verified the security properties of the proposed protocol using formal verification through widely-accepted Scyther tool. Finally, we perform a comparative analysis of SAP with existing IEEE 802.11 wireless network protocols to highlight the improvement.",,,,PISCATAWAY: IEEE,,,,,,,Englisch,,"Copyright The Institute of Electrical and Electronics Engineers, Inc. (IEEE) 2023 CC0 1.0 - Universal",Authentication    Computer science    Computer security    Cryptography    Engineering    IEEE 802.11 (Standard)    Industrial applications    Robotics    Technology    Telecommunication,,,"IEEE access, 2023, Vol.11, p.84620-84635",,,,,ISSN: 2169-3536 EISSN: 2169-3536 DOI: 10.1109/ACCESS.2023.3302529 CODEN: IAECCG,,ROAD,https://fu-berlin.primo.exlibrisgroup.com/permalink/49KOBV_FUB/dm8bhl/cdi_webofscience_primary_001049940300001CitationCount
SAP: A Secure Low-Latency Protocol for Mitigating High Computation Overhead in WI-FI Networks,,,"Jain, Vineeta   Wetzker, Ulf   Laxmi, Vijay   Gaur, Manoj Singh   Mosbah, Mohamed   Mery, Dominique",,,,,,,"The increase in popularity of wireless networks in industrial, embedded, medical and public sectors has made them an appealing attack surface for attackers who exploit the vulnerabilities in network protocols to launch attacks such as Evil Twin, Man-in-the-middle, sniffing, etc., which may result in economic and non-economic losses. To protect wireless networks against such attacks, IEEE 802.11 keep updating the protocol standards with new and more secure versions. There has always been a direct correlation between attacks and the improvement of protocol standards. As the sophistication of attacks increases, protocol standards tend to move towards higher security, resulting in a significant rise in both latency and computational overhead, and severe degradation in the performance of low-latency applications such as Industrial Internet of Things (IIoT), automotive, robotics, etc. In this paper, we make an attempt to highlight the importance of both latency and security in wireless networks from implementation and performance perspective. We make a review of existing IEEE 802.11 protocols in terms of security offered and overhead incurred to substantiate the fact that there is a need of a protocol which in addition to providing optimum security against attacks also maintains the latency and overhead. We also propose a secure and low-latency protocol known as Secure Authentication Protocol (SAP) which operates in two phases - registration and authentication, where the first phase is a one time process implemented using asymmetric cryptography and the second phase is implemented using symmetric cryptography. The protocol is structured in a way that it maintains the original structure of IEEE 802.11 protocols and performs both phases using fewer messages than existing protocols. By simulating the protocol using well-established OMNeT++ simulator, we proved that the proposed protocol incurs a low computation overhead, making it ideal for low-latency applications. We extensively verified the security properties of the proposed protocol using formal verification through widely-accepted Scyther tool. Finally, we perform a comparative analysis of SAP with existing IEEE 802.11 wireless network protocols to highlight the improvement.",,,,PISCATAWAY: IEEE,,,,,,,Englisch,,"Copyright The Institute of Electrical and Electronics Engineers, Inc. (IEEE) 2023 CC0 1.0 - Universal",Authentication    Computer science    Computer security    Cryptography    Engineering    IEEE 802.11 (Standard)    Industrial applications    Robotics    Technology    Telecommunication,,,"IEEE access, 2023, Vol.11, p.84620-84635",,,,,ISSN: 2169-3536 EISSN: 2169-3536 DOI: 10.1109/ACCESS.2023.3302529 CODEN: IAECCG,,Unpaywall,https://fu-berlin.primo.exlibrisgroup.com/permalink/49KOBV_FUB/dm8bhl/cdi_webofscience_primary_001049940300001CitationCount
SAP: A Secure Low-Latency Protocol for Mitigating High Computation Overhead in WI-FI Networks,,,"Jain, Vineeta   Wetzker, Ulf   Laxmi, Vijay   Gaur, Manoj Singh   Mosbah, Mohamed   Mery, Dominique",,,,,,,"The increase in popularity of wireless networks in industrial, embedded, medical and public sectors has made them an appealing attack surface for attackers who exploit the vulnerabilities in network protocols to launch attacks such as Evil Twin, Man-in-the-middle, sniffing, etc., which may result in economic and non-economic losses. To protect wireless networks against such attacks, IEEE 802.11 keep updating the protocol standards with new and more secure versions. There has always been a direct correlation between attacks and the improvement of protocol standards. As the sophistication of attacks increases, protocol standards tend to move towards higher security, resulting in a significant rise in both latency and computational overhead, and severe degradation in the performance of low-latency applications such as Industrial Internet of Things (IIoT), automotive, robotics, etc. In this paper, we make an attempt to highlight the importance of both latency and security in wireless networks from implementation and performance perspective. We make a review of existing IEEE 802.11 protocols in terms of security offered and overhead incurred to substantiate the fact that there is a need of a protocol which in addition to providing optimum security against attacks also maintains the latency and overhead. We also propose a secure and low-latency protocol known as Secure Authentication Protocol (SAP) which operates in two phases - registration and authentication, where the first phase is a one time process implemented using asymmetric cryptography and the second phase is implemented using symmetric cryptography. The protocol is structured in a way that it maintains the original structure of IEEE 802.11 protocols and performs both phases using fewer messages than existing protocols. By simulating the protocol using well-established OMNeT++ simulator, we proved that the proposed protocol incurs a low computation overhead, making it ideal for low-latency applications. We extensively verified the security properties of the proposed protocol using formal verification through widely-accepted Scyther tool. Finally, we perform a comparative analysis of SAP with existing IEEE 802.11 wireless network protocols to highlight the improvement.",,,,PISCATAWAY: IEEE,,,,,,,Englisch,,"Copyright The Institute of Electrical and Electronics Engineers, Inc. (IEEE) 2023 CC0 1.0 - Universal",Authentication    Computer science    Computer security    Cryptography    Engineering    IEEE 802.11 (Standard)    Industrial applications    Robotics    Technology    Telecommunication,,,"IEEE access, 2023, Vol.11, p.84620-84635",,,,,ISSN: 2169-3536 EISSN: 2169-3536 DOI: 10.1109/ACCESS.2023.3302529 CODEN: IAECCG,,Web of Science,https://fu-berlin.primo.exlibrisgroup.com/permalink/49KOBV_FUB/dm8bhl/cdi_webofscience_primary_001049940300001CitationCount
Cooperative Friendly Jamming Techniques for Drone-Based Mobile Secure Zone,,,"Jeon, Ga-Hye   Lee, Ji-Hyun   Sung, Yeon-Su   Park, Hyun-Ju   Lee, You-Jin   Yun, Sun-Woo   Lee, Il-Gu",,,,,,,"Threats of eavesdropping and information leakages have increased sharply owing to advancements in wireless communication technology. In particular, the Internet of Things (IoT) has become vulnerable to sniffing or jamming attacks because broadcast communication is usually conducted in open-network environments. Although improved security protocols have been proposed to overcome the limitations of wireless-communication technology and to secure safe communication channels, they are difficult to apply to mobile communication networks and IoT because complex hardware is required. Hence, a novel security model with a lighter weight and greater mobility is needed. In this paper, we propose a security model applying cooperative friendly jamming using artificial noise and drone mobility, which are autonomous moving objects, and we demonstrate the prevention of eavesdropping and improved security through simulations and field tests. The Cooperative Friendly Jamming Techniques for Drone-based Mobile Secure Zone (CFJ-DMZ) can set a secure zone in a target area to support a safe wireless mobile communication network through friendly jamming, which can effectively reduce eavesdropping threats. According to the experimental results, the average information leakage rate of the eavesdroppers in CFJ-DMZ-applied scenarios was less than or equal to 3%, an average improvement of 92% over conventional methods.",,,,BASEL: Mdpi,,,,,,,Englisch,,"COPYRIGHT 2022 MDPI AG 2022 by the authors. Licensee MDPI, Basel, Switzerland. This article is an open access article distributed under the terms and conditions of the Creative Commons Attribution (CC BY) license (https://creativecommons.org/licenses/by/4.0/). Notwithstanding the ProQuest Terms and Conditions, you may use this content in accordance with the terms of the License. 2022 by the authors. 2022",Chemistry    Computer networks    Drone aircraft    Engineering    Internet of things    Methodology    Methods    Physical sciences    Simulation methods    Technology,,,"Sensors (Basel, Switzerland), 2022-01, Vol.22 (3), p.865, Article 865",,,,,ISSN: 1424-8220 EISSN: 1424-8220 DOI: 10.3390/s22030865 PMID: 35161611,,DOAJ,https://fu-berlin.primo.exlibrisgroup.com/permalink/49KOBV_FUB/dm8bhl/cdi_pubmedcentral_primary_oai_pubmedcentral_nih_gov_8839985
Cooperative Friendly Jamming Techniques for Drone-Based Mobile Secure Zone,,,"Jeon, Ga-Hye   Lee, Ji-Hyun   Sung, Yeon-Su   Park, Hyun-Ju   Lee, You-Jin   Yun, Sun-Woo   Lee, Il-Gu",,,,,,,"Threats of eavesdropping and information leakages have increased sharply owing to advancements in wireless communication technology. In particular, the Internet of Things (IoT) has become vulnerable to sniffing or jamming attacks because broadcast communication is usually conducted in open-network environments. Although improved security protocols have been proposed to overcome the limitations of wireless-communication technology and to secure safe communication channels, they are difficult to apply to mobile communication networks and IoT because complex hardware is required. Hence, a novel security model with a lighter weight and greater mobility is needed. In this paper, we propose a security model applying cooperative friendly jamming using artificial noise and drone mobility, which are autonomous moving objects, and we demonstrate the prevention of eavesdropping and improved security through simulations and field tests. The Cooperative Friendly Jamming Techniques for Drone-based Mobile Secure Zone (CFJ-DMZ) can set a secure zone in a target area to support a safe wireless mobile communication network through friendly jamming, which can effectively reduce eavesdropping threats. According to the experimental results, the average information leakage rate of the eavesdroppers in CFJ-DMZ-applied scenarios was less than or equal to 3%, an average improvement of 92% over conventional methods.",,,,BASEL: Mdpi,,,,,,,Englisch,,"COPYRIGHT 2022 MDPI AG 2022 by the authors. Licensee MDPI, Basel, Switzerland. This article is an open access article distributed under the terms and conditions of the Creative Commons Attribution (CC BY) license (https://creativecommons.org/licenses/by/4.0/). Notwithstanding the ProQuest Terms and Conditions, you may use this content in accordance with the terms of the License. 2022 by the authors. 2022",Chemistry    Computer networks    Drone aircraft    Engineering    Internet of things    Methodology    Methods    Physical sciences    Simulation methods    Technology,,,"Sensors (Basel, Switzerland), 2022-01, Vol.22 (3), p.865, Article 865",,,,,ISSN: 1424-8220 EISSN: 1424-8220 DOI: 10.3390/s22030865 PMID: 35161611,,EZB,https://fu-berlin.primo.exlibrisgroup.com/permalink/49KOBV_FUB/dm8bhl/cdi_pubmedcentral_primary_oai_pubmedcentral_nih_gov_8839985
Cooperative Friendly Jamming Techniques for Drone-Based Mobile Secure Zone,,,"Jeon, Ga-Hye   Lee, Ji-Hyun   Sung, Yeon-Su   Park, Hyun-Ju   Lee, You-Jin   Yun, Sun-Woo   Lee, Il-Gu",,,,,,,"Threats of eavesdropping and information leakages have increased sharply owing to advancements in wireless communication technology. In particular, the Internet of Things (IoT) has become vulnerable to sniffing or jamming attacks because broadcast communication is usually conducted in open-network environments. Although improved security protocols have been proposed to overcome the limitations of wireless-communication technology and to secure safe communication channels, they are difficult to apply to mobile communication networks and IoT because complex hardware is required. Hence, a novel security model with a lighter weight and greater mobility is needed. In this paper, we propose a security model applying cooperative friendly jamming using artificial noise and drone mobility, which are autonomous moving objects, and we demonstrate the prevention of eavesdropping and improved security through simulations and field tests. The Cooperative Friendly Jamming Techniques for Drone-based Mobile Secure Zone (CFJ-DMZ) can set a secure zone in a target area to support a safe wireless mobile communication network through friendly jamming, which can effectively reduce eavesdropping threats. According to the experimental results, the average information leakage rate of the eavesdroppers in CFJ-DMZ-applied scenarios was less than or equal to 3%, an average improvement of 92% over conventional methods.",,,,BASEL: Mdpi,,,,,,,Englisch,,"COPYRIGHT 2022 MDPI AG 2022 by the authors. Licensee MDPI, Basel, Switzerland. This article is an open access article distributed under the terms and conditions of the Creative Commons Attribution (CC BY) license (https://creativecommons.org/licenses/by/4.0/). Notwithstanding the ProQuest Terms and Conditions, you may use this content in accordance with the terms of the License. 2022 by the authors. 2022",Chemistry    Computer networks    Drone aircraft    Engineering    Internet of things    Methodology    Methods    Physical sciences    Simulation methods    Technology,,,"Sensors (Basel, Switzerland), 2022-01, Vol.22 (3), p.865, Article 865",,,,,ISSN: 1424-8220 EISSN: 1424-8220 DOI: 10.3390/s22030865 PMID: 35161611,,ROAD,https://fu-berlin.primo.exlibrisgroup.com/permalink/49KOBV_FUB/dm8bhl/cdi_pubmedcentral_primary_oai_pubmedcentral_nih_gov_8839985
Cooperative Friendly Jamming Techniques for Drone-Based Mobile Secure Zone,,,"Jeon, Ga-Hye   Lee, Ji-Hyun   Sung, Yeon-Su   Park, Hyun-Ju   Lee, You-Jin   Yun, Sun-Woo   Lee, Il-Gu",,,,,,,"Threats of eavesdropping and information leakages have increased sharply owing to advancements in wireless communication technology. In particular, the Internet of Things (IoT) has become vulnerable to sniffing or jamming attacks because broadcast communication is usually conducted in open-network environments. Although improved security protocols have been proposed to overcome the limitations of wireless-communication technology and to secure safe communication channels, they are difficult to apply to mobile communication networks and IoT because complex hardware is required. Hence, a novel security model with a lighter weight and greater mobility is needed. In this paper, we propose a security model applying cooperative friendly jamming using artificial noise and drone mobility, which are autonomous moving objects, and we demonstrate the prevention of eavesdropping and improved security through simulations and field tests. The Cooperative Friendly Jamming Techniques for Drone-based Mobile Secure Zone (CFJ-DMZ) can set a secure zone in a target area to support a safe wireless mobile communication network through friendly jamming, which can effectively reduce eavesdropping threats. According to the experimental results, the average information leakage rate of the eavesdroppers in CFJ-DMZ-applied scenarios was less than or equal to 3%, an average improvement of 92% over conventional methods.",,,,BASEL: Mdpi,,,,,,,Englisch,,"COPYRIGHT 2022 MDPI AG 2022 by the authors. Licensee MDPI, Basel, Switzerland. This article is an open access article distributed under the terms and conditions of the Creative Commons Attribution (CC BY) license (https://creativecommons.org/licenses/by/4.0/). Notwithstanding the ProQuest Terms and Conditions, you may use this content in accordance with the terms of the License. 2022 by the authors. 2022",Chemistry    Computer networks    Drone aircraft    Engineering    Internet of things    Methodology    Methods    Physical sciences    Simulation methods    Technology,,,"Sensors (Basel, Switzerland), 2022-01, Vol.22 (3), p.865, Article 865",,,,,ISSN: 1424-8220 EISSN: 1424-8220 DOI: 10.3390/s22030865 PMID: 35161611,,Web of Science,https://fu-berlin.primo.exlibrisgroup.com/permalink/49KOBV_FUB/dm8bhl/cdi_pubmedcentral_primary_oai_pubmedcentral_nih_gov_8839985
The Dangers of Public Wi-Fi and Mitigation Strategies: A Comprehensive Analysis,,,,,,,,,,,,,,,,,,,,,Englisch,,,,,,Physical Education Health and Social Sciences,,,,,ISSN: 2958-5996 ISSN: 2958-5988 DOI: 10.63163/jpehss.v4i1.1098,,Unpaywall,https://fu-berlin.primo.exlibrisgroup.com/permalink/49KOBV_FUB/dm8bhl/cdi_unpaywall_primary_10_63163_jpehss_v4i1_1098
SAP: A Secure Low-latency Protocol for Mitigating High Computation Overhead in WI-FI Networks,,,,,,,,,,,,,,,,,,,,,Englisch,,,,,,TechRxiv,,,,,DOI: 10.36227/techrxiv.20118803.v3,,Unpaywall,https://fu-berlin.primo.exlibrisgroup.com/permalink/49KOBV_FUB/dm8bhl/cdi_unpaywall_primary_10_36227_techrxiv_20118803_v3
Wireless Network Penetration Testing,,,K Royce Richi Daniel   Dr. Lipsa Nayak,,,,,,,"Wireless networks are a fundamental part of modern communication, offering convenience and flexibility. However, they also present unique security challenges due to their broadcast nature and vulnerability to unauthorized access. This project focuses on the process of wireless network penetration testing — a method used to evaluate the security posture of Wi-Fi networks through ethical hacking techniques. The objective of this project is to identify potential vulnerabilities in wireless networks and demonstrate how attackers might exploit these flaws. Techniques such as passive scanning, packet sniffing, deauthentication attacks, handshake capturing, and password cracking are employed using tools like Wireshark, Aircrack-ng, and Kali Linux. The project also explores advanced threats including rogue access points and Evil Twin attacks.",,,,,,,,,,,Englisch,,,,,,"International Journal of Latest Technology in Engineering Management & Applied Science, 2025-05, Vol.14 (4), p.543-546",,,,,ISSN: 2278-2540 EISSN: 2278-2540 DOI: 10.51583/IJLTEMAS.2025.140400056,,EZB,https://fu-berlin.primo.exlibrisgroup.com/permalink/49KOBV_FUB/dm8bhl/cdi_crossref_primary_10_51583_IJLTEMAS_2025_140400056
Wireless Network Penetration Testing,,,K Royce Richi Daniel   Dr. Lipsa Nayak,,,,,,,"Wireless networks are a fundamental part of modern communication, offering convenience and flexibility. However, they also present unique security challenges due to their broadcast nature and vulnerability to unauthorized access. This project focuses on the process of wireless network penetration testing — a method used to evaluate the security posture of Wi-Fi networks through ethical hacking techniques. The objective of this project is to identify potential vulnerabilities in wireless networks and demonstrate how attackers might exploit these flaws. Techniques such as passive scanning, packet sniffing, deauthentication attacks, handshake capturing, and password cracking are employed using tools like Wireshark, Aircrack-ng, and Kali Linux. The project also explores advanced threats including rogue access points and Evil Twin attacks.",,,,,,,,,,,Englisch,,,,,,"International Journal of Latest Technology in Engineering Management & Applied Science, 2025-05, Vol.14 (4), p.543-546",,,,,ISSN: 2278-2540 EISSN: 2278-2540 DOI: 10.51583/IJLTEMAS.2025.140400056,,Unpaywall,https://fu-berlin.primo.exlibrisgroup.com/permalink/49KOBV_FUB/dm8bhl/cdi_crossref_primary_10_51583_IJLTEMAS_2025_140400056
