Titel,Werktitel,Übersetzter Titel,Autor*in,Mitwirkende/r,Digitalisat,Inhaltstyp,Hochschulschrift,Inhaltstyp,Inhalt,Beschreibung,Verknüpfte Titel,Anmerkungen,Serie,Verlag,Erschienen,Verlauf,Ausgabe,Nachdruck,Format,Häufigkeit,Sprache,Gebunden mit,Rechte,Thema,MESH Schlagwörter,Klassifikation,Ist enthalten in,Kursinformationen,Anmerkungen,Anmerkungen,Thema,Identifikator,Lokale Signatur,Quelle,Link
Trajectory mapping through channel state information by triangulation method and fine-tuning,,,"Abuhoureyah, Fahd   Wong, Yan Chiew   Mohd Isira, Ahmad Sadhiqin",,,,,,,"Trajectory mapping techniques have widespread applications in diverse fields, including robotics, localization, smart environments, gaming, and tracking systems. However, existing free devices encounter challenges in representing trajectories, thereby limiting the effectiveness of applications such as robotics, localization, and tracking systems. The imprecise mappings generated by these methods lead to suboptimal performance and unreliable results. The proposed approach leverages WiFi sensing through channel state information (CSI), triangulation techniques, and a fine-tuning mechanism to enhance trajectory precision within indoor environment trajectory mapping. The proposed solution employs a domain adapter fine-tuning technique to enable location-independent tracking via CSI, minimizing errors. The use of CSI MIMO signals for trajectory mapping offers enhanced spatial resolution, robust multipath handling, and improved accuracy in tracking movement by leveraging multiple antenna channels and exploiting the rich information embedded in signal reflections and scattering, while triangulation aids in accurately determining the location of objects or targets. Furthermore, incorporating a fine-tuning mechanism refines the generated trajectories. The findings demonstrate substantial enhancements in mapping precision, with an accuracy of 95.5% in tracking 13 paths within the new domain. These results underscore the effectiveness of the proposed approach in overcoming the limitations of existing methods and achieving highly accurate trajectory mapping.",,,,Berlin/Heidelberg: Springer Berlin Heidelberg,,,,,,,Englisch,,"The Author(s) 2024 The Author(s) 2024. This work is published under http://creativecommons.org/licenses/by/4.0/ (the “License”). Notwithstanding the ProQuest Terms and Conditions, you may use this content in accordance with the terms of the License.",Adaptation    Algorithms    Civil engineering    Electrical engineering    Engineering    Engineering mathematics    Estimates    Mechanical engineering    Methodology    Methods    Propagation    Research    Robotics    Triangulation,,,"Journal of engineering and applied science (Online), 2024-12, Vol.71 (1), p.196-36, Article 196",,,,,ISSN: 1110-1903 ISSN: 2536-9512 EISSN: 2536-9512 DOI: 10.1186/s44147-024-00531-6,,DOAJ,https://fu-berlin.primo.exlibrisgroup.com/permalink/49KOBV_FUB/dm8bhl/cdi_proquest_journals_3112984138
Trajectory mapping through channel state information by triangulation method and fine-tuning,,,"Abuhoureyah, Fahd   Wong, Yan Chiew   Mohd Isira, Ahmad Sadhiqin",,,,,,,"Trajectory mapping techniques have widespread applications in diverse fields, including robotics, localization, smart environments, gaming, and tracking systems. However, existing free devices encounter challenges in representing trajectories, thereby limiting the effectiveness of applications such as robotics, localization, and tracking systems. The imprecise mappings generated by these methods lead to suboptimal performance and unreliable results. The proposed approach leverages WiFi sensing through channel state information (CSI), triangulation techniques, and a fine-tuning mechanism to enhance trajectory precision within indoor environment trajectory mapping. The proposed solution employs a domain adapter fine-tuning technique to enable location-independent tracking via CSI, minimizing errors. The use of CSI MIMO signals for trajectory mapping offers enhanced spatial resolution, robust multipath handling, and improved accuracy in tracking movement by leveraging multiple antenna channels and exploiting the rich information embedded in signal reflections and scattering, while triangulation aids in accurately determining the location of objects or targets. Furthermore, incorporating a fine-tuning mechanism refines the generated trajectories. The findings demonstrate substantial enhancements in mapping precision, with an accuracy of 95.5% in tracking 13 paths within the new domain. These results underscore the effectiveness of the proposed approach in overcoming the limitations of existing methods and achieving highly accurate trajectory mapping.",,,,Berlin/Heidelberg: Springer Berlin Heidelberg,,,,,,,Englisch,,"The Author(s) 2024 The Author(s) 2024. This work is published under http://creativecommons.org/licenses/by/4.0/ (the “License”). Notwithstanding the ProQuest Terms and Conditions, you may use this content in accordance with the terms of the License.",Adaptation    Algorithms    Civil engineering    Electrical engineering    Engineering    Engineering mathematics    Estimates    Mechanical engineering    Methodology    Methods    Propagation    Research    Robotics    Triangulation,,,"Journal of engineering and applied science (Online), 2024-12, Vol.71 (1), p.196-36, Article 196",,,,,ISSN: 1110-1903 ISSN: 2536-9512 EISSN: 2536-9512 DOI: 10.1186/s44147-024-00531-6,,EZB,https://fu-berlin.primo.exlibrisgroup.com/permalink/49KOBV_FUB/dm8bhl/cdi_proquest_journals_3112984138
Trajectory mapping through channel state information by triangulation method and fine-tuning,,,"Abuhoureyah, Fahd   Wong, Yan Chiew   Mohd Isira, Ahmad Sadhiqin",,,,,,,"Trajectory mapping techniques have widespread applications in diverse fields, including robotics, localization, smart environments, gaming, and tracking systems. However, existing free devices encounter challenges in representing trajectories, thereby limiting the effectiveness of applications such as robotics, localization, and tracking systems. The imprecise mappings generated by these methods lead to suboptimal performance and unreliable results. The proposed approach leverages WiFi sensing through channel state information (CSI), triangulation techniques, and a fine-tuning mechanism to enhance trajectory precision within indoor environment trajectory mapping. The proposed solution employs a domain adapter fine-tuning technique to enable location-independent tracking via CSI, minimizing errors. The use of CSI MIMO signals for trajectory mapping offers enhanced spatial resolution, robust multipath handling, and improved accuracy in tracking movement by leveraging multiple antenna channels and exploiting the rich information embedded in signal reflections and scattering, while triangulation aids in accurately determining the location of objects or targets. Furthermore, incorporating a fine-tuning mechanism refines the generated trajectories. The findings demonstrate substantial enhancements in mapping precision, with an accuracy of 95.5% in tracking 13 paths within the new domain. These results underscore the effectiveness of the proposed approach in overcoming the limitations of existing methods and achieving highly accurate trajectory mapping.",,,,Berlin/Heidelberg: Springer Berlin Heidelberg,,,,,,,Englisch,,"The Author(s) 2024 The Author(s) 2024. This work is published under http://creativecommons.org/licenses/by/4.0/ (the “License”). Notwithstanding the ProQuest Terms and Conditions, you may use this content in accordance with the terms of the License.",Adaptation    Algorithms    Civil engineering    Electrical engineering    Engineering    Engineering mathematics    Estimates    Mechanical engineering    Methodology    Methods    Propagation    Research    Robotics    Triangulation,,,"Journal of engineering and applied science (Online), 2024-12, Vol.71 (1), p.196-36, Article 196",,,,,ISSN: 1110-1903 ISSN: 2536-9512 EISSN: 2536-9512 DOI: 10.1186/s44147-024-00531-6,,ROAD,https://fu-berlin.primo.exlibrisgroup.com/permalink/49KOBV_FUB/dm8bhl/cdi_proquest_journals_3112984138
Trajectory mapping through channel state information by triangulation method and fine-tuning,,,"Abuhoureyah, Fahd   Wong, Yan Chiew   Mohd Isira, Ahmad Sadhiqin",,,,,,,"Trajectory mapping techniques have widespread applications in diverse fields, including robotics, localization, smart environments, gaming, and tracking systems. However, existing free devices encounter challenges in representing trajectories, thereby limiting the effectiveness of applications such as robotics, localization, and tracking systems. The imprecise mappings generated by these methods lead to suboptimal performance and unreliable results. The proposed approach leverages WiFi sensing through channel state information (CSI), triangulation techniques, and a fine-tuning mechanism to enhance trajectory precision within indoor environment trajectory mapping. The proposed solution employs a domain adapter fine-tuning technique to enable location-independent tracking via CSI, minimizing errors. The use of CSI MIMO signals for trajectory mapping offers enhanced spatial resolution, robust multipath handling, and improved accuracy in tracking movement by leveraging multiple antenna channels and exploiting the rich information embedded in signal reflections and scattering, while triangulation aids in accurately determining the location of objects or targets. Furthermore, incorporating a fine-tuning mechanism refines the generated trajectories. The findings demonstrate substantial enhancements in mapping precision, with an accuracy of 95.5% in tracking 13 paths within the new domain. These results underscore the effectiveness of the proposed approach in overcoming the limitations of existing methods and achieving highly accurate trajectory mapping.",,,,Berlin/Heidelberg: Springer Berlin Heidelberg,,,,,,,Englisch,,"The Author(s) 2024 The Author(s) 2024. This work is published under http://creativecommons.org/licenses/by/4.0/ (the “License”). Notwithstanding the ProQuest Terms and Conditions, you may use this content in accordance with the terms of the License.",Adaptation    Algorithms    Civil engineering    Electrical engineering    Engineering    Engineering mathematics    Estimates    Mechanical engineering    Methodology    Methods    Propagation    Research    Robotics    Triangulation,,,"Journal of engineering and applied science (Online), 2024-12, Vol.71 (1), p.196-36, Article 196",,,,,ISSN: 1110-1903 ISSN: 2536-9512 EISSN: 2536-9512 DOI: 10.1186/s44147-024-00531-6,,Unpaywall,https://fu-berlin.primo.exlibrisgroup.com/permalink/49KOBV_FUB/dm8bhl/cdi_proquest_journals_3112984138
Machine learning and dynamic user interfaces in a context aware nurse application environment,,,"Ham, Nathaniel   Dirin, Amir   Laine, Teemu H.",,,,,,,"The increasing usage of smartphones in daily life has received considerable attention in academic and industry driven research to be utilized in the health sector. There has been development of a variety of health-related smartphone applications. Currently, however, there are few to none applications based on nurses’ historical or behavioral preferences. Mobile application development for the health care sector requires extensive attention to security, reliability, and accuracy. In nursing applications, the users are often required to navigate in hospital environments, select patients to support, read the patient history and set action points to assist the patient during their shift. Finally, they have to report their performance on patient related activities and other relevant information before they leave for the day. In a working day, a nurse often visits different locations such as the patient’s room, different laboratories, and offices for filling reports. There is still a limited capability to access context relevant information on a smartphone with minimal recourse such as Wi-Fi triangulation. The Wi-Fi triangulation signals fluctuate significantly for indoor location positioning. Therefore, providing relevant location based services to a mobile subscriber has become challenging. This paper addresses this gap by applying machine learning and behavior analysis to anticipate the potential location of the nurse and provide the required services. The application concept was already presented at the IMCOM 2015 conference. This paper focuses on the process to ascertain a user’s context, the process of analyzing and predicting user behavior, and finally, the process of displaying the information through a dynamically generated UI.",,,,Berlin/Heidelberg: Springer Berlin Heidelberg,,,,,,,Englisch,,Springer-Verlag Berlin Heidelberg 2016 Springer-Verlag Berlin Heidelberg 2016.,Algorithms    Artificial intelligence    Computational intelligence    Computer science    Context    Cooperation    Data Analysis    Designers    Engineering    Machine learning    Methodology    Methods    Mobile communication systems in education    Mobile computing    Nurses    Smartphones    Technology    Telecommunication    Triangulation    User-Centered Design,,,"Journal of ambient intelligence and humanized computing, 2017-04, Vol.8 (2), p.259-271",,,,,ISSN: 1868-5137 EISSN: 1868-5145 DOI: 10.1007/s12652-016-0384-1,,Web of Science,https://fu-berlin.primo.exlibrisgroup.com/permalink/49KOBV_FUB/dm8bhl/cdi_springer_journals_10_1007_s12652_016_0384_1
Enhancing Indoor Positioning Accuracy using a Hybrid Li-Fi/Wi-Fi System with Deep Learning Support,,,"Mustafa, Zeena   Hamza, Ekhlas Kasam",,,,,,,"This study proposes a new indoor positioning system that utilizes Li-Fi/Wi-Fi technology and the Received Signal Strength (RSS) triangulation method, aided by a Deep Neural Network (DNN) for better system accuracy. The proposed system uses several Light-Emitting Diodes (LEDs) as light emitters and photodetectors as receivers to determine the position of a user in an indoor environment. Photodetectors measure the RSS of a Li-Fi or Wi-Fi signal, which is then used to calculate the distance between the light sources and the user. RSS values are entered into a DL model to improve the accuracy of the positioning system by predicting the location of the user in more detail. The proposed system was experimentally tested and the results show that this method can achieve high positioning accuracy. The main objective of this work was to locate the mobile user within a room equipped with Li-Fi technology and obtain the best possible coverage of service to the user. In the first stage of data simulation, the triangulation technique achieved average errors of 2.174×10-14 cm, 6.450×10-14 cm, and 4.657×10-11 cm for the x, y, and z axes, respectively. This indicates the proximity of the simulation results to the actual ones. In the second stage, when RSS triangulation was applied with noise effects, the average error was 2.060×10-3 cm, 4.565×10-3 cm, and 5.110× 10-3 cm for the x, y, and z axes, respectively. A DL technique was used to handle noise, and the greatest error for the x, y, and z axes was 2.520 cm, 2.260 cm, and 4.230 cm in a 6×4×3 m indoor environment.",,,,,,,,,,,Englisch,,,,,,"Engineering, technology & applied science research, 2025-04, Vol.15 (2), p.21575-21585",,,,,ISSN: 2241-4487 ISSN: 1792-8036 EISSN: 1792-8036 DOI: 10.48084/etasr.10249,,EZB,https://fu-berlin.primo.exlibrisgroup.com/permalink/49KOBV_FUB/dm8bhl/cdi_unpaywall_primary_10_48084_etasr_10249
Enhancing Indoor Positioning Accuracy using a Hybrid Li-Fi/Wi-Fi System with Deep Learning Support,,,"Mustafa, Zeena   Hamza, Ekhlas Kasam",,,,,,,"This study proposes a new indoor positioning system that utilizes Li-Fi/Wi-Fi technology and the Received Signal Strength (RSS) triangulation method, aided by a Deep Neural Network (DNN) for better system accuracy. The proposed system uses several Light-Emitting Diodes (LEDs) as light emitters and photodetectors as receivers to determine the position of a user in an indoor environment. Photodetectors measure the RSS of a Li-Fi or Wi-Fi signal, which is then used to calculate the distance between the light sources and the user. RSS values are entered into a DL model to improve the accuracy of the positioning system by predicting the location of the user in more detail. The proposed system was experimentally tested and the results show that this method can achieve high positioning accuracy. The main objective of this work was to locate the mobile user within a room equipped with Li-Fi technology and obtain the best possible coverage of service to the user. In the first stage of data simulation, the triangulation technique achieved average errors of 2.174×10-14 cm, 6.450×10-14 cm, and 4.657×10-11 cm for the x, y, and z axes, respectively. This indicates the proximity of the simulation results to the actual ones. In the second stage, when RSS triangulation was applied with noise effects, the average error was 2.060×10-3 cm, 4.565×10-3 cm, and 5.110× 10-3 cm for the x, y, and z axes, respectively. A DL technique was used to handle noise, and the greatest error for the x, y, and z axes was 2.520 cm, 2.260 cm, and 4.230 cm in a 6×4×3 m indoor environment.",,,,,,,,,,,Englisch,,,,,,"Engineering, technology & applied science research, 2025-04, Vol.15 (2), p.21575-21585",,,,,ISSN: 2241-4487 ISSN: 1792-8036 EISSN: 1792-8036 DOI: 10.48084/etasr.10249,,ROAD,https://fu-berlin.primo.exlibrisgroup.com/permalink/49KOBV_FUB/dm8bhl/cdi_unpaywall_primary_10_48084_etasr_10249
Enhancing Indoor Positioning Accuracy using a Hybrid Li-Fi/Wi-Fi System with Deep Learning Support,,,"Mustafa, Zeena   Hamza, Ekhlas Kasam",,,,,,,"This study proposes a new indoor positioning system that utilizes Li-Fi/Wi-Fi technology and the Received Signal Strength (RSS) triangulation method, aided by a Deep Neural Network (DNN) for better system accuracy. The proposed system uses several Light-Emitting Diodes (LEDs) as light emitters and photodetectors as receivers to determine the position of a user in an indoor environment. Photodetectors measure the RSS of a Li-Fi or Wi-Fi signal, which is then used to calculate the distance between the light sources and the user. RSS values are entered into a DL model to improve the accuracy of the positioning system by predicting the location of the user in more detail. The proposed system was experimentally tested and the results show that this method can achieve high positioning accuracy. The main objective of this work was to locate the mobile user within a room equipped with Li-Fi technology and obtain the best possible coverage of service to the user. In the first stage of data simulation, the triangulation technique achieved average errors of 2.174×10-14 cm, 6.450×10-14 cm, and 4.657×10-11 cm for the x, y, and z axes, respectively. This indicates the proximity of the simulation results to the actual ones. In the second stage, when RSS triangulation was applied with noise effects, the average error was 2.060×10-3 cm, 4.565×10-3 cm, and 5.110× 10-3 cm for the x, y, and z axes, respectively. A DL technique was used to handle noise, and the greatest error for the x, y, and z axes was 2.520 cm, 2.260 cm, and 4.230 cm in a 6×4×3 m indoor environment.",,,,,,,,,,,Englisch,,,,,,"Engineering, technology & applied science research, 2025-04, Vol.15 (2), p.21575-21585",,,,,ISSN: 2241-4487 ISSN: 1792-8036 EISSN: 1792-8036 DOI: 10.48084/etasr.10249,,Unpaywall,https://fu-berlin.primo.exlibrisgroup.com/permalink/49KOBV_FUB/dm8bhl/cdi_unpaywall_primary_10_48084_etasr_10249
GraphLoc: a graph-based method for indoor subarea localization with zero-configuration,,,"Chen, Yuanyi   Guo, Minyi   Shen, Jiaxing   Cao, Jiannong",,,,,,,"Indoor subarea localization can facilitate numerous location-based services, such as indoor navigation, indoor POI recommendation and mobile advertising. Most existing subarea localization approaches suffer from two bottlenecks, one is fingerprint-based methods require time-consuming site survey and another is triangulation-based methods are lack of scalability. In this paper, we propose a graph-based method for indoor subarea localization with zero-configuration. Zero-configuration means the proposed method can be directly employed in indoor environment without time-consuming site survey or pre-installing additional infrastructure. To accomplish this, we first utilize two unexploited characteristics of WiFi radio signal strength to generate logical floor graph and then formulate the problem of constructing fingerprint map as a graph isomorphism problem between logical floor graph and physical floor graph. In online localization phase, a Bayesian-based approach is utilized to estimate the unknown subarea. The proposed method has been implemented in a real-world shopping mall, and extensive experimental results show that the proposed method can achieve competitive performance comparing with existing methods.",,,,London: Springer London,,,,,,,Englisch,,"Springer-Verlag London 2017 Personal and Ubiquitous Computing is a copyright of Springer, 2017.",Advertising    Bayesian statistical decision theory    Computer science    Methodology    Methods    Mobile computing    Radio    Shopping    Technology    Telecommunication    Triangulation,,,"Personal and ubiquitous computing, 2017-06, Vol.21 (3), p.489-505",,,,,ISSN: 1617-4909 ISSN: 1617-4917 EISSN: 1617-4917 DOI: 10.1007/s00779-017-1011-7,,Unpaywall,https://fu-berlin.primo.exlibrisgroup.com/permalink/49KOBV_FUB/dm8bhl/cdi_proquest_journals_1923215705
GraphLoc: a graph-based method for indoor subarea localization with zero-configuration,,,"Chen, Yuanyi   Guo, Minyi   Shen, Jiaxing   Cao, Jiannong",,,,,,,"Indoor subarea localization can facilitate numerous location-based services, such as indoor navigation, indoor POI recommendation and mobile advertising. Most existing subarea localization approaches suffer from two bottlenecks, one is fingerprint-based methods require time-consuming site survey and another is triangulation-based methods are lack of scalability. In this paper, we propose a graph-based method for indoor subarea localization with zero-configuration. Zero-configuration means the proposed method can be directly employed in indoor environment without time-consuming site survey or pre-installing additional infrastructure. To accomplish this, we first utilize two unexploited characteristics of WiFi radio signal strength to generate logical floor graph and then formulate the problem of constructing fingerprint map as a graph isomorphism problem between logical floor graph and physical floor graph. In online localization phase, a Bayesian-based approach is utilized to estimate the unknown subarea. The proposed method has been implemented in a real-world shopping mall, and extensive experimental results show that the proposed method can achieve competitive performance comparing with existing methods.",,,,London: Springer London,,,,,,,Englisch,,"Springer-Verlag London 2017 Personal and Ubiquitous Computing is a copyright of Springer, 2017.",Advertising    Bayesian statistical decision theory    Computer science    Methodology    Methods    Mobile computing    Radio    Shopping    Technology    Telecommunication    Triangulation,,,"Personal and ubiquitous computing, 2017-06, Vol.21 (3), p.489-505",,,,,ISSN: 1617-4909 ISSN: 1617-4917 EISSN: 1617-4917 DOI: 10.1007/s00779-017-1011-7,,Web of Science,https://fu-berlin.primo.exlibrisgroup.com/permalink/49KOBV_FUB/dm8bhl/cdi_proquest_journals_1923215705
Improving bluetooth beacon-based indoor location and fingerprinting,,,"Martins, Pedro   Abbasi, Maryam   Sá, Filipe   Cecílio, José   Morgado, Francisco   Caldeira, Filipe",,,,,,,"The complex way radio waves propagate indoors, leads to the derivation of location using fingerprinting techniques. In this cases, location is computed relying on WiFi signals strength mapping. Recent Bluetooth low energy (BLE) provides new opportunities to explore positioning. In this work is studied how BLE beacons radio signals can be used for indoor location scenarios, as well as their precision. Additionally, this paper also introduces a method for beacon-based positioning, based on signal strength measurements at key distances for each beacon. This method allows to use different beacon types, brands, and location conditions/constraints. Depending on each situation (i.e., hardware and location) it is possible to adapt the distance measuring curve to minimize errors and support higher distances, while at the same time keeping good precision. Moreover, this paper also presents a comparison with traditional positioning method, using formulas for distance estimation, and the position triangulation. The proposed study is performed inside the campus of Viseu Polytechnic Institute, and tested using a group of students, each with his smart-phone, as proof of concept. Experimental results show that BLE allows having ",,,,Berlin/Heidelberg: Springer Berlin Heidelberg,,,,,,,Englisch,,"Springer-Verlag GmbH Germany, part of Springer Nature 2019 Springer-Verlag GmbH Germany, part of Springer Nature 2019.",Advertising    Artificial intelligence    Communication    Computational intelligence    Computer science    Engineering    Fingerprints    Radio waves    Smartphones    Technology    Telecommunication    Triangulation,,,"Journal of ambient intelligence and humanized computing, 2020-10, Vol.11 (10), p.3907-3919",,,,,ISSN: 1868-5137 ISSN: 1868-5145 EISSN: 1868-5145 DOI: 10.1007/s12652-019-01626-2,,Unpaywall,https://fu-berlin.primo.exlibrisgroup.com/permalink/49KOBV_FUB/dm8bhl/cdi_unpaywall_primary_10_1007_s12652_019_01626_2
Improving bluetooth beacon-based indoor location and fingerprinting,,,"Martins, Pedro   Abbasi, Maryam   Sá, Filipe   Cecílio, José   Morgado, Francisco   Caldeira, Filipe",,,,,,,"The complex way radio waves propagate indoors, leads to the derivation of location using fingerprinting techniques. In this cases, location is computed relying on WiFi signals strength mapping. Recent Bluetooth low energy (BLE) provides new opportunities to explore positioning. In this work is studied how BLE beacons radio signals can be used for indoor location scenarios, as well as their precision. Additionally, this paper also introduces a method for beacon-based positioning, based on signal strength measurements at key distances for each beacon. This method allows to use different beacon types, brands, and location conditions/constraints. Depending on each situation (i.e., hardware and location) it is possible to adapt the distance measuring curve to minimize errors and support higher distances, while at the same time keeping good precision. Moreover, this paper also presents a comparison with traditional positioning method, using formulas for distance estimation, and the position triangulation. The proposed study is performed inside the campus of Viseu Polytechnic Institute, and tested using a group of students, each with his smart-phone, as proof of concept. Experimental results show that BLE allows having ",,,,Berlin/Heidelberg: Springer Berlin Heidelberg,,,,,,,Englisch,,"Springer-Verlag GmbH Germany, part of Springer Nature 2019 Springer-Verlag GmbH Germany, part of Springer Nature 2019.",Advertising    Artificial intelligence    Communication    Computational intelligence    Computer science    Engineering    Fingerprints    Radio waves    Smartphones    Technology    Telecommunication    Triangulation,,,"Journal of ambient intelligence and humanized computing, 2020-10, Vol.11 (10), p.3907-3919",,,,,ISSN: 1868-5137 ISSN: 1868-5145 EISSN: 1868-5145 DOI: 10.1007/s12652-019-01626-2,,Web of Science,https://fu-berlin.primo.exlibrisgroup.com/permalink/49KOBV_FUB/dm8bhl/cdi_unpaywall_primary_10_1007_s12652_019_01626_2
Design and Implementation of Indoor Positioning System using Bluetooth Low Energy,,,"Hu, Xianfeng   Yu, Kun-Ming   Chuang, Ken H.   Hsu, Huan-Po   Liu, Chung-Hsing   Tung, Shang-Wei   Chen, Yen-Chiu   Lei, Ming-Yuan   Tsai, Nancy",,,,,,,"Most of the positioning systems nowadays require GPS. In indoor environments, however, GPS signals cannot be received properly due to the obstructions of the walls in the building. Therefore, other techniques such as RFID, Zigbee, WIFI or Bluetooth, are used based on the power loss, cost, or transmission range considerations. Our study, conducted at the AI+ Experience Center of Chung Hua University, adopts Bluetooth 5.0-based equipment and uses the received signal strength indication (RSSI) and triangulation method to perform indoor positioning. Our results show that Bluetooth positioning is more accurate in the sense that when the distance is within 1∼3 meters, the error with the actual position is about 1 meter, which is more accurate than the RFID or WIFI positioning with the error of 2∼3 meters.",,,,Bristol: IOP Publishing,,,,,,,Englisch,,"Published under licence by IOP Publishing Ltd 2020. This work is published under http://creativecommons.org/licenses/by/3.0/ (the “License”). Notwithstanding the ProQuest Terms and Conditions, you may use this content in accordance with the terms of the License.",Triangulation,,,"IOP conference series. Materials Science and Engineering, 2020-03, Vol.790 (1), p.12009",,,,,ISSN: 1757-8981 ISSN: 1757-899X EISSN: 1757-899X DOI: 10.1088/1757-899X/790/1/012009,,Unpaywall,https://fu-berlin.primo.exlibrisgroup.com/permalink/49KOBV_FUB/dm8bhl/cdi_proquest_journals_2562241660
A WiFi-Based Weighted Screening Method for Indoor Positioning Systems,,,"Liu, Hung-Huan   Lo, Wei-Hsiang   Tseng, Chih-Cheng   Shin, Haw-Yun",,,,,,,"Past studies of WiFi-based indoor positioning systems (IPS) have mainly been divided into three types of positioning: proximity, trilateration, and scene analysis. This paper proposes a WiFi-based weighted screening method (WSM) to improve displacement error in trilateration. WSM is designed for part of pedestrian navigation in indoor environment which most likely use smart phone as the WiFi signal detector. Thus the less computational power consuming, irregular deploying position of APs and the irregular RSSI variation are all take into consideration when designing WSM. Experiment results show that this method performs better than conventional matrix method and the error correction algorithm, one trilateration in IPS.",,,,Boston: Springer US,,,,,,,Englisch,,Springer Science+Business Media New York 2014 2015 INIST-CNRS,Algorithms    Artificial intelligence    Computer networks    Displacement    Engineering    Methodology    Methods    Navigation    Pedestrians    Realtime . . .    Smartphones    Technology    Telecommunication,,,"Wireless personal communications, 2014-11, Vol.79 (1), p.611-627",,,,,ISSN: 0929-6212 ISSN: 1572-834X EISSN: 1572-834X DOI: 10.1007/s11277-014-1876-y,,Unpaywall,https://fu-berlin.primo.exlibrisgroup.com/permalink/49KOBV_FUB/dm8bhl/cdi_proquest_journals_3347046986
A WiFi-Based Weighted Screening Method for Indoor Positioning Systems,,,"Liu, Hung-Huan   Lo, Wei-Hsiang   Tseng, Chih-Cheng   Shin, Haw-Yun",,,,,,,"Past studies of WiFi-based indoor positioning systems (IPS) have mainly been divided into three types of positioning: proximity, trilateration, and scene analysis. This paper proposes a WiFi-based weighted screening method (WSM) to improve displacement error in trilateration. WSM is designed for part of pedestrian navigation in indoor environment which most likely use smart phone as the WiFi signal detector. Thus the less computational power consuming, irregular deploying position of APs and the irregular RSSI variation are all take into consideration when designing WSM. Experiment results show that this method performs better than conventional matrix method and the error correction algorithm, one trilateration in IPS.",,,,Boston: Springer US,,,,,,,Englisch,,Springer Science+Business Media New York 2014 2015 INIST-CNRS,Algorithms    Artificial intelligence    Computer networks    Displacement    Engineering    Methodology    Methods    Navigation    Pedestrians    Realtime . . .    Smartphones    Technology    Telecommunication,,,"Wireless personal communications, 2014-11, Vol.79 (1), p.611-627",,,,,ISSN: 0929-6212 ISSN: 1572-834X EISSN: 1572-834X DOI: 10.1007/s11277-014-1876-y,,Web of Science,https://fu-berlin.primo.exlibrisgroup.com/permalink/49KOBV_FUB/dm8bhl/cdi_proquest_journals_3347046986
Visible Light Positioning for 2D/3D Indoor Environments Using Extreme Learning Algorithms,,,"Pacheco-Valenzuela, Nicolas   Zabala-Blanco, David   Azurdia-Meza, Cesar   Soto, Ismael   Palacios Jativa, Pablo   Ahumada-Garcia, Roberto   Vasquez-Iglesias, Philip   Carreno Mosqueira, Cristobal   Krommenacker, Nicolas   Charpentier, Patrick   Sanchez, Ivan",,,,,,,"This paper tackles indoor receiver localization as a regression task using visible light positioning (VLP). This technology has gained prominence as an alternative to conventional indoor positioning. Traditional systems such as WiFi and ZigBee face notable drawbacks: electromagnetic interference, added infrastructure, limited accuracy, and high deployment costs. In general, classical positioning approaches-lateration, triangulation, proximity, and least squares-typically infer location from measurements like received signal strength (RSS), time of arrival (TOA), time difference of arrival (TDOA), or angle of arrival (AOA). However, in real-world VLP scenarios, these methods face difficulties since they depend on ideal signals, which means unaffected by physical obstacles and perfectly aligned between transmitters and receiver. Our work proposes the application of the extreme learning machine (ELM) algorithm, its regularized version (R-ELM) and the Levenberg-Marquardt algorithm (LMA), to predict the receiver's position based simply on the light signals emitted by light-emitting diodes (LEDs) and captured by a photodiode (PD). To evaluate the overall performance of these models, two experimental datasets were used: one in a 2D environment with 7344 RSS samples and another novel in a 3D environment with 27000 training records and 18000 testing samples by analyzing power spectral densities. To assess performance and analyze parameter optimization of ELM, R-ELM, and LMA, metrics such as root mean square error (  RMSE), correlation coefficient (  R), training and testing times were used. By considering the state of the art, the LMA model proved to be the most accurate in the 2D environment (  RMSE less than 10 cm), although its training time was excessive (over one hour), incompatible with for real-time applications (time variant channels). In contrast, the R-ELM achieved an accuracy of   RMSE = 12.4806 \text cm and completed its training in 31.2 ms (real-time learning), positioning it as a much more efficient alternative compared to LMA. For the 3D dataset, the R-ELM also showed the best overall performance, with an average   RMSE close to 22.4784 cm and a training time of 1.0250 s. Incorporating both the dominant frequency and power as inputs into the ELM enhanced the model's accuracy compared to using each input separately. Lastly,   RMSE was evaluated as a function of the distance from the center of the room of each data set, concluding that the R-ELM is more stable in areas with weak signals or missing data, which is particularly valuable in real environments where the signal is not always homogeneous. Finally, the results demonstrate that it is possible to achieve a precise and fast positioning system based on VLP using the R-ELM, as this model generally achieves higher accuracy and computational efficiency. INDEX TERMS Extreme learning machine (ELM), indoor positioning system (IPS), power spectral density (PSD), received signal strength (RSS), visible light communication (VLC), visible light positioning (VLP).",,,,PISCATAWAY: IEEE,,,,,,,Englisch,,"Copyright The Institute of Electrical and Electronics Engineers, Inc. (IEEE) 2025 CC0 1.0 - Universal",Algorithms    Artificial intelligence    Computer science    Electromagnetic interference    Engineering    Light    Light emitting diodes    Machine learning    Photodiodes    Realtime . . .    Technology    Telecommunication    Training    Triangulation,,,"IEEE access, 2025-01, Vol.13, p.201684-201710",,,,,ISSN: 2169-3536 EISSN: 2169-3536 DOI: 10.1109/ACCESS.2025.3637668 CODEN: IAECCG,,DOAJ,https://fu-berlin.primo.exlibrisgroup.com/permalink/49KOBV_FUB/dm8bhl/cdi_unpaywall_primary_10_1109_access_2025_3637668
Visible Light Positioning for 2D/3D Indoor Environments Using Extreme Learning Algorithms,,,"Pacheco-Valenzuela, Nicolas   Zabala-Blanco, David   Azurdia-Meza, Cesar   Soto, Ismael   Palacios Jativa, Pablo   Ahumada-Garcia, Roberto   Vasquez-Iglesias, Philip   Carreno Mosqueira, Cristobal   Krommenacker, Nicolas   Charpentier, Patrick   Sanchez, Ivan",,,,,,,"This paper tackles indoor receiver localization as a regression task using visible light positioning (VLP). This technology has gained prominence as an alternative to conventional indoor positioning. Traditional systems such as WiFi and ZigBee face notable drawbacks: electromagnetic interference, added infrastructure, limited accuracy, and high deployment costs. In general, classical positioning approaches-lateration, triangulation, proximity, and least squares-typically infer location from measurements like received signal strength (RSS), time of arrival (TOA), time difference of arrival (TDOA), or angle of arrival (AOA). However, in real-world VLP scenarios, these methods face difficulties since they depend on ideal signals, which means unaffected by physical obstacles and perfectly aligned between transmitters and receiver. Our work proposes the application of the extreme learning machine (ELM) algorithm, its regularized version (R-ELM) and the Levenberg-Marquardt algorithm (LMA), to predict the receiver's position based simply on the light signals emitted by light-emitting diodes (LEDs) and captured by a photodiode (PD). To evaluate the overall performance of these models, two experimental datasets were used: one in a 2D environment with 7344 RSS samples and another novel in a 3D environment with 27000 training records and 18000 testing samples by analyzing power spectral densities. To assess performance and analyze parameter optimization of ELM, R-ELM, and LMA, metrics such as root mean square error (  RMSE), correlation coefficient (  R), training and testing times were used. By considering the state of the art, the LMA model proved to be the most accurate in the 2D environment (  RMSE less than 10 cm), although its training time was excessive (over one hour), incompatible with for real-time applications (time variant channels). In contrast, the R-ELM achieved an accuracy of   RMSE = 12.4806 \text cm and completed its training in 31.2 ms (real-time learning), positioning it as a much more efficient alternative compared to LMA. For the 3D dataset, the R-ELM also showed the best overall performance, with an average   RMSE close to 22.4784 cm and a training time of 1.0250 s. Incorporating both the dominant frequency and power as inputs into the ELM enhanced the model's accuracy compared to using each input separately. Lastly,   RMSE was evaluated as a function of the distance from the center of the room of each data set, concluding that the R-ELM is more stable in areas with weak signals or missing data, which is particularly valuable in real environments where the signal is not always homogeneous. Finally, the results demonstrate that it is possible to achieve a precise and fast positioning system based on VLP using the R-ELM, as this model generally achieves higher accuracy and computational efficiency. INDEX TERMS Extreme learning machine (ELM), indoor positioning system (IPS), power spectral density (PSD), received signal strength (RSS), visible light communication (VLC), visible light positioning (VLP).",,,,PISCATAWAY: IEEE,,,,,,,Englisch,,"Copyright The Institute of Electrical and Electronics Engineers, Inc. (IEEE) 2025 CC0 1.0 - Universal",Algorithms    Artificial intelligence    Computer science    Electromagnetic interference    Engineering    Light    Light emitting diodes    Machine learning    Photodiodes    Realtime . . .    Technology    Telecommunication    Training    Triangulation,,,"IEEE access, 2025-01, Vol.13, p.201684-201710",,,,,ISSN: 2169-3536 EISSN: 2169-3536 DOI: 10.1109/ACCESS.2025.3637668 CODEN: IAECCG,,EZB,https://fu-berlin.primo.exlibrisgroup.com/permalink/49KOBV_FUB/dm8bhl/cdi_unpaywall_primary_10_1109_access_2025_3637668
Visible Light Positioning for 2D/3D Indoor Environments Using Extreme Learning Algorithms,,,"Pacheco-Valenzuela, Nicolas   Zabala-Blanco, David   Azurdia-Meza, Cesar   Soto, Ismael   Palacios Jativa, Pablo   Ahumada-Garcia, Roberto   Vasquez-Iglesias, Philip   Carreno Mosqueira, Cristobal   Krommenacker, Nicolas   Charpentier, Patrick   Sanchez, Ivan",,,,,,,"This paper tackles indoor receiver localization as a regression task using visible light positioning (VLP). This technology has gained prominence as an alternative to conventional indoor positioning. Traditional systems such as WiFi and ZigBee face notable drawbacks: electromagnetic interference, added infrastructure, limited accuracy, and high deployment costs. In general, classical positioning approaches-lateration, triangulation, proximity, and least squares-typically infer location from measurements like received signal strength (RSS), time of arrival (TOA), time difference of arrival (TDOA), or angle of arrival (AOA). However, in real-world VLP scenarios, these methods face difficulties since they depend on ideal signals, which means unaffected by physical obstacles and perfectly aligned between transmitters and receiver. Our work proposes the application of the extreme learning machine (ELM) algorithm, its regularized version (R-ELM) and the Levenberg-Marquardt algorithm (LMA), to predict the receiver's position based simply on the light signals emitted by light-emitting diodes (LEDs) and captured by a photodiode (PD). To evaluate the overall performance of these models, two experimental datasets were used: one in a 2D environment with 7344 RSS samples and another novel in a 3D environment with 27000 training records and 18000 testing samples by analyzing power spectral densities. To assess performance and analyze parameter optimization of ELM, R-ELM, and LMA, metrics such as root mean square error (  RMSE), correlation coefficient (  R), training and testing times were used. By considering the state of the art, the LMA model proved to be the most accurate in the 2D environment (  RMSE less than 10 cm), although its training time was excessive (over one hour), incompatible with for real-time applications (time variant channels). In contrast, the R-ELM achieved an accuracy of   RMSE = 12.4806 \text cm and completed its training in 31.2 ms (real-time learning), positioning it as a much more efficient alternative compared to LMA. For the 3D dataset, the R-ELM also showed the best overall performance, with an average   RMSE close to 22.4784 cm and a training time of 1.0250 s. Incorporating both the dominant frequency and power as inputs into the ELM enhanced the model's accuracy compared to using each input separately. Lastly,   RMSE was evaluated as a function of the distance from the center of the room of each data set, concluding that the R-ELM is more stable in areas with weak signals or missing data, which is particularly valuable in real environments where the signal is not always homogeneous. Finally, the results demonstrate that it is possible to achieve a precise and fast positioning system based on VLP using the R-ELM, as this model generally achieves higher accuracy and computational efficiency. INDEX TERMS Extreme learning machine (ELM), indoor positioning system (IPS), power spectral density (PSD), received signal strength (RSS), visible light communication (VLC), visible light positioning (VLP).",,,,PISCATAWAY: IEEE,,,,,,,Englisch,,"Copyright The Institute of Electrical and Electronics Engineers, Inc. (IEEE) 2025 CC0 1.0 - Universal",Algorithms    Artificial intelligence    Computer science    Electromagnetic interference    Engineering    Light    Light emitting diodes    Machine learning    Photodiodes    Realtime . . .    Technology    Telecommunication    Training    Triangulation,,,"IEEE access, 2025-01, Vol.13, p.201684-201710",,,,,ISSN: 2169-3536 EISSN: 2169-3536 DOI: 10.1109/ACCESS.2025.3637668 CODEN: IAECCG,,ROAD,https://fu-berlin.primo.exlibrisgroup.com/permalink/49KOBV_FUB/dm8bhl/cdi_unpaywall_primary_10_1109_access_2025_3637668
Visible Light Positioning for 2D/3D Indoor Environments Using Extreme Learning Algorithms,,,"Pacheco-Valenzuela, Nicolas   Zabala-Blanco, David   Azurdia-Meza, Cesar   Soto, Ismael   Palacios Jativa, Pablo   Ahumada-Garcia, Roberto   Vasquez-Iglesias, Philip   Carreno Mosqueira, Cristobal   Krommenacker, Nicolas   Charpentier, Patrick   Sanchez, Ivan",,,,,,,"This paper tackles indoor receiver localization as a regression task using visible light positioning (VLP). This technology has gained prominence as an alternative to conventional indoor positioning. Traditional systems such as WiFi and ZigBee face notable drawbacks: electromagnetic interference, added infrastructure, limited accuracy, and high deployment costs. In general, classical positioning approaches-lateration, triangulation, proximity, and least squares-typically infer location from measurements like received signal strength (RSS), time of arrival (TOA), time difference of arrival (TDOA), or angle of arrival (AOA). However, in real-world VLP scenarios, these methods face difficulties since they depend on ideal signals, which means unaffected by physical obstacles and perfectly aligned between transmitters and receiver. Our work proposes the application of the extreme learning machine (ELM) algorithm, its regularized version (R-ELM) and the Levenberg-Marquardt algorithm (LMA), to predict the receiver's position based simply on the light signals emitted by light-emitting diodes (LEDs) and captured by a photodiode (PD). To evaluate the overall performance of these models, two experimental datasets were used: one in a 2D environment with 7344 RSS samples and another novel in a 3D environment with 27000 training records and 18000 testing samples by analyzing power spectral densities. To assess performance and analyze parameter optimization of ELM, R-ELM, and LMA, metrics such as root mean square error (  RMSE), correlation coefficient (  R), training and testing times were used. By considering the state of the art, the LMA model proved to be the most accurate in the 2D environment (  RMSE less than 10 cm), although its training time was excessive (over one hour), incompatible with for real-time applications (time variant channels). In contrast, the R-ELM achieved an accuracy of   RMSE = 12.4806 \text cm and completed its training in 31.2 ms (real-time learning), positioning it as a much more efficient alternative compared to LMA. For the 3D dataset, the R-ELM also showed the best overall performance, with an average   RMSE close to 22.4784 cm and a training time of 1.0250 s. Incorporating both the dominant frequency and power as inputs into the ELM enhanced the model's accuracy compared to using each input separately. Lastly,   RMSE was evaluated as a function of the distance from the center of the room of each data set, concluding that the R-ELM is more stable in areas with weak signals or missing data, which is particularly valuable in real environments where the signal is not always homogeneous. Finally, the results demonstrate that it is possible to achieve a precise and fast positioning system based on VLP using the R-ELM, as this model generally achieves higher accuracy and computational efficiency. INDEX TERMS Extreme learning machine (ELM), indoor positioning system (IPS), power spectral density (PSD), received signal strength (RSS), visible light communication (VLC), visible light positioning (VLP).",,,,PISCATAWAY: IEEE,,,,,,,Englisch,,"Copyright The Institute of Electrical and Electronics Engineers, Inc. (IEEE) 2025 CC0 1.0 - Universal",Algorithms    Artificial intelligence    Computer science    Electromagnetic interference    Engineering    Light    Light emitting diodes    Machine learning    Photodiodes    Realtime . . .    Technology    Telecommunication    Training    Triangulation,,,"IEEE access, 2025-01, Vol.13, p.201684-201710",,,,,ISSN: 2169-3536 EISSN: 2169-3536 DOI: 10.1109/ACCESS.2025.3637668 CODEN: IAECCG,,Unpaywall,https://fu-berlin.primo.exlibrisgroup.com/permalink/49KOBV_FUB/dm8bhl/cdi_unpaywall_primary_10_1109_access_2025_3637668
Visible Light Positioning for 2D/3D Indoor Environments Using Extreme Learning Algorithms,,,"Pacheco-Valenzuela, Nicolas   Zabala-Blanco, David   Azurdia-Meza, Cesar   Soto, Ismael   Palacios Jativa, Pablo   Ahumada-Garcia, Roberto   Vasquez-Iglesias, Philip   Carreno Mosqueira, Cristobal   Krommenacker, Nicolas   Charpentier, Patrick   Sanchez, Ivan",,,,,,,"This paper tackles indoor receiver localization as a regression task using visible light positioning (VLP). This technology has gained prominence as an alternative to conventional indoor positioning. Traditional systems such as WiFi and ZigBee face notable drawbacks: electromagnetic interference, added infrastructure, limited accuracy, and high deployment costs. In general, classical positioning approaches-lateration, triangulation, proximity, and least squares-typically infer location from measurements like received signal strength (RSS), time of arrival (TOA), time difference of arrival (TDOA), or angle of arrival (AOA). However, in real-world VLP scenarios, these methods face difficulties since they depend on ideal signals, which means unaffected by physical obstacles and perfectly aligned between transmitters and receiver. Our work proposes the application of the extreme learning machine (ELM) algorithm, its regularized version (R-ELM) and the Levenberg-Marquardt algorithm (LMA), to predict the receiver's position based simply on the light signals emitted by light-emitting diodes (LEDs) and captured by a photodiode (PD). To evaluate the overall performance of these models, two experimental datasets were used: one in a 2D environment with 7344 RSS samples and another novel in a 3D environment with 27000 training records and 18000 testing samples by analyzing power spectral densities. To assess performance and analyze parameter optimization of ELM, R-ELM, and LMA, metrics such as root mean square error (  RMSE), correlation coefficient (  R), training and testing times were used. By considering the state of the art, the LMA model proved to be the most accurate in the 2D environment (  RMSE less than 10 cm), although its training time was excessive (over one hour), incompatible with for real-time applications (time variant channels). In contrast, the R-ELM achieved an accuracy of   RMSE = 12.4806 \text cm and completed its training in 31.2 ms (real-time learning), positioning it as a much more efficient alternative compared to LMA. For the 3D dataset, the R-ELM also showed the best overall performance, with an average   RMSE close to 22.4784 cm and a training time of 1.0250 s. Incorporating both the dominant frequency and power as inputs into the ELM enhanced the model's accuracy compared to using each input separately. Lastly,   RMSE was evaluated as a function of the distance from the center of the room of each data set, concluding that the R-ELM is more stable in areas with weak signals or missing data, which is particularly valuable in real environments where the signal is not always homogeneous. Finally, the results demonstrate that it is possible to achieve a precise and fast positioning system based on VLP using the R-ELM, as this model generally achieves higher accuracy and computational efficiency. INDEX TERMS Extreme learning machine (ELM), indoor positioning system (IPS), power spectral density (PSD), received signal strength (RSS), visible light communication (VLC), visible light positioning (VLP).",,,,PISCATAWAY: IEEE,,,,,,,Englisch,,"Copyright The Institute of Electrical and Electronics Engineers, Inc. (IEEE) 2025 CC0 1.0 - Universal",Algorithms    Artificial intelligence    Computer science    Electromagnetic interference    Engineering    Light    Light emitting diodes    Machine learning    Photodiodes    Realtime . . .    Technology    Telecommunication    Training    Triangulation,,,"IEEE access, 2025-01, Vol.13, p.201684-201710",,,,,ISSN: 2169-3536 EISSN: 2169-3536 DOI: 10.1109/ACCESS.2025.3637668 CODEN: IAECCG,,Web of Science,https://fu-berlin.primo.exlibrisgroup.com/permalink/49KOBV_FUB/dm8bhl/cdi_unpaywall_primary_10_1109_access_2025_3637668
RSSI‐Based Indoor Distance Estimation in Wi‐Fi IoT Application Using AI Approaches,,,"Mane, Sarika   Kulkarni, Makarand   Gupta, Sudha",,,,,,,"In many Internet of Things (IoT) applications, device tracking is required to improve localization‐based services. Distance estimation is a key component of localization methods. Accurate distance estimation helps Wi‐Fi access point's providers, to provide better quality of services (QoS) to connected devices. Distance estimation determines a device's precise location in an environment. In this work, three different scenarios are considered. The work proposes distance estimation using Euclidean distance and the received signal strength indicator (RSSI). This approach eliminates the need for three access points required in the triangulation method. Euclidean distance is measured between access points and devices spread throughout the indoor environment. Random forest (RF) algorithm, K‐nearest neighbor (KNN), Gaussian process (GP), and ant colony optimization (ACO) are used to train the models to correlate Euclidian distances and the RSSI of connected devices. The performance is measured using mean absolute error (MAE). The optimum performance improvement obtained in Scenario 1, for RF, is 41.87%; in Scenario 2, for KNN, it is 37.98%; and in Scenario 3, for RF, it is 56.97%, with respect to earlier reported work. ACO achieves a 78.61% improvement in Scenario 1, 88.57% in Scenario 2, and 50.90% in Scenario 3 over the reported work. Euclidean distance and the received signal strength indicator (RSSI)–based approach has improved the accuracy in distance estimation. This advancement has paved the way for Internet of Things (IoT) applications like indoor navigation systems, asset tracking, and proximity‐based services.",,,,HOBOKEN: Wiley,,,,,,,Englisch,,"2025 John Wiley & Sons Ltd. 2025 John Wiley & Sons, Ltd.",Engineering    Internet of things    Technology    Telecommunication    Triangulation,,,"International journal of communication systems, 2025-03, Vol.38 (5), p.n/a, Article 70008",,,,,ISSN: 1074-5351 EISSN: 1099-1131 DOI: 10.1002/dac.70008,,Web of Science,https://fu-berlin.primo.exlibrisgroup.com/permalink/49KOBV_FUB/dm8bhl/cdi_crossref_primary_10_1002_dac_70008
Aumento de Precisión en Localización Indoor basado en Redes Neuronales,,,"Gerez, Agustín   Goñi, Oscar Enrique   Leiva, Lucas",,,,,,,"La tecnología WiFi es ampliamente utilizada por un gran número de dispositivos, incluyendo aquellos que componen sistemas de Internet de las Cosas (IoT) y de Inteligencia Artificial (IA). En ambos contextos, el problema de localización ha sido objeto de investigación durante mucho tiempo. En algunos casos, las señales de radio utilizadas para transmitir información son además aprovechadas para realizar estimaciones de posición. Sin embargo, este enfoque se encuentra afectado por la constante fluctuación de la señal. Es posible que al momento de realizar una estimación de posición de un componente emisor, éste se encuentre influenciado por los obstáculos, el multitrayecto y la reflexión de la señal. Sin embargo, su uso mejora cuando se realiza localización espacial considerando diferentes referencias. De esta manera, es posible trazar activos dentro de un ambiente indoor. En este trabajo se analiza la relación de los algoritmos de estimación de distancia utilizando RSSI y triangulación, y se propone una solución basada en Redes Neuronales que combina los resultados de tres algoritmos de estimación de distancia con el fin de aumentar la precisión.",,,,,,,,,,,Englisch Spanisch,,"LICENCIA DE USO: Los documentos a texto completo incluidos en Dialnet son de acceso libre y propiedad de sus autores y/o editores. Por tanto, cualquier acto de reproducción, distribución, comunicación pública y/o transformación total o parcial requiere el consentimiento expreso y escrito de aquéllos. Cualquier enlace al texto completo de estos documentos deberá hacerse a través de la URL oficial de éstos en Dialnet. Más información: https://dialnet.unirioja.es/info/derechosOAI | INTELLECTUAL PROPERTY RIGHTS STATEMENT: Full text documents hosted by Dialnet are protected by copyright and/or related rights. This digital object is accessible without charge, but its use is subject to the licensing conditions set by its authors or editors. Unless expressly stated otherwise in the licensing conditions, you are free to linking, browsing, printing and making a copy for your own personal purposes. All other acts of reproduction and communication to the public are subject to the licensing conditions expressed by editors and authors and require consent from them. Any link to this document should be made using its official URL in Dialnet. More info: https://dialnet.unirioja.es/info/derechosOAI",Triangulation,,,"Revista elektrón, 2020-12, Vol.4 (2), p.74-80",,,,,ISSN: 2525-0159 EISSN: 2525-0159 DOI: 10.37537/rev.elektron.4.2.114.2020,,DOAJ,https://fu-berlin.primo.exlibrisgroup.com/permalink/49KOBV_FUB/dm8bhl/cdi_dialnet_primary_oai_dialnet_unirioja_es_ART0001433152
Aumento de Precisión en Localización Indoor basado en Redes Neuronales,,,"Gerez, Agustín   Goñi, Oscar Enrique   Leiva, Lucas",,,,,,,"La tecnología WiFi es ampliamente utilizada por un gran número de dispositivos, incluyendo aquellos que componen sistemas de Internet de las Cosas (IoT) y de Inteligencia Artificial (IA). En ambos contextos, el problema de localización ha sido objeto de investigación durante mucho tiempo. En algunos casos, las señales de radio utilizadas para transmitir información son además aprovechadas para realizar estimaciones de posición. Sin embargo, este enfoque se encuentra afectado por la constante fluctuación de la señal. Es posible que al momento de realizar una estimación de posición de un componente emisor, éste se encuentre influenciado por los obstáculos, el multitrayecto y la reflexión de la señal. Sin embargo, su uso mejora cuando se realiza localización espacial considerando diferentes referencias. De esta manera, es posible trazar activos dentro de un ambiente indoor. En este trabajo se analiza la relación de los algoritmos de estimación de distancia utilizando RSSI y triangulación, y se propone una solución basada en Redes Neuronales que combina los resultados de tres algoritmos de estimación de distancia con el fin de aumentar la precisión.",,,,,,,,,,,Englisch Spanisch,,"LICENCIA DE USO: Los documentos a texto completo incluidos en Dialnet son de acceso libre y propiedad de sus autores y/o editores. Por tanto, cualquier acto de reproducción, distribución, comunicación pública y/o transformación total o parcial requiere el consentimiento expreso y escrito de aquéllos. Cualquier enlace al texto completo de estos documentos deberá hacerse a través de la URL oficial de éstos en Dialnet. Más información: https://dialnet.unirioja.es/info/derechosOAI | INTELLECTUAL PROPERTY RIGHTS STATEMENT: Full text documents hosted by Dialnet are protected by copyright and/or related rights. This digital object is accessible without charge, but its use is subject to the licensing conditions set by its authors or editors. Unless expressly stated otherwise in the licensing conditions, you are free to linking, browsing, printing and making a copy for your own personal purposes. All other acts of reproduction and communication to the public are subject to the licensing conditions expressed by editors and authors and require consent from them. Any link to this document should be made using its official URL in Dialnet. More info: https://dialnet.unirioja.es/info/derechosOAI",Triangulation,,,"Revista elektrón, 2020-12, Vol.4 (2), p.74-80",,,,,ISSN: 2525-0159 EISSN: 2525-0159 DOI: 10.37537/rev.elektron.4.2.114.2020,,EZB,https://fu-berlin.primo.exlibrisgroup.com/permalink/49KOBV_FUB/dm8bhl/cdi_dialnet_primary_oai_dialnet_unirioja_es_ART0001433152
Aumento de Precisión en Localización Indoor basado en Redes Neuronales,,,"Gerez, Agustín   Goñi, Oscar Enrique   Leiva, Lucas",,,,,,,"La tecnología WiFi es ampliamente utilizada por un gran número de dispositivos, incluyendo aquellos que componen sistemas de Internet de las Cosas (IoT) y de Inteligencia Artificial (IA). En ambos contextos, el problema de localización ha sido objeto de investigación durante mucho tiempo. En algunos casos, las señales de radio utilizadas para transmitir información son además aprovechadas para realizar estimaciones de posición. Sin embargo, este enfoque se encuentra afectado por la constante fluctuación de la señal. Es posible que al momento de realizar una estimación de posición de un componente emisor, éste se encuentre influenciado por los obstáculos, el multitrayecto y la reflexión de la señal. Sin embargo, su uso mejora cuando se realiza localización espacial considerando diferentes referencias. De esta manera, es posible trazar activos dentro de un ambiente indoor. En este trabajo se analiza la relación de los algoritmos de estimación de distancia utilizando RSSI y triangulación, y se propone una solución basada en Redes Neuronales que combina los resultados de tres algoritmos de estimación de distancia con el fin de aumentar la precisión.",,,,,,,,,,,Englisch Spanisch,,"LICENCIA DE USO: Los documentos a texto completo incluidos en Dialnet son de acceso libre y propiedad de sus autores y/o editores. Por tanto, cualquier acto de reproducción, distribución, comunicación pública y/o transformación total o parcial requiere el consentimiento expreso y escrito de aquéllos. Cualquier enlace al texto completo de estos documentos deberá hacerse a través de la URL oficial de éstos en Dialnet. Más información: https://dialnet.unirioja.es/info/derechosOAI | INTELLECTUAL PROPERTY RIGHTS STATEMENT: Full text documents hosted by Dialnet are protected by copyright and/or related rights. This digital object is accessible without charge, but its use is subject to the licensing conditions set by its authors or editors. Unless expressly stated otherwise in the licensing conditions, you are free to linking, browsing, printing and making a copy for your own personal purposes. All other acts of reproduction and communication to the public are subject to the licensing conditions expressed by editors and authors and require consent from them. Any link to this document should be made using its official URL in Dialnet. More info: https://dialnet.unirioja.es/info/derechosOAI",Triangulation,,,"Revista elektrón, 2020-12, Vol.4 (2), p.74-80",,,,,ISSN: 2525-0159 EISSN: 2525-0159 DOI: 10.37537/rev.elektron.4.2.114.2020,,ROAD,https://fu-berlin.primo.exlibrisgroup.com/permalink/49KOBV_FUB/dm8bhl/cdi_dialnet_primary_oai_dialnet_unirioja_es_ART0001433152
An effective algorithm to overcome the practical hindrance for Wi-Fi based indoor positioning system,,,"Bonthu, Bhulakshmi   Subaji, M",,,,,,,"Indoor tracking has evolved with various methods. The most popular method is using signal strength measuring techniques like triangulation, trilateration and fingerprinting, etc. Generally, these methods use the internal sensors of the smartphone. All these techniques require an adequate number of access point signals. The estimated positioning accuracy depends on the number of signals received at any point and precision of its signal (Wi-Fi radio waves) strength. In a practical environment, the received signal strength indicator (RSSI) of the access point is hindered by obstacles or blocks in the direct path or Line of sight. Such access points become an anomaly in the calculation of position. By detecting the anomaly access points and neglecting it during the computation of an indoor position will improve the accuracy of the positioning system. The proposed method, Practical Hindrance Avoidance in an Indoor Positioning System (PHA-IPS), eliminate the anomaly nodes while estimating the position, so then enhances the accuracy.",,,,De Gruyter,,,,,,,Englisch,,,Triangulation,,,"Open computer science, 2020-06, Vol.10 (1), p.117-123",,,,,ISSN: 2299-1093 EISSN: 2299-1093 DOI: 10.1515/comp-2020-0010,,DOAJ,https://fu-berlin.primo.exlibrisgroup.com/permalink/49KOBV_FUB/dm8bhl/cdi_crossref_primary_10_1515_comp_2020_0010
An effective algorithm to overcome the practical hindrance for Wi-Fi based indoor positioning system,,,"Bonthu, Bhulakshmi   Subaji, M",,,,,,,"Indoor tracking has evolved with various methods. The most popular method is using signal strength measuring techniques like triangulation, trilateration and fingerprinting, etc. Generally, these methods use the internal sensors of the smartphone. All these techniques require an adequate number of access point signals. The estimated positioning accuracy depends on the number of signals received at any point and precision of its signal (Wi-Fi radio waves) strength. In a practical environment, the received signal strength indicator (RSSI) of the access point is hindered by obstacles or blocks in the direct path or Line of sight. Such access points become an anomaly in the calculation of position. By detecting the anomaly access points and neglecting it during the computation of an indoor position will improve the accuracy of the positioning system. The proposed method, Practical Hindrance Avoidance in an Indoor Positioning System (PHA-IPS), eliminate the anomaly nodes while estimating the position, so then enhances the accuracy.",,,,De Gruyter,,,,,,,Englisch,,,Triangulation,,,"Open computer science, 2020-06, Vol.10 (1), p.117-123",,,,,ISSN: 2299-1093 EISSN: 2299-1093 DOI: 10.1515/comp-2020-0010,,EZB,https://fu-berlin.primo.exlibrisgroup.com/permalink/49KOBV_FUB/dm8bhl/cdi_crossref_primary_10_1515_comp_2020_0010
An effective algorithm to overcome the practical hindrance for Wi-Fi based indoor positioning system,,,"Bonthu, Bhulakshmi   Subaji, M",,,,,,,"Indoor tracking has evolved with various methods. The most popular method is using signal strength measuring techniques like triangulation, trilateration and fingerprinting, etc. Generally, these methods use the internal sensors of the smartphone. All these techniques require an adequate number of access point signals. The estimated positioning accuracy depends on the number of signals received at any point and precision of its signal (Wi-Fi radio waves) strength. In a practical environment, the received signal strength indicator (RSSI) of the access point is hindered by obstacles or blocks in the direct path or Line of sight. Such access points become an anomaly in the calculation of position. By detecting the anomaly access points and neglecting it during the computation of an indoor position will improve the accuracy of the positioning system. The proposed method, Practical Hindrance Avoidance in an Indoor Positioning System (PHA-IPS), eliminate the anomaly nodes while estimating the position, so then enhances the accuracy.",,,,De Gruyter,,,,,,,Englisch,,,Triangulation,,,"Open computer science, 2020-06, Vol.10 (1), p.117-123",,,,,ISSN: 2299-1093 EISSN: 2299-1093 DOI: 10.1515/comp-2020-0010,,ROAD,https://fu-berlin.primo.exlibrisgroup.com/permalink/49KOBV_FUB/dm8bhl/cdi_crossref_primary_10_1515_comp_2020_0010
An effective algorithm to overcome the practical hindrance for Wi-Fi based indoor positioning system,,,"Bonthu, Bhulakshmi   Subaji, M",,,,,,,"Indoor tracking has evolved with various methods. The most popular method is using signal strength measuring techniques like triangulation, trilateration and fingerprinting, etc. Generally, these methods use the internal sensors of the smartphone. All these techniques require an adequate number of access point signals. The estimated positioning accuracy depends on the number of signals received at any point and precision of its signal (Wi-Fi radio waves) strength. In a practical environment, the received signal strength indicator (RSSI) of the access point is hindered by obstacles or blocks in the direct path or Line of sight. Such access points become an anomaly in the calculation of position. By detecting the anomaly access points and neglecting it during the computation of an indoor position will improve the accuracy of the positioning system. The proposed method, Practical Hindrance Avoidance in an Indoor Positioning System (PHA-IPS), eliminate the anomaly nodes while estimating the position, so then enhances the accuracy.",,,,De Gruyter,,,,,,,Englisch,,,Triangulation,,,"Open computer science, 2020-06, Vol.10 (1), p.117-123",,,,,ISSN: 2299-1093 EISSN: 2299-1093 DOI: 10.1515/comp-2020-0010,,Unpaywall,https://fu-berlin.primo.exlibrisgroup.com/permalink/49KOBV_FUB/dm8bhl/cdi_crossref_primary_10_1515_comp_2020_0010
Implementation of an Asset Tracking Embedded System using Ultra-Wide Band Technology,,,"Mary, Gerardine Immaculate   Dixit, CH S K N S   Naresh, Bapatla Venkata   Julian, Anitha",,,,,,,"In the most complex indoor environments, such as a warehouse, where there is a large volume of equipment and the possibility of losing it is inevitable, this study reveals an embedded system that uses Ultra-Wide Band (UWB) accuracy to deliver pinpoint asset tracking. It is crucial to keep an eye on them. constructing a Real-Time Locating System (RTLS), to use technical terminology. Even though they were effective, conventional navigation systems like GPS, Wi-Fi, and BLE have limitations due to interference and range. UWB effectively overcomes these constraints with its massive 7.5GHz bandwidth and lower interference (- 41.3dBm/1MHz). When it comes to interior navigation, UWB works better since it has a higher connection than Wi-Fi and GPS. Conversely, UWB has no propagation effects like as scattering or reflection and can simply flow through an obstruction. The goal is to create an embedded system that uses an Arduino UNO to gather data from a Deca Wave DW1000, which will serve as a tag and anchor for effective asset navigation utilizing the Time of Flight (ToF) localization method.",,,,Elsevier B.V,,,,,,,Englisch,,2025,Triangulation,,,"Procedia computer science, 2025, Vol.252, p.331-340",,,,,ISSN: 1877-0509 EISSN: 1877-0509 DOI: 10.1016/j.procs.2024.12.035,,EZB,https://fu-berlin.primo.exlibrisgroup.com/permalink/49KOBV_FUB/dm8bhl/cdi_unpaywall_primary_10_1016_j_procs_2024_12_035
Implementation of an Asset Tracking Embedded System using Ultra-Wide Band Technology,,,"Mary, Gerardine Immaculate   Dixit, CH S K N S   Naresh, Bapatla Venkata   Julian, Anitha",,,,,,,"In the most complex indoor environments, such as a warehouse, where there is a large volume of equipment and the possibility of losing it is inevitable, this study reveals an embedded system that uses Ultra-Wide Band (UWB) accuracy to deliver pinpoint asset tracking. It is crucial to keep an eye on them. constructing a Real-Time Locating System (RTLS), to use technical terminology. Even though they were effective, conventional navigation systems like GPS, Wi-Fi, and BLE have limitations due to interference and range. UWB effectively overcomes these constraints with its massive 7.5GHz bandwidth and lower interference (- 41.3dBm/1MHz). When it comes to interior navigation, UWB works better since it has a higher connection than Wi-Fi and GPS. Conversely, UWB has no propagation effects like as scattering or reflection and can simply flow through an obstruction. The goal is to create an embedded system that uses an Arduino UNO to gather data from a Deca Wave DW1000, which will serve as a tag and anchor for effective asset navigation utilizing the Time of Flight (ToF) localization method.",,,,Elsevier B.V,,,,,,,Englisch,,2025,Triangulation,,,"Procedia computer science, 2025, Vol.252, p.331-340",,,,,ISSN: 1877-0509 EISSN: 1877-0509 DOI: 10.1016/j.procs.2024.12.035,,ROAD,https://fu-berlin.primo.exlibrisgroup.com/permalink/49KOBV_FUB/dm8bhl/cdi_unpaywall_primary_10_1016_j_procs_2024_12_035
Implementation of an Asset Tracking Embedded System using Ultra-Wide Band Technology,,,"Mary, Gerardine Immaculate   Dixit, CH S K N S   Naresh, Bapatla Venkata   Julian, Anitha",,,,,,,"In the most complex indoor environments, such as a warehouse, where there is a large volume of equipment and the possibility of losing it is inevitable, this study reveals an embedded system that uses Ultra-Wide Band (UWB) accuracy to deliver pinpoint asset tracking. It is crucial to keep an eye on them. constructing a Real-Time Locating System (RTLS), to use technical terminology. Even though they were effective, conventional navigation systems like GPS, Wi-Fi, and BLE have limitations due to interference and range. UWB effectively overcomes these constraints with its massive 7.5GHz bandwidth and lower interference (- 41.3dBm/1MHz). When it comes to interior navigation, UWB works better since it has a higher connection than Wi-Fi and GPS. Conversely, UWB has no propagation effects like as scattering or reflection and can simply flow through an obstruction. The goal is to create an embedded system that uses an Arduino UNO to gather data from a Deca Wave DW1000, which will serve as a tag and anchor for effective asset navigation utilizing the Time of Flight (ToF) localization method.",,,,Elsevier B.V,,,,,,,Englisch,,2025,Triangulation,,,"Procedia computer science, 2025, Vol.252, p.331-340",,,,,ISSN: 1877-0509 EISSN: 1877-0509 DOI: 10.1016/j.procs.2024.12.035,,Unpaywall,https://fu-berlin.primo.exlibrisgroup.com/permalink/49KOBV_FUB/dm8bhl/cdi_unpaywall_primary_10_1016_j_procs_2024_12_035
A REVIEW OF CURRENT TREND IN INDOOR PEDESTRIAN NAVIGATION,,,,,,,,,,,,,,,,,,,,,Englisch,,,,,,"Journal of engineering and technology (Malacca, Malaysia)",,,,,ISSN: 2180-3811 ISSN: 2289-814X DOI: 10.54554/jet.2024.15.02.004,,Unpaywall,https://fu-berlin.primo.exlibrisgroup.com/permalink/49KOBV_FUB/dm8bhl/cdi_unpaywall_primary_10_54554_jet_2024_15_02_004
A REVIEW OF CURRENT TREND IN INDOOR PEDESTRIAN NAVIGATION,,,,,,,,,,,,,,,,,,,,,Englisch,,,,,,"Journal of engineering and technology (Malacca, Malaysia)",,,,,ISSN: 2180-3811 ISSN: 2289-814X DOI: 10.54554/jet.2024.15.2.004,,Unpaywall,https://fu-berlin.primo.exlibrisgroup.com/permalink/49KOBV_FUB/dm8bhl/cdi_unpaywall_primary_10_54554_jet_2024_15_2_004
Fast 50 Hz Updated Static Infrared Positioning System Based on Triangulation Method,,,"Ciezkowski, Maciej   Kociszewski, Rafal",,,,,,,"One of the important issues being explored in Industry 4.0 is collaborative mobile robots. This collaboration requires precise navigation systems, especially indoor navigation systems where GNSS (Global Navigation Satellite System) cannot be used. To enable the precise localization of robots, different variations of navigation systems are being developed, mainly based on trilateration and triangulation methods. Triangulation systems are distinguished by the fact that they allow for the precise determination of an object's orientation, which is important for mobile robots. An important feature of positioning systems is the frequency of position updates based on measurements. For most systems, it is 10-20 Hz. In our work, we propose a high-speed 50 Hz positioning system based on the triangulation method with infrared transmitters and receivers. In addition, our system is completely static, i.e., it has no moving/rotating measurement sensors, which makes it more resistant to disturbances (caused by vibrations, wear and tear of components, etc.). In this paper, we describe the principle of the system as well as its design. Finally, we present tests of the built system, which show a beacon bearing accuracy of Delta phi = 0.51 degrees, which corresponds to a positioning accuracy of Delta R = 6.55 cm, with a position update frequency of fupdate = 50 Hz.",,,,BASEL: Mdpi,,,,,,,Englisch,,"COPYRIGHT 2024 MDPI AG 2024 by the authors. Licensee MDPI, Basel, Switzerland. This article is an open access article distributed under the terms and conditions of the Creative Commons Attribution (CC BY) license (https://creativecommons.org/licenses/by/4.0/). Notwithstanding the ProQuest Terms and Conditions, you may use this content in accordance with the terms of the License. 2024 by the authors. 2024",Algorithms    Artificial satellites    Automation    Chemistry    Drone aircraft    Engineering    Enterprise resource planning    Industry 4.0    Logistics    Methodology    Methods    Physical sciences    Robots    Satellites    Semiconductor industry    Technology    Triangulation,,,"Sensors (Basel, Switzerland), 2024-02, Vol.24 (5), p.1389, Article 1389",,,,,ISSN: 1424-8220 EISSN: 1424-8220 DOI: 10.3390/s24051389 PMID: 38474925,,DOAJ,https://fu-berlin.primo.exlibrisgroup.com/permalink/49KOBV_FUB/dm8bhl/cdi_unpaywall_primary_10_3390_s24051389
Fast 50 Hz Updated Static Infrared Positioning System Based on Triangulation Method,,,"Ciezkowski, Maciej   Kociszewski, Rafal",,,,,,,"One of the important issues being explored in Industry 4.0 is collaborative mobile robots. This collaboration requires precise navigation systems, especially indoor navigation systems where GNSS (Global Navigation Satellite System) cannot be used. To enable the precise localization of robots, different variations of navigation systems are being developed, mainly based on trilateration and triangulation methods. Triangulation systems are distinguished by the fact that they allow for the precise determination of an object's orientation, which is important for mobile robots. An important feature of positioning systems is the frequency of position updates based on measurements. For most systems, it is 10-20 Hz. In our work, we propose a high-speed 50 Hz positioning system based on the triangulation method with infrared transmitters and receivers. In addition, our system is completely static, i.e., it has no moving/rotating measurement sensors, which makes it more resistant to disturbances (caused by vibrations, wear and tear of components, etc.). In this paper, we describe the principle of the system as well as its design. Finally, we present tests of the built system, which show a beacon bearing accuracy of Delta phi = 0.51 degrees, which corresponds to a positioning accuracy of Delta R = 6.55 cm, with a position update frequency of fupdate = 50 Hz.",,,,BASEL: Mdpi,,,,,,,Englisch,,"COPYRIGHT 2024 MDPI AG 2024 by the authors. Licensee MDPI, Basel, Switzerland. This article is an open access article distributed under the terms and conditions of the Creative Commons Attribution (CC BY) license (https://creativecommons.org/licenses/by/4.0/). Notwithstanding the ProQuest Terms and Conditions, you may use this content in accordance with the terms of the License. 2024 by the authors. 2024",Algorithms    Artificial satellites    Automation    Chemistry    Drone aircraft    Engineering    Enterprise resource planning    Industry 4.0    Logistics    Methodology    Methods    Physical sciences    Robots    Satellites    Semiconductor industry    Technology    Triangulation,,,"Sensors (Basel, Switzerland), 2024-02, Vol.24 (5), p.1389, Article 1389",,,,,ISSN: 1424-8220 EISSN: 1424-8220 DOI: 10.3390/s24051389 PMID: 38474925,,EZB,https://fu-berlin.primo.exlibrisgroup.com/permalink/49KOBV_FUB/dm8bhl/cdi_unpaywall_primary_10_3390_s24051389
Fast 50 Hz Updated Static Infrared Positioning System Based on Triangulation Method,,,"Ciezkowski, Maciej   Kociszewski, Rafal",,,,,,,"One of the important issues being explored in Industry 4.0 is collaborative mobile robots. This collaboration requires precise navigation systems, especially indoor navigation systems where GNSS (Global Navigation Satellite System) cannot be used. To enable the precise localization of robots, different variations of navigation systems are being developed, mainly based on trilateration and triangulation methods. Triangulation systems are distinguished by the fact that they allow for the precise determination of an object's orientation, which is important for mobile robots. An important feature of positioning systems is the frequency of position updates based on measurements. For most systems, it is 10-20 Hz. In our work, we propose a high-speed 50 Hz positioning system based on the triangulation method with infrared transmitters and receivers. In addition, our system is completely static, i.e., it has no moving/rotating measurement sensors, which makes it more resistant to disturbances (caused by vibrations, wear and tear of components, etc.). In this paper, we describe the principle of the system as well as its design. Finally, we present tests of the built system, which show a beacon bearing accuracy of Delta phi = 0.51 degrees, which corresponds to a positioning accuracy of Delta R = 6.55 cm, with a position update frequency of fupdate = 50 Hz.",,,,BASEL: Mdpi,,,,,,,Englisch,,"COPYRIGHT 2024 MDPI AG 2024 by the authors. Licensee MDPI, Basel, Switzerland. This article is an open access article distributed under the terms and conditions of the Creative Commons Attribution (CC BY) license (https://creativecommons.org/licenses/by/4.0/). Notwithstanding the ProQuest Terms and Conditions, you may use this content in accordance with the terms of the License. 2024 by the authors. 2024",Algorithms    Artificial satellites    Automation    Chemistry    Drone aircraft    Engineering    Enterprise resource planning    Industry 4.0    Logistics    Methodology    Methods    Physical sciences    Robots    Satellites    Semiconductor industry    Technology    Triangulation,,,"Sensors (Basel, Switzerland), 2024-02, Vol.24 (5), p.1389, Article 1389",,,,,ISSN: 1424-8220 EISSN: 1424-8220 DOI: 10.3390/s24051389 PMID: 38474925,,ROAD,https://fu-berlin.primo.exlibrisgroup.com/permalink/49KOBV_FUB/dm8bhl/cdi_unpaywall_primary_10_3390_s24051389
Fast 50 Hz Updated Static Infrared Positioning System Based on Triangulation Method,,,"Ciezkowski, Maciej   Kociszewski, Rafal",,,,,,,"One of the important issues being explored in Industry 4.0 is collaborative mobile robots. This collaboration requires precise navigation systems, especially indoor navigation systems where GNSS (Global Navigation Satellite System) cannot be used. To enable the precise localization of robots, different variations of navigation systems are being developed, mainly based on trilateration and triangulation methods. Triangulation systems are distinguished by the fact that they allow for the precise determination of an object's orientation, which is important for mobile robots. An important feature of positioning systems is the frequency of position updates based on measurements. For most systems, it is 10-20 Hz. In our work, we propose a high-speed 50 Hz positioning system based on the triangulation method with infrared transmitters and receivers. In addition, our system is completely static, i.e., it has no moving/rotating measurement sensors, which makes it more resistant to disturbances (caused by vibrations, wear and tear of components, etc.). In this paper, we describe the principle of the system as well as its design. Finally, we present tests of the built system, which show a beacon bearing accuracy of Delta phi = 0.51 degrees, which corresponds to a positioning accuracy of Delta R = 6.55 cm, with a position update frequency of fupdate = 50 Hz.",,,,BASEL: Mdpi,,,,,,,Englisch,,"COPYRIGHT 2024 MDPI AG 2024 by the authors. Licensee MDPI, Basel, Switzerland. This article is an open access article distributed under the terms and conditions of the Creative Commons Attribution (CC BY) license (https://creativecommons.org/licenses/by/4.0/). Notwithstanding the ProQuest Terms and Conditions, you may use this content in accordance with the terms of the License. 2024 by the authors. 2024",Algorithms    Artificial satellites    Automation    Chemistry    Drone aircraft    Engineering    Enterprise resource planning    Industry 4.0    Logistics    Methodology    Methods    Physical sciences    Robots    Satellites    Semiconductor industry    Technology    Triangulation,,,"Sensors (Basel, Switzerland), 2024-02, Vol.24 (5), p.1389, Article 1389",,,,,ISSN: 1424-8220 EISSN: 1424-8220 DOI: 10.3390/s24051389 PMID: 38474925,,Unpaywall,https://fu-berlin.primo.exlibrisgroup.com/permalink/49KOBV_FUB/dm8bhl/cdi_unpaywall_primary_10_3390_s24051389
Fast 50 Hz Updated Static Infrared Positioning System Based on Triangulation Method,,,"Ciezkowski, Maciej   Kociszewski, Rafal",,,,,,,"One of the important issues being explored in Industry 4.0 is collaborative mobile robots. This collaboration requires precise navigation systems, especially indoor navigation systems where GNSS (Global Navigation Satellite System) cannot be used. To enable the precise localization of robots, different variations of navigation systems are being developed, mainly based on trilateration and triangulation methods. Triangulation systems are distinguished by the fact that they allow for the precise determination of an object's orientation, which is important for mobile robots. An important feature of positioning systems is the frequency of position updates based on measurements. For most systems, it is 10-20 Hz. In our work, we propose a high-speed 50 Hz positioning system based on the triangulation method with infrared transmitters and receivers. In addition, our system is completely static, i.e., it has no moving/rotating measurement sensors, which makes it more resistant to disturbances (caused by vibrations, wear and tear of components, etc.). In this paper, we describe the principle of the system as well as its design. Finally, we present tests of the built system, which show a beacon bearing accuracy of Delta phi = 0.51 degrees, which corresponds to a positioning accuracy of Delta R = 6.55 cm, with a position update frequency of fupdate = 50 Hz.",,,,BASEL: Mdpi,,,,,,,Englisch,,"COPYRIGHT 2024 MDPI AG 2024 by the authors. Licensee MDPI, Basel, Switzerland. This article is an open access article distributed under the terms and conditions of the Creative Commons Attribution (CC BY) license (https://creativecommons.org/licenses/by/4.0/). Notwithstanding the ProQuest Terms and Conditions, you may use this content in accordance with the terms of the License. 2024 by the authors. 2024",Algorithms    Artificial satellites    Automation    Chemistry    Drone aircraft    Engineering    Enterprise resource planning    Industry 4.0    Logistics    Methodology    Methods    Physical sciences    Robots    Satellites    Semiconductor industry    Technology    Triangulation,,,"Sensors (Basel, Switzerland), 2024-02, Vol.24 (5), p.1389, Article 1389",,,,,ISSN: 1424-8220 EISSN: 1424-8220 DOI: 10.3390/s24051389 PMID: 38474925,,Web of Science,https://fu-berlin.primo.exlibrisgroup.com/permalink/49KOBV_FUB/dm8bhl/cdi_unpaywall_primary_10_3390_s24051389
Improved indoor location tracking system for mobile nodes,,,"Sundar, S.   Kumar, R.   Kittur, Harish Mallikarjun",,,,,,,"The solutions to the problem of the tracking a wireless node is approached conventionally by: 1) proximity detection; 2) triangulation; 3) scene analysis methods. In these, scene analysis method is simple, accurate and less expensive. Indoor localisation technologies need to address the existing inaccuracy and inadequacy of global positioning-based systems (GPS) in indoor environments (such as urban canyons, inside large buildings, etc.). This paper presents a novel indoor Wi-Fi tracking system with minimal error in the presence of barrier using Bayesian inference method. The system integrates an android app and python scripts (that run on server) to identify the position of the mobile node within an indoor environment. The received signal strength indicator (RSSI) method is used for tracking. Experimental results presented to illustrate the performance of the system comparing with other methods. From the tracked nodes, a theoretical solution is proposed for finding shortest path using Steiner nodes.",,,,Geneva: Inderscience Publishers (IEL),,,,,,,Englisch,,Copyright © 2020 Inderscience Enterprises Ltd.,Bayesian statistical decision theory    Mathematical statistics    Probabilities    Triangulation,,,"International journal of computer aided engineering and technology, 2020, Vol.12 (1), p.1-16",,,,,ISSN: 1757-2657 ISSN: 1757-2665 EISSN: 1757-2665 DOI: 10.1504/IJCAET.2020.103835,,Unpaywall,https://fu-berlin.primo.exlibrisgroup.com/permalink/49KOBV_FUB/dm8bhl/cdi_proquest_journals_2320833121
Indoor localization based on hybrid Wi-Fi hotspots,,,,,,,,,,,,,,,,,,,,,Englisch,,,,,,2017 International Conference on Indoor Positioning and Indoor Navigation (IPIN),,,,,DOI: 10.1109/ipin.2017.8115924,,Unpaywall,https://fu-berlin.primo.exlibrisgroup.com/permalink/49KOBV_FUB/dm8bhl/cdi_unpaywall_primary_10_1109_ipin_2017_8115924
Indoor Positioning System Infrastructure Based on Triangulation Method through Visible Light Communication,,,"Juanda, Apnan   Cahyadi, Willy Anugrah   Rusdinar, Angga   Darlis, Denny",,,,,,,"Autonomous mobile robots are widely used in industry to help human’s work, but the concept has a weakness, that is robot still does not know its position in a room so it can not detect whether the robot has been at destination point. The technology commonly used to determine the position of objects is the Global Positioning System (GPS). However, GPS does not detect objects that are indoors. Previous research used Wi-Fi as a reference for designing an indoor positioning system, but the system could not determine the position in detail because Wi-Fi could only detect object zones. Based on these problems, this research will propose the infrastructure prototype design of an indoor positioning system based on Visible Light Communication (VLC). The main focus of this research is designing a VLC transmitter and receiver system, estimating the distance between the receiver and transmitter based on the received signal strength, and estimating the receiver's position using the triangulation method based on a minimum of 3 distance estimates. The estimating distance system get average accuracy is 76.47%. The estimated accuracy of the x-coordinate position has the best accuracy is 77.05% and the y-coordinate estimate has the best accuracy is 86.54%.",,,,,,,,,,,Englisch,,,,,,"Ultima Computing : Jurnal Sistem Komputer, 2022-06, p.8-19",,,,,ISSN: 2355-3286 ISSN: 2549-4007 EISSN: 2549-4007 DOI: 10.31937/sk.v14i1.2271,,ROAD,https://fu-berlin.primo.exlibrisgroup.com/permalink/49KOBV_FUB/dm8bhl/cdi_crossref_primary_10_31937_sk_v14i1_2271
Indoor Positioning System Infrastructure Based on Triangulation Method through Visible Light Communication,,,"Juanda, Apnan   Cahyadi, Willy Anugrah   Rusdinar, Angga   Darlis, Denny",,,,,,,"Autonomous mobile robots are widely used in industry to help human’s work, but the concept has a weakness, that is robot still does not know its position in a room so it can not detect whether the robot has been at destination point. The technology commonly used to determine the position of objects is the Global Positioning System (GPS). However, GPS does not detect objects that are indoors. Previous research used Wi-Fi as a reference for designing an indoor positioning system, but the system could not determine the position in detail because Wi-Fi could only detect object zones. Based on these problems, this research will propose the infrastructure prototype design of an indoor positioning system based on Visible Light Communication (VLC). The main focus of this research is designing a VLC transmitter and receiver system, estimating the distance between the receiver and transmitter based on the received signal strength, and estimating the receiver's position using the triangulation method based on a minimum of 3 distance estimates. The estimating distance system get average accuracy is 76.47%. The estimated accuracy of the x-coordinate position has the best accuracy is 77.05% and the y-coordinate estimate has the best accuracy is 86.54%.",,,,,,,,,,,Englisch,,,,,,"Ultima Computing : Jurnal Sistem Komputer, 2022-06, p.8-19",,,,,ISSN: 2355-3286 ISSN: 2549-4007 EISSN: 2549-4007 DOI: 10.31937/sk.v14i1.2271,,Unpaywall,https://fu-berlin.primo.exlibrisgroup.com/permalink/49KOBV_FUB/dm8bhl/cdi_crossref_primary_10_31937_sk_v14i1_2271
LOCALI: Calibration-Free Systematic Localization Approach for Indoor Positioning,,,"Ali, Muhammad   Hur, Soojung   Park, Yongwan",,,,,,,"Recent advancements in indoor positioning systems are based on infrastructure-free solutions, aimed at improving the location accuracy in complex indoor environments without the use of specialized resources. A popular infrastructure-free solution for indoor positioning is a calibration-based positioning, commonly known as fingerprinting. Fingerprinting solutions require extensive and error-free surveys of environments to build radio-map databases, which play a key role in position estimation. Fingerprinting also requires random updates of the database, when there are significant changes in the environment or a decrease in the accuracy. The calibration of the fingerprinting database is a time-consuming and laborious effort that prevents the extensive adoption of this technique. In this paper, we present a systematic LOCALIzation approach, “LOCALI”, for indoor positioning, which does not require a calibration database and extensive updates. The LOCALI exploits the floor plan/wall map of the environment to estimate the target position by generating radio maps by integrating path-losses over certain trajectories in complex indoor environments, where triangulation using time information or the received signal strength level is highly erroneous due to the fading effects caused by multi-path propagation or absorption by environmental elements or varying antenna alignment. Experimental results demonstrate that by using the map information and environmental parameters, a significant level of accuracy in indoor positioning can be achieved. Moreover, this process requires considerably lesser effort compared to the calibration-based techniques.",,,,BASEL: Mdpi,,,,,,,Englisch,,"2017. This work is licensed under https://creativecommons.org/licenses/by/4.0/ (the “License”). Notwithstanding the ProQuest Terms and Conditions, you may use this content in accordance with the terms of the License. 2017 by the authors. 2017",Calibration    Chemistry    Engineering    Fingerprints    Ips    Physical sciences    Technology,,,"Sensors (Basel, Switzerland), 2017-05, Vol.17 (6), p.1213, Article 1213",,,,,ISSN: 1424-8220 EISSN: 1424-8220 DOI: 10.3390/s17061213 PMID: 28587088,,DOAJ,https://fu-berlin.primo.exlibrisgroup.com/permalink/49KOBV_FUB/dm8bhl/cdi_crossref_citationtrail_10_3390_s17061213
LOCALI: Calibration-Free Systematic Localization Approach for Indoor Positioning,,,"Ali, Muhammad   Hur, Soojung   Park, Yongwan",,,,,,,"Recent advancements in indoor positioning systems are based on infrastructure-free solutions, aimed at improving the location accuracy in complex indoor environments without the use of specialized resources. A popular infrastructure-free solution for indoor positioning is a calibration-based positioning, commonly known as fingerprinting. Fingerprinting solutions require extensive and error-free surveys of environments to build radio-map databases, which play a key role in position estimation. Fingerprinting also requires random updates of the database, when there are significant changes in the environment or a decrease in the accuracy. The calibration of the fingerprinting database is a time-consuming and laborious effort that prevents the extensive adoption of this technique. In this paper, we present a systematic LOCALIzation approach, “LOCALI”, for indoor positioning, which does not require a calibration database and extensive updates. The LOCALI exploits the floor plan/wall map of the environment to estimate the target position by generating radio maps by integrating path-losses over certain trajectories in complex indoor environments, where triangulation using time information or the received signal strength level is highly erroneous due to the fading effects caused by multi-path propagation or absorption by environmental elements or varying antenna alignment. Experimental results demonstrate that by using the map information and environmental parameters, a significant level of accuracy in indoor positioning can be achieved. Moreover, this process requires considerably lesser effort compared to the calibration-based techniques.",,,,BASEL: Mdpi,,,,,,,Englisch,,"2017. This work is licensed under https://creativecommons.org/licenses/by/4.0/ (the “License”). Notwithstanding the ProQuest Terms and Conditions, you may use this content in accordance with the terms of the License. 2017 by the authors. 2017",Calibration    Chemistry    Engineering    Fingerprints    Ips    Physical sciences    Technology,,,"Sensors (Basel, Switzerland), 2017-05, Vol.17 (6), p.1213, Article 1213",,,,,ISSN: 1424-8220 EISSN: 1424-8220 DOI: 10.3390/s17061213 PMID: 28587088,,EZB,https://fu-berlin.primo.exlibrisgroup.com/permalink/49KOBV_FUB/dm8bhl/cdi_crossref_citationtrail_10_3390_s17061213
LOCALI: Calibration-Free Systematic Localization Approach for Indoor Positioning,,,"Ali, Muhammad   Hur, Soojung   Park, Yongwan",,,,,,,"Recent advancements in indoor positioning systems are based on infrastructure-free solutions, aimed at improving the location accuracy in complex indoor environments without the use of specialized resources. A popular infrastructure-free solution for indoor positioning is a calibration-based positioning, commonly known as fingerprinting. Fingerprinting solutions require extensive and error-free surveys of environments to build radio-map databases, which play a key role in position estimation. Fingerprinting also requires random updates of the database, when there are significant changes in the environment or a decrease in the accuracy. The calibration of the fingerprinting database is a time-consuming and laborious effort that prevents the extensive adoption of this technique. In this paper, we present a systematic LOCALIzation approach, “LOCALI”, for indoor positioning, which does not require a calibration database and extensive updates. The LOCALI exploits the floor plan/wall map of the environment to estimate the target position by generating radio maps by integrating path-losses over certain trajectories in complex indoor environments, where triangulation using time information or the received signal strength level is highly erroneous due to the fading effects caused by multi-path propagation or absorption by environmental elements or varying antenna alignment. Experimental results demonstrate that by using the map information and environmental parameters, a significant level of accuracy in indoor positioning can be achieved. Moreover, this process requires considerably lesser effort compared to the calibration-based techniques.",,,,BASEL: Mdpi,,,,,,,Englisch,,"2017. This work is licensed under https://creativecommons.org/licenses/by/4.0/ (the “License”). Notwithstanding the ProQuest Terms and Conditions, you may use this content in accordance with the terms of the License. 2017 by the authors. 2017",Calibration    Chemistry    Engineering    Fingerprints    Ips    Physical sciences    Technology,,,"Sensors (Basel, Switzerland), 2017-05, Vol.17 (6), p.1213, Article 1213",,,,,ISSN: 1424-8220 EISSN: 1424-8220 DOI: 10.3390/s17061213 PMID: 28587088,,ROAD,https://fu-berlin.primo.exlibrisgroup.com/permalink/49KOBV_FUB/dm8bhl/cdi_crossref_citationtrail_10_3390_s17061213
LOCALI: Calibration-Free Systematic Localization Approach for Indoor Positioning,,,"Ali, Muhammad   Hur, Soojung   Park, Yongwan",,,,,,,"Recent advancements in indoor positioning systems are based on infrastructure-free solutions, aimed at improving the location accuracy in complex indoor environments without the use of specialized resources. A popular infrastructure-free solution for indoor positioning is a calibration-based positioning, commonly known as fingerprinting. Fingerprinting solutions require extensive and error-free surveys of environments to build radio-map databases, which play a key role in position estimation. Fingerprinting also requires random updates of the database, when there are significant changes in the environment or a decrease in the accuracy. The calibration of the fingerprinting database is a time-consuming and laborious effort that prevents the extensive adoption of this technique. In this paper, we present a systematic LOCALIzation approach, “LOCALI”, for indoor positioning, which does not require a calibration database and extensive updates. The LOCALI exploits the floor plan/wall map of the environment to estimate the target position by generating radio maps by integrating path-losses over certain trajectories in complex indoor environments, where triangulation using time information or the received signal strength level is highly erroneous due to the fading effects caused by multi-path propagation or absorption by environmental elements or varying antenna alignment. Experimental results demonstrate that by using the map information and environmental parameters, a significant level of accuracy in indoor positioning can be achieved. Moreover, this process requires considerably lesser effort compared to the calibration-based techniques.",,,,BASEL: Mdpi,,,,,,,Englisch,,"2017. This work is licensed under https://creativecommons.org/licenses/by/4.0/ (the “License”). Notwithstanding the ProQuest Terms and Conditions, you may use this content in accordance with the terms of the License. 2017 by the authors. 2017",Calibration    Chemistry    Engineering    Fingerprints    Ips    Physical sciences    Technology,,,"Sensors (Basel, Switzerland), 2017-05, Vol.17 (6), p.1213, Article 1213",,,,,ISSN: 1424-8220 EISSN: 1424-8220 DOI: 10.3390/s17061213 PMID: 28587088,,Unpaywall,https://fu-berlin.primo.exlibrisgroup.com/permalink/49KOBV_FUB/dm8bhl/cdi_crossref_citationtrail_10_3390_s17061213
LOCALI: Calibration-Free Systematic Localization Approach for Indoor Positioning,,,"Ali, Muhammad   Hur, Soojung   Park, Yongwan",,,,,,,"Recent advancements in indoor positioning systems are based on infrastructure-free solutions, aimed at improving the location accuracy in complex indoor environments without the use of specialized resources. A popular infrastructure-free solution for indoor positioning is a calibration-based positioning, commonly known as fingerprinting. Fingerprinting solutions require extensive and error-free surveys of environments to build radio-map databases, which play a key role in position estimation. Fingerprinting also requires random updates of the database, when there are significant changes in the environment or a decrease in the accuracy. The calibration of the fingerprinting database is a time-consuming and laborious effort that prevents the extensive adoption of this technique. In this paper, we present a systematic LOCALIzation approach, “LOCALI”, for indoor positioning, which does not require a calibration database and extensive updates. The LOCALI exploits the floor plan/wall map of the environment to estimate the target position by generating radio maps by integrating path-losses over certain trajectories in complex indoor environments, where triangulation using time information or the received signal strength level is highly erroneous due to the fading effects caused by multi-path propagation or absorption by environmental elements or varying antenna alignment. Experimental results demonstrate that by using the map information and environmental parameters, a significant level of accuracy in indoor positioning can be achieved. Moreover, this process requires considerably lesser effort compared to the calibration-based techniques.",,,,BASEL: Mdpi,,,,,,,Englisch,,"2017. This work is licensed under https://creativecommons.org/licenses/by/4.0/ (the “License”). Notwithstanding the ProQuest Terms and Conditions, you may use this content in accordance with the terms of the License. 2017 by the authors. 2017",Calibration    Chemistry    Engineering    Fingerprints    Ips    Physical sciences    Technology,,,"Sensors (Basel, Switzerland), 2017-05, Vol.17 (6), p.1213, Article 1213",,,,,ISSN: 1424-8220 EISSN: 1424-8220 DOI: 10.3390/s17061213 PMID: 28587088,,Web of Science,https://fu-berlin.primo.exlibrisgroup.com/permalink/49KOBV_FUB/dm8bhl/cdi_crossref_citationtrail_10_3390_s17061213
Increased Accuracy in Indoor Location based on Neural Networks,,,Agustín Gerez   Oscar Enrique Goñi   Lucas Leiva,,,,,,,"The use of WiFi is widely used by a large number of devices, including those that make up the Internet of Things (IoT) and Artificial Intelligence (AI) systems. The location problem has been under investigation for a long time. In some cases, the radio signals used to transmit information are also used to make position estimates. However, its use is affected by the constant fluctuation of the signal. It is possible that when estimating the position of a component, it is influenced by obstacles, multipath and signal reflection. Its use improves when spatial localization is carried out, where assets can be traced within an indoor environment. In this work, the relationship of the distance estimation algorithms using RSSI and triangulation is analyzed, and a solution based on Neural Networks is proposed that combines the results of three distance estimation algorithms in order to increase precision.",,,,Universidad de Buenos Aires,,,,,,,Englisch,,,,,,"Revista elektrón, 2020-12, Vol.4 (2), p.74-80",,,,,EISSN: 2525-0159 DOI: 10.37537/rev.elektron.4.2.114.2020,,DOAJ,https://fu-berlin.primo.exlibrisgroup.com/permalink/49KOBV_FUB/dm8bhl/cdi_doaj_primary_oai_doaj_org_article_348a25c3b69f418485f1ed940c7e9410
Increased Accuracy in Indoor Location based on Neural Networks,,,Agustín Gerez   Oscar Enrique Goñi   Lucas Leiva,,,,,,,"The use of WiFi is widely used by a large number of devices, including those that make up the Internet of Things (IoT) and Artificial Intelligence (AI) systems. The location problem has been under investigation for a long time. In some cases, the radio signals used to transmit information are also used to make position estimates. However, its use is affected by the constant fluctuation of the signal. It is possible that when estimating the position of a component, it is influenced by obstacles, multipath and signal reflection. Its use improves when spatial localization is carried out, where assets can be traced within an indoor environment. In this work, the relationship of the distance estimation algorithms using RSSI and triangulation is analyzed, and a solution based on Neural Networks is proposed that combines the results of three distance estimation algorithms in order to increase precision.",,,,Universidad de Buenos Aires,,,,,,,Englisch,,,,,,"Revista elektrón, 2020-12, Vol.4 (2), p.74-80",,,,,EISSN: 2525-0159 DOI: 10.37537/rev.elektron.4.2.114.2020,,EZB,https://fu-berlin.primo.exlibrisgroup.com/permalink/49KOBV_FUB/dm8bhl/cdi_doaj_primary_oai_doaj_org_article_348a25c3b69f418485f1ed940c7e9410
Increased Accuracy in Indoor Location based on Neural Networks,,,Agustín Gerez   Oscar Enrique Goñi   Lucas Leiva,,,,,,,"The use of WiFi is widely used by a large number of devices, including those that make up the Internet of Things (IoT) and Artificial Intelligence (AI) systems. The location problem has been under investigation for a long time. In some cases, the radio signals used to transmit information are also used to make position estimates. However, its use is affected by the constant fluctuation of the signal. It is possible that when estimating the position of a component, it is influenced by obstacles, multipath and signal reflection. Its use improves when spatial localization is carried out, where assets can be traced within an indoor environment. In this work, the relationship of the distance estimation algorithms using RSSI and triangulation is analyzed, and a solution based on Neural Networks is proposed that combines the results of three distance estimation algorithms in order to increase precision.",,,,Universidad de Buenos Aires,,,,,,,Englisch,,,,,,"Revista elektrón, 2020-12, Vol.4 (2), p.74-80",,,,,EISSN: 2525-0159 DOI: 10.37537/rev.elektron.4.2.114.2020,,ROAD,https://fu-berlin.primo.exlibrisgroup.com/permalink/49KOBV_FUB/dm8bhl/cdi_doaj_primary_oai_doaj_org_article_348a25c3b69f418485f1ed940c7e9410
Adaptive FPGA-Based Accelerators for Human–Robot Interaction in Indoor Environments,,,"Sravanthi, Mangali   Gunturi, Sravan Kumar   Chinnaiah, Mangali Chinna   Lam, Siew-Kei   Vani, G. Divya   Basha, Mudasar   Janardhan, Narambhatla   Krishna, Dodde Hari   Dubey, Sanjay",,,,,,,"This study addresses the challenges of human–robot interactions in real-time environments with adaptive field-programmable gate array (FPGA)-based accelerators. Predicting human posture in indoor environments in confined areas is a significant challenge for service robots. The proposed approach works on two levels: the estimation of human location and the robot’s intention to serve based on the human’s location at static and adaptive positions. This paper presents three methodologies to address these challenges: binary classification to analyze static and adaptive postures for human localization in indoor environments using the sensor fusion method, adaptive Simultaneous Localization and Mapping (SLAM) for the robot to deliver the task, and human–robot implicit communication. VLSI hardware schemes are developed for the proposed method. Initially, the control unit processes real-time sensor data through PIR sensors and multiple ultrasonic sensors to analyze the human posture. Subsequently, static and adaptive human posture data are communicated to the robot via Wi-Fi. Finally, the robot performs services for humans using an adaptive SLAM-based triangulation navigation method. The experimental validation was conducted in a hospital environment. The proposed algorithms were coded in Verilog HDL, simulated, and synthesized using VIVADO 2017.3. A Zed-board-based FPGA Xilinx board was used for experimental validation.",,,,BASEL: Mdpi,,,,,,,Englisch,,"COPYRIGHT 2024 MDPI AG 2024 by the authors. Licensee MDPI, Basel, Switzerland. This article is an open access article distributed under the terms and conditions of the Creative Commons Attribution (CC BY) license (https://creativecommons.org/licenses/by/4.0/). Notwithstanding the ProQuest Terms and Conditions, you may use this content in accordance with the terms of the License. 2024 by the authors. 2024",Algorithms    Automation    Chemistry    Computer vision    Data Collection    Design and construction    Efficiency    Engineering    Equipment and supplies    Field programmable gate arrays    Human beings    Internet of things    Location    Mathematical optimization    Medicine    Mobile robots    Multisensor data fusion    Physical sciences    Posture    Programmable controllers    Robotics    Robots    Sleep    Technology    Testing,,,"Sensors (Basel, Switzerland), 2024-10, Vol.24 (21), p.6986, Article 6986",,,,,ISSN: 1424-8220 EISSN: 1424-8220 DOI: 10.3390/s24216986 PMID: 39517884,,DOAJ,https://fu-berlin.primo.exlibrisgroup.com/permalink/49KOBV_FUB/dm8bhl/cdi_gale_infotracacademiconefile_A815421817
Adaptive FPGA-Based Accelerators for Human–Robot Interaction in Indoor Environments,,,"Sravanthi, Mangali   Gunturi, Sravan Kumar   Chinnaiah, Mangali Chinna   Lam, Siew-Kei   Vani, G. Divya   Basha, Mudasar   Janardhan, Narambhatla   Krishna, Dodde Hari   Dubey, Sanjay",,,,,,,"This study addresses the challenges of human–robot interactions in real-time environments with adaptive field-programmable gate array (FPGA)-based accelerators. Predicting human posture in indoor environments in confined areas is a significant challenge for service robots. The proposed approach works on two levels: the estimation of human location and the robot’s intention to serve based on the human’s location at static and adaptive positions. This paper presents three methodologies to address these challenges: binary classification to analyze static and adaptive postures for human localization in indoor environments using the sensor fusion method, adaptive Simultaneous Localization and Mapping (SLAM) for the robot to deliver the task, and human–robot implicit communication. VLSI hardware schemes are developed for the proposed method. Initially, the control unit processes real-time sensor data through PIR sensors and multiple ultrasonic sensors to analyze the human posture. Subsequently, static and adaptive human posture data are communicated to the robot via Wi-Fi. Finally, the robot performs services for humans using an adaptive SLAM-based triangulation navigation method. The experimental validation was conducted in a hospital environment. The proposed algorithms were coded in Verilog HDL, simulated, and synthesized using VIVADO 2017.3. A Zed-board-based FPGA Xilinx board was used for experimental validation.",,,,BASEL: Mdpi,,,,,,,Englisch,,"COPYRIGHT 2024 MDPI AG 2024 by the authors. Licensee MDPI, Basel, Switzerland. This article is an open access article distributed under the terms and conditions of the Creative Commons Attribution (CC BY) license (https://creativecommons.org/licenses/by/4.0/). Notwithstanding the ProQuest Terms and Conditions, you may use this content in accordance with the terms of the License. 2024 by the authors. 2024",Algorithms    Automation    Chemistry    Computer vision    Data Collection    Design and construction    Efficiency    Engineering    Equipment and supplies    Field programmable gate arrays    Human beings    Internet of things    Location    Mathematical optimization    Medicine    Mobile robots    Multisensor data fusion    Physical sciences    Posture    Programmable controllers    Robotics    Robots    Sleep    Technology    Testing,,,"Sensors (Basel, Switzerland), 2024-10, Vol.24 (21), p.6986, Article 6986",,,,,ISSN: 1424-8220 EISSN: 1424-8220 DOI: 10.3390/s24216986 PMID: 39517884,,EZB,https://fu-berlin.primo.exlibrisgroup.com/permalink/49KOBV_FUB/dm8bhl/cdi_gale_infotracacademiconefile_A815421817
Adaptive FPGA-Based Accelerators for Human–Robot Interaction in Indoor Environments,,,"Sravanthi, Mangali   Gunturi, Sravan Kumar   Chinnaiah, Mangali Chinna   Lam, Siew-Kei   Vani, G. Divya   Basha, Mudasar   Janardhan, Narambhatla   Krishna, Dodde Hari   Dubey, Sanjay",,,,,,,"This study addresses the challenges of human–robot interactions in real-time environments with adaptive field-programmable gate array (FPGA)-based accelerators. Predicting human posture in indoor environments in confined areas is a significant challenge for service robots. The proposed approach works on two levels: the estimation of human location and the robot’s intention to serve based on the human’s location at static and adaptive positions. This paper presents three methodologies to address these challenges: binary classification to analyze static and adaptive postures for human localization in indoor environments using the sensor fusion method, adaptive Simultaneous Localization and Mapping (SLAM) for the robot to deliver the task, and human–robot implicit communication. VLSI hardware schemes are developed for the proposed method. Initially, the control unit processes real-time sensor data through PIR sensors and multiple ultrasonic sensors to analyze the human posture. Subsequently, static and adaptive human posture data are communicated to the robot via Wi-Fi. Finally, the robot performs services for humans using an adaptive SLAM-based triangulation navigation method. The experimental validation was conducted in a hospital environment. The proposed algorithms were coded in Verilog HDL, simulated, and synthesized using VIVADO 2017.3. A Zed-board-based FPGA Xilinx board was used for experimental validation.",,,,BASEL: Mdpi,,,,,,,Englisch,,"COPYRIGHT 2024 MDPI AG 2024 by the authors. Licensee MDPI, Basel, Switzerland. This article is an open access article distributed under the terms and conditions of the Creative Commons Attribution (CC BY) license (https://creativecommons.org/licenses/by/4.0/). Notwithstanding the ProQuest Terms and Conditions, you may use this content in accordance with the terms of the License. 2024 by the authors. 2024",Algorithms    Automation    Chemistry    Computer vision    Data Collection    Design and construction    Efficiency    Engineering    Equipment and supplies    Field programmable gate arrays    Human beings    Internet of things    Location    Mathematical optimization    Medicine    Mobile robots    Multisensor data fusion    Physical sciences    Posture    Programmable controllers    Robotics    Robots    Sleep    Technology    Testing,,,"Sensors (Basel, Switzerland), 2024-10, Vol.24 (21), p.6986, Article 6986",,,,,ISSN: 1424-8220 EISSN: 1424-8220 DOI: 10.3390/s24216986 PMID: 39517884,,ROAD,https://fu-berlin.primo.exlibrisgroup.com/permalink/49KOBV_FUB/dm8bhl/cdi_gale_infotracacademiconefile_A815421817
Adaptive FPGA-Based Accelerators for Human–Robot Interaction in Indoor Environments,,,"Sravanthi, Mangali   Gunturi, Sravan Kumar   Chinnaiah, Mangali Chinna   Lam, Siew-Kei   Vani, G. Divya   Basha, Mudasar   Janardhan, Narambhatla   Krishna, Dodde Hari   Dubey, Sanjay",,,,,,,"This study addresses the challenges of human–robot interactions in real-time environments with adaptive field-programmable gate array (FPGA)-based accelerators. Predicting human posture in indoor environments in confined areas is a significant challenge for service robots. The proposed approach works on two levels: the estimation of human location and the robot’s intention to serve based on the human’s location at static and adaptive positions. This paper presents three methodologies to address these challenges: binary classification to analyze static and adaptive postures for human localization in indoor environments using the sensor fusion method, adaptive Simultaneous Localization and Mapping (SLAM) for the robot to deliver the task, and human–robot implicit communication. VLSI hardware schemes are developed for the proposed method. Initially, the control unit processes real-time sensor data through PIR sensors and multiple ultrasonic sensors to analyze the human posture. Subsequently, static and adaptive human posture data are communicated to the robot via Wi-Fi. Finally, the robot performs services for humans using an adaptive SLAM-based triangulation navigation method. The experimental validation was conducted in a hospital environment. The proposed algorithms were coded in Verilog HDL, simulated, and synthesized using VIVADO 2017.3. A Zed-board-based FPGA Xilinx board was used for experimental validation.",,,,BASEL: Mdpi,,,,,,,Englisch,,"COPYRIGHT 2024 MDPI AG 2024 by the authors. Licensee MDPI, Basel, Switzerland. This article is an open access article distributed under the terms and conditions of the Creative Commons Attribution (CC BY) license (https://creativecommons.org/licenses/by/4.0/). Notwithstanding the ProQuest Terms and Conditions, you may use this content in accordance with the terms of the License. 2024 by the authors. 2024",Algorithms    Automation    Chemistry    Computer vision    Data Collection    Design and construction    Efficiency    Engineering    Equipment and supplies    Field programmable gate arrays    Human beings    Internet of things    Location    Mathematical optimization    Medicine    Mobile robots    Multisensor data fusion    Physical sciences    Posture    Programmable controllers    Robotics    Robots    Sleep    Technology    Testing,,,"Sensors (Basel, Switzerland), 2024-10, Vol.24 (21), p.6986, Article 6986",,,,,ISSN: 1424-8220 EISSN: 1424-8220 DOI: 10.3390/s24216986 PMID: 39517884,,Unpaywall,https://fu-berlin.primo.exlibrisgroup.com/permalink/49KOBV_FUB/dm8bhl/cdi_gale_infotracacademiconefile_A815421817
Adaptive FPGA-Based Accelerators for Human–Robot Interaction in Indoor Environments,,,"Sravanthi, Mangali   Gunturi, Sravan Kumar   Chinnaiah, Mangali Chinna   Lam, Siew-Kei   Vani, G. Divya   Basha, Mudasar   Janardhan, Narambhatla   Krishna, Dodde Hari   Dubey, Sanjay",,,,,,,"This study addresses the challenges of human–robot interactions in real-time environments with adaptive field-programmable gate array (FPGA)-based accelerators. Predicting human posture in indoor environments in confined areas is a significant challenge for service robots. The proposed approach works on two levels: the estimation of human location and the robot’s intention to serve based on the human’s location at static and adaptive positions. This paper presents three methodologies to address these challenges: binary classification to analyze static and adaptive postures for human localization in indoor environments using the sensor fusion method, adaptive Simultaneous Localization and Mapping (SLAM) for the robot to deliver the task, and human–robot implicit communication. VLSI hardware schemes are developed for the proposed method. Initially, the control unit processes real-time sensor data through PIR sensors and multiple ultrasonic sensors to analyze the human posture. Subsequently, static and adaptive human posture data are communicated to the robot via Wi-Fi. Finally, the robot performs services for humans using an adaptive SLAM-based triangulation navigation method. The experimental validation was conducted in a hospital environment. The proposed algorithms were coded in Verilog HDL, simulated, and synthesized using VIVADO 2017.3. A Zed-board-based FPGA Xilinx board was used for experimental validation.",,,,BASEL: Mdpi,,,,,,,Englisch,,"COPYRIGHT 2024 MDPI AG 2024 by the authors. Licensee MDPI, Basel, Switzerland. This article is an open access article distributed under the terms and conditions of the Creative Commons Attribution (CC BY) license (https://creativecommons.org/licenses/by/4.0/). Notwithstanding the ProQuest Terms and Conditions, you may use this content in accordance with the terms of the License. 2024 by the authors. 2024",Algorithms    Automation    Chemistry    Computer vision    Data Collection    Design and construction    Efficiency    Engineering    Equipment and supplies    Field programmable gate arrays    Human beings    Internet of things    Location    Mathematical optimization    Medicine    Mobile robots    Multisensor data fusion    Physical sciences    Posture    Programmable controllers    Robotics    Robots    Sleep    Technology    Testing,,,"Sensors (Basel, Switzerland), 2024-10, Vol.24 (21), p.6986, Article 6986",,,,,ISSN: 1424-8220 EISSN: 1424-8220 DOI: 10.3390/s24216986 PMID: 39517884,,Web of Science,https://fu-berlin.primo.exlibrisgroup.com/permalink/49KOBV_FUB/dm8bhl/cdi_gale_infotracacademiconefile_A815421817
Comparative analysis of indoor positioning systems based on communications supported by smartphones,,,,,,,,,,,,,,,,,,,,,Englisch,,,,,,2012 12th Conference of Open Innovations Association (FRUCT),,,,,DOI: 10.23919/fruct.2012.8122085,,Unpaywall,https://fu-berlin.primo.exlibrisgroup.com/permalink/49KOBV_FUB/dm8bhl/cdi_unpaywall_primary_10_23919_fruct_2012_8122085
NetFlow Analyzer,,,,,,,,,,,,,,,,,,,,,Englisch,,,,,,International Journal on Science and Technology,,,,,ISSN: 2229-7677 DOI: 10.71097/ijsat.v16.i2.5974,,Unpaywall,https://fu-berlin.primo.exlibrisgroup.com/permalink/49KOBV_FUB/dm8bhl/cdi_unpaywall_primary_10_71097_ijsat_v16_i2_5974
SmartGuide – A Smartphone Museum Guide with Ultrasound Control,,,"Bihler, Pascal   Imhoff, Paul   Cremers, Armin B.",,,,,,,"While smartphones are well equipped for outdoor localization tasks, they usually do not provide support for identifying an indoor point of interest. This especially prohibits the context aware use of smartphones for guidance tasks inside a building, e. g. a museum. Alternatives like the use of near field communication (NFC) or barcode tagging demands an explicit interaction of the user with the tag, as well as dedicated sensors on the users’ phone. WiFi triangulation requires a calibration step for every distinct location. We found that ultrasonic signals, sent by a cheap, stand-alone emitter, can be the basis of a light-weight smartphone based proximity detection system. Using this technique we developed a prototypical context-aware museum guide and tested it successfully in public.",,,,Elsevier B.V,,,,,,,Englisch,,2011,,,,"Procedia computer science, 2011, Vol.5, p.586-592",,,,,ISSN: 1877-0509 EISSN: 1877-0509 DOI: 10.1016/j.procs.2011.07.076,,EZB,https://fu-berlin.primo.exlibrisgroup.com/permalink/49KOBV_FUB/dm8bhl/cdi_crossref_primary_10_1016_j_procs_2011_07_076
SmartGuide – A Smartphone Museum Guide with Ultrasound Control,,,"Bihler, Pascal   Imhoff, Paul   Cremers, Armin B.",,,,,,,"While smartphones are well equipped for outdoor localization tasks, they usually do not provide support for identifying an indoor point of interest. This especially prohibits the context aware use of smartphones for guidance tasks inside a building, e. g. a museum. Alternatives like the use of near field communication (NFC) or barcode tagging demands an explicit interaction of the user with the tag, as well as dedicated sensors on the users’ phone. WiFi triangulation requires a calibration step for every distinct location. We found that ultrasonic signals, sent by a cheap, stand-alone emitter, can be the basis of a light-weight smartphone based proximity detection system. Using this technique we developed a prototypical context-aware museum guide and tested it successfully in public.",,,,Elsevier B.V,,,,,,,Englisch,,2011,,,,"Procedia computer science, 2011, Vol.5, p.586-592",,,,,ISSN: 1877-0509 EISSN: 1877-0509 DOI: 10.1016/j.procs.2011.07.076,,ROAD,https://fu-berlin.primo.exlibrisgroup.com/permalink/49KOBV_FUB/dm8bhl/cdi_crossref_primary_10_1016_j_procs_2011_07_076
SmartGuide – A Smartphone Museum Guide with Ultrasound Control,,,"Bihler, Pascal   Imhoff, Paul   Cremers, Armin B.",,,,,,,"While smartphones are well equipped for outdoor localization tasks, they usually do not provide support for identifying an indoor point of interest. This especially prohibits the context aware use of smartphones for guidance tasks inside a building, e. g. a museum. Alternatives like the use of near field communication (NFC) or barcode tagging demands an explicit interaction of the user with the tag, as well as dedicated sensors on the users’ phone. WiFi triangulation requires a calibration step for every distinct location. We found that ultrasonic signals, sent by a cheap, stand-alone emitter, can be the basis of a light-weight smartphone based proximity detection system. Using this technique we developed a prototypical context-aware museum guide and tested it successfully in public.",,,,Elsevier B.V,,,,,,,Englisch,,2011,,,,"Procedia computer science, 2011, Vol.5, p.586-592",,,,,ISSN: 1877-0509 EISSN: 1877-0509 DOI: 10.1016/j.procs.2011.07.076,,Unpaywall,https://fu-berlin.primo.exlibrisgroup.com/permalink/49KOBV_FUB/dm8bhl/cdi_crossref_primary_10_1016_j_procs_2011_07_076
Development of Mobile Indoor Positioning System Application Using Android and Bluetooth Low Energy with Trilateration Method,,,,,,,,,,,,,,,,,,,,,Englisch,,,,,,"2017 International Conference on Soft Computing, Intelligent System and Information Technology (ICSIIT)",,,,,DOI: 10.1109/icsiit.2017.64,,Unpaywall,https://fu-berlin.primo.exlibrisgroup.com/permalink/49KOBV_FUB/dm8bhl/cdi_unpaywall_primary_10_1109_icsiit_2017_64
The Application of Machine Learning Techniques on Channel Frequency Response Based Indoor Positioning in Dynamic Environments,,,,,,,,,,,,,,,,,,,,,Englisch,,,,,,"2018 IEEE International Conference on Sensing, Communication and Networking (SECON Workshops)",,,,,DOI: 10.1109/seconw.2018.8396358,,Unpaywall,https://fu-berlin.primo.exlibrisgroup.com/permalink/49KOBV_FUB/dm8bhl/cdi_unpaywall_primary_10_1109_seconw_2018_8396358
A Graph-Based Method for Indoor Subarea Localization with Zero-Configuration,,,,,,,,,,,,,,,,,,,,,Englisch,,,,,,"2016 Intl IEEE Conferences on Ubiquitous Intelligence & Computing, Advanced and Trusted Computing, Scalable Computing and Communications, Cloud and Big Data Computing, Internet of People, and Smart World Congress (UIC/ATC/ScalCom/CBDCom/IoP/SmartWorld)",,,,,DOI: 10.1109/uic-atc-scalcom-cbdcom-iop-smartworld.2016.0054,,Unpaywall,https://fu-berlin.primo.exlibrisgroup.com/permalink/49KOBV_FUB/dm8bhl/cdi_unpaywall_primary_10_1109_uic_atc_scalcom_cbdcom_iop_smartworld_2016_0054
Improved Fingerprinting based Indoor Positioning System with Hybrid Sensor Fusion to Overcome the Practical Hinderance,,,,,,,,,,"Indoor tracking has evolved with various methods, and the most popularly used method is using signal strength measuring techniques like trilateration, triangulation, and fingerprinting, etc. Out of all the popular techniques, the Wi-Fi fingerprinting method to localize users has been attracting much attention because it doesn’t require any line- of- sight. The offline phase takes into account of LOS or any permanent hindrances to the access point radio signal during the recording of the Fingerprinting dataset. In the online phase by comparing the RSSI values and using KNN /WKNN can detect the location of one’s position in indoor where the GPS signals can’t be reached. The offline phase requires much more effort to capture RSSI values, and any change in the environment or location of the Wi-Fi access point requires all the calibration in offline need to repeat, which is tedious. Even a temporary moving block like humans/doors/new construction will affect the accuracy of positioning in the online phase. The proposed algorithm detects the affected Wi-Fi nodes hindered by blocks and eliminates those during the online comparison phase, so then improves the accuracy. This algorithm also is useful in identifying the block is permanent or temporary to optimize the retake of the offline phase. The experimental result shows that the proposed hybrid sensor fused method improves the position estimation over the Fingerprinting method.",,,,,,,,,,,Englisch,,,,,,"International journal of recent technology and engineering, 2019-12, Vol.8 (4), p.2789-2792",,,,,ISSN: 2277-3878 EISSN: 2277-3878 DOI: 10.35940/ijeat.B2298.129219,,EZB,https://fu-berlin.primo.exlibrisgroup.com/permalink/49KOBV_FUB/dm8bhl/cdi_unpaywall_primary_10_35940_ijeat_b2298_129219
Improved Fingerprinting based Indoor Positioning System with Hybrid Sensor Fusion to Overcome the Practical Hinderance,,,,,,,,,,"Indoor tracking has evolved with various methods, and the most popularly used method is using signal strength measuring techniques like trilateration, triangulation, and fingerprinting, etc. Out of all the popular techniques, the Wi-Fi fingerprinting method to localize users has been attracting much attention because it doesn’t require any line- of- sight. The offline phase takes into account of LOS or any permanent hindrances to the access point radio signal during the recording of the Fingerprinting dataset. In the online phase by comparing the RSSI values and using KNN /WKNN can detect the location of one’s position in indoor where the GPS signals can’t be reached. The offline phase requires much more effort to capture RSSI values, and any change in the environment or location of the Wi-Fi access point requires all the calibration in offline need to repeat, which is tedious. Even a temporary moving block like humans/doors/new construction will affect the accuracy of positioning in the online phase. The proposed algorithm detects the affected Wi-Fi nodes hindered by blocks and eliminates those during the online comparison phase, so then improves the accuracy. This algorithm also is useful in identifying the block is permanent or temporary to optimize the retake of the offline phase. The experimental result shows that the proposed hybrid sensor fused method improves the position estimation over the Fingerprinting method.",,,,,,,,,,,Englisch,,,,,,"International journal of recent technology and engineering, 2019-12, Vol.8 (4), p.2789-2792",,,,,ISSN: 2277-3878 EISSN: 2277-3878 DOI: 10.35940/ijeat.B2298.129219,,ROAD,https://fu-berlin.primo.exlibrisgroup.com/permalink/49KOBV_FUB/dm8bhl/cdi_unpaywall_primary_10_35940_ijeat_b2298_129219
Improved Fingerprinting based Indoor Positioning System with Hybrid Sensor Fusion to Overcome the Practical Hinderance,,,,,,,,,,"Indoor tracking has evolved with various methods, and the most popularly used method is using signal strength measuring techniques like trilateration, triangulation, and fingerprinting, etc. Out of all the popular techniques, the Wi-Fi fingerprinting method to localize users has been attracting much attention because it doesn’t require any line- of- sight. The offline phase takes into account of LOS or any permanent hindrances to the access point radio signal during the recording of the Fingerprinting dataset. In the online phase by comparing the RSSI values and using KNN /WKNN can detect the location of one’s position in indoor where the GPS signals can’t be reached. The offline phase requires much more effort to capture RSSI values, and any change in the environment or location of the Wi-Fi access point requires all the calibration in offline need to repeat, which is tedious. Even a temporary moving block like humans/doors/new construction will affect the accuracy of positioning in the online phase. The proposed algorithm detects the affected Wi-Fi nodes hindered by blocks and eliminates those during the online comparison phase, so then improves the accuracy. This algorithm also is useful in identifying the block is permanent or temporary to optimize the retake of the offline phase. The experimental result shows that the proposed hybrid sensor fused method improves the position estimation over the Fingerprinting method.",,,,,,,,,,,Englisch,,,,,,"International journal of recent technology and engineering, 2019-12, Vol.8 (4), p.2789-2792",,,,,ISSN: 2277-3878 EISSN: 2277-3878 DOI: 10.35940/ijeat.B2298.129219,,Unpaywall,https://fu-berlin.primo.exlibrisgroup.com/permalink/49KOBV_FUB/dm8bhl/cdi_unpaywall_primary_10_35940_ijeat_b2298_129219
Locating Rogue Access Point Using Fine-Grained Channel Information,,,"Wang, Chen   Zheng, Xiuyuan   Chen, Yingying   Yang, Jie",,,,,,,"Rogue access point (AP) has emerged as an important security problem in WLANs. However, it is a challenge task to localize the rogue AP with both high accuracy and minimal infrastructure cost. Either expensive professional infrastructure (e.g., multiple wireless sniffers) or additional hardware (e.g., directional antenna) need to be pre-deployed for rogue AP localization with high cost. Moreover, existing methods using Received Signal Strength (RSS) result in a large error as RSS is suffered from the multipath and shadowing effects in complex wireless environment. In this work, we exploit the channel state information (CSI), which is readily available from commercial Wi-Fi devices, to locate the rogue AP with high accuracy. We use only a single off-the-shelf Wi-Fi device for rogue AP localization which involves minimal infrastructure requirement. Our proposed rogue AP localization framework consists of two components: direction determination and position estimation. The direction determination can be carried out by using the human blocking effect on the CSI amplitude or phase. The multiple antennas on the Wi-Fi devices can be further utilized to enhance the rogue AP direction estimation. Given the estimated direction, two schemes are proposed to pinpoint the position of the rogue AP: determining directions at multiple locations grounded on triangulation and walking towards the rogue AP with direction adjustment. Results from extensive experiments in both indoor and outdoor environments show that our framework can achieve more practical and accurate rogue AP localization when comparing with the existing RSS-based approach.",,,,LOS ALAMITOS: IEEE,,,,,,,Englisch,,"Copyright The Institute of Electrical and Electronics Engineers, Inc. (IEEE) 2017",Computer science    Hardware    IEEE 802.11 (Standard)    Mobile computing    Technology    Telecommunication    Triangulation    Walking,,,"IEEE transactions on mobile computing, 2017-09, Vol.16 (9), p.2560-2573",,,,,ISSN: 1536-1233 EISSN: 1558-0660 DOI: 10.1109/TMC.2016.2629473 CODEN: ITMCCJ,,Web of Science,https://fu-berlin.primo.exlibrisgroup.com/permalink/49KOBV_FUB/dm8bhl/cdi_webofscience_primary_000407399100013CitationCount
Machine Learning-Based Indoor Localization System with Human Computer Interaction System,,,,,,,,,,,,,,,,,,,,,Englisch,,,,,,Journal of Advances in Engineering and Technology,,,,,ISSN: 2961-5410 DOI: 10.54389/wpdk5680,,Unpaywall,https://fu-berlin.primo.exlibrisgroup.com/permalink/49KOBV_FUB/dm8bhl/cdi_unpaywall_primary_10_54389_wpdk5680
A multi-source fusion localization method based on mutated signal segmentation fitting,,,"Hua, Hangbo   Li, Mingxuan   Xia, Jianhao   Kong, Ming",,,,,,,"To address the issues of insufficient localization accuracy, low matching efficiency, and high cost of fingerprint library construction in complex indoor environments, a multi-source fusion localization method based on mutated signal segmentation fitting (MSSF) and an improved adaptive unscented Kalman filter is proposed. Firstly, a segmentation partitioning strategy integrating Delaunay Triangulation, flood-like lighting algorithm, and localized fitting algorithm for small-area segmentation is designed to construct a double-layer fingerprint library (DLFL) based on a virtual access point signal propagation attenuation model. This achieves high-precision signal fitting and rapid zone matching under sparse sampling conditions. Secondly, an improved adaptive unscented Kalman Filter algorithm incorporating Sage-Husa filtering is proposed. It dynamically estimates the observation noise covariance through an innovation augmentation mechanism, enhancing its robustness in non-linear noise environments characterized by Wi-Fi signal fluctuations and PDR drift. Combined with the DLFL, this further realizes a localization algorithm that fuses Wi-Fi signals and PDR information. Experimental results show that the proposed MSSF algorithm achieves an average error of merely 1.508 dB across 12 test points; the DLFL based on MSSF reduces the online matching time from 0.024 s to 0.004 s; and the multi-source fusion localization algorithm achieves a per-step average error of 0.326 m, representing a 56.7% improvement compared to traditional fusion localization methods. These results validate the comprehensive advantages of the proposed method in terms of accuracy, efficiency, and adaptability.",,,,Bristol: IOP Publishing Ltd,,,,,,,Englisch,,,Engineering    Technology,,,"Measurement science & technology, 2026-05, Vol.37 (20), p.206301, Article 206301",,,,,ISSN: 0957-0233 EISSN: 1361-6501 DOI: 10.1088/1361-6501/ae6884,,Web of Science,https://fu-berlin.primo.exlibrisgroup.com/permalink/49KOBV_FUB/dm8bhl/cdi_crossref_primary_10_1088_1361_6501_ae6884
New signal location method based on signal-range data for proximity tracing tools,,,"Montanha, Aleksandro   Polidorio, Airton M.   Romero-Ternero, María del Carmen",,,,,,,"Several technological solutions have emerged over the last several months to support proximity contact tracing to fight the COVID-19 pandemic. For this reason, today more than ever, accurate signal location is needed, even in indoor public areas (supermarkets, public transport, etc.). In a previous work, we proposed five methods to solve the problem of signal localization using elements of pole-polar geometry. The proposals were innovative, since they solved a geometric problem (locating a point in a coordinate system) only by applying concepts of geometry. Among these developed methods, the PPC (Pole-Polar Centroid model) was also presented. Although the PPC solves the problem of locating a device with better precision than conventional methods (based on numerical or optimization methods), its accuracy was found to be the worst among the five proposed geometric methods. In this context, this work proposes an extension to our PPC method, called the weighted Pole-Polar Centroid method (wPPC), which improves the accuracy of the previous PPC results. Such an extension does not change the complexity O(m2) or the minimum dimensionality (m = 2) of nodes, which integrate a location network to perform the triangulation of such signals. Moreover, this extension estimates a device's location coordinates by means of the interaction, via signals, of this device with the network nodes distributed in any coordinate system. An IEEE 802.11 network infrastructure is used to accomplish the experiments. Errors in signal data are common, and our new proposed method, the wPPC, can mitigate the influence of these errors, produce more accurate results than the PPC, and outperform some of the other four proposed geometric methods and current numeric methods. Despite the use of an IEEE 802.11 network infrastructure for testing here, this range-based method for signal triangulation can be applied to any signal type (such as Wi-Fi, Bluetooth, and light and sound propagation).",,,,LONDON: Elsevier Ltd,,,,,,,Englisch,,2021 The Authors 2021 The Authors. 2021 The Authors 2021,Computer science    Contact Tracing    Signal processing    Technology,,,"Journal of network and computer applications, 2021-04, Vol.180, p.103006-103006, Article 103006",,,,,ISSN: 1084-8045 ISSN: 1095-8592 EISSN: 1095-8592 EISSN: 1084-8045 DOI: 10.1016/j.jnca.2021.103006 PMID: 34173430,,Unpaywall,https://fu-berlin.primo.exlibrisgroup.com/permalink/49KOBV_FUB/dm8bhl/cdi_webofscience_primary_000633025700002CitationCount
New signal location method based on signal-range data for proximity tracing tools,,,"Montanha, Aleksandro   Polidorio, Airton M.   Romero-Ternero, María del Carmen",,,,,,,"Several technological solutions have emerged over the last several months to support proximity contact tracing to fight the COVID-19 pandemic. For this reason, today more than ever, accurate signal location is needed, even in indoor public areas (supermarkets, public transport, etc.). In a previous work, we proposed five methods to solve the problem of signal localization using elements of pole-polar geometry. The proposals were innovative, since they solved a geometric problem (locating a point in a coordinate system) only by applying concepts of geometry. Among these developed methods, the PPC (Pole-Polar Centroid model) was also presented. Although the PPC solves the problem of locating a device with better precision than conventional methods (based on numerical or optimization methods), its accuracy was found to be the worst among the five proposed geometric methods. In this context, this work proposes an extension to our PPC method, called the weighted Pole-Polar Centroid method (wPPC), which improves the accuracy of the previous PPC results. Such an extension does not change the complexity O(m2) or the minimum dimensionality (m = 2) of nodes, which integrate a location network to perform the triangulation of such signals. Moreover, this extension estimates a device's location coordinates by means of the interaction, via signals, of this device with the network nodes distributed in any coordinate system. An IEEE 802.11 network infrastructure is used to accomplish the experiments. Errors in signal data are common, and our new proposed method, the wPPC, can mitigate the influence of these errors, produce more accurate results than the PPC, and outperform some of the other four proposed geometric methods and current numeric methods. Despite the use of an IEEE 802.11 network infrastructure for testing here, this range-based method for signal triangulation can be applied to any signal type (such as Wi-Fi, Bluetooth, and light and sound propagation).",,,,LONDON: Elsevier Ltd,,,,,,,Englisch,,2021 The Authors 2021 The Authors. 2021 The Authors 2021,Computer science    Contact Tracing    Signal processing    Technology,,,"Journal of network and computer applications, 2021-04, Vol.180, p.103006-103006, Article 103006",,,,,ISSN: 1084-8045 ISSN: 1095-8592 EISSN: 1095-8592 EISSN: 1084-8045 DOI: 10.1016/j.jnca.2021.103006 PMID: 34173430,,Web of Science,https://fu-berlin.primo.exlibrisgroup.com/permalink/49KOBV_FUB/dm8bhl/cdi_webofscience_primary_000633025700002CitationCount
Determining the coordinates of a mobile robot in an industrial space using BLE technology based on RSSI data received from base stations,,,"Nevliudov, I.Sh   Novoselov, S.P.   Sychova, O.V.   Tesliuk, S.I.",,,,,,,"Existing global positioning technologies cannot be applied indoors, where the signal from satellites or communication towers is significantly reduced or completely absent due to signal weakening in the walls of the building. Wireless network technologies such as Bluetooth or Wi-Fi can also be used in the process of local determining the mobile platforms position in industrial premises. But such methods have a problem with providing the required accuracy. The relevance of these studies is associated with solving the problem of local positioning of mobile robots in a room with an accuracy of ten centimeters. The article presents a comparative analysis of determining coordinates’ principles by the AOA, TOA, TDOA and RSSI methods. It is proposed to use BLE technologies based on the RSSI data received from base stations. Using the triangulation method, formulas are obtained for solving the problem of determining the coordinates of an object moving in space. The software and hardware complex architecture has been developed. It is proposed to use ESP32 modules as base radio stations. The RSSI value is very unstable, so the positioning accuracy will depend on the number of base stations and the additional software tools used.",,,,,,,,,,,Englisch,,,,,,"Radiotekhnika, 2022-06 (209), p.185-191",,,,,ISSN: 0485-8972 ISSN: 2786-5525 EISSN: 2786-5525 DOI: 10.30837/rt.2022.2.209.18,,ROAD,https://fu-berlin.primo.exlibrisgroup.com/permalink/49KOBV_FUB/dm8bhl/cdi_crossref_primary_10_30837_rt_2022_2_209_18
Determining the coordinates of a mobile robot in an industrial space using BLE technology based on RSSI data received from base stations,,,"Nevliudov, I.Sh   Novoselov, S.P.   Sychova, O.V.   Tesliuk, S.I.",,,,,,,"Existing global positioning technologies cannot be applied indoors, where the signal from satellites or communication towers is significantly reduced or completely absent due to signal weakening in the walls of the building. Wireless network technologies such as Bluetooth or Wi-Fi can also be used in the process of local determining the mobile platforms position in industrial premises. But such methods have a problem with providing the required accuracy. The relevance of these studies is associated with solving the problem of local positioning of mobile robots in a room with an accuracy of ten centimeters. The article presents a comparative analysis of determining coordinates’ principles by the AOA, TOA, TDOA and RSSI methods. It is proposed to use BLE technologies based on the RSSI data received from base stations. Using the triangulation method, formulas are obtained for solving the problem of determining the coordinates of an object moving in space. The software and hardware complex architecture has been developed. It is proposed to use ESP32 modules as base radio stations. The RSSI value is very unstable, so the positioning accuracy will depend on the number of base stations and the additional software tools used.",,,,,,,,,,,Englisch,,,,,,"Radiotekhnika, 2022-06 (209), p.185-191",,,,,ISSN: 0485-8972 ISSN: 2786-5525 EISSN: 2786-5525 DOI: 10.30837/rt.2022.2.209.18,,Unpaywall,https://fu-berlin.primo.exlibrisgroup.com/permalink/49KOBV_FUB/dm8bhl/cdi_crossref_primary_10_30837_rt_2022_2_209_18
