Titel,Werktitel,Übersetzter Titel,Autor*in,Mitwirkende/r,Digitalisat,Inhaltstyp,Hochschulschrift,Inhaltstyp,Inhalt,Beschreibung,Verknüpfte Titel,Anmerkungen,Serie,Verlag,Erschienen,Verlauf,Ausgabe,Nachdruck,Format,Häufigkeit,Sprache,Gebunden mit,Rechte,Thema,MESH Schlagwörter,Klassifikation,Ist enthalten in,Kursinformationen,Anmerkungen,Anmerkungen,Thema,Identifikator,Lokale Signatur,Quelle,Link
A Novel Covert Channel for IEEE 802.11 Networks Utilizing MAC Address Randomization,,,"Teca, Geovani   Natkaniec, Marek",,,,,,,"Vendors implement the MAC address randomization technique to prevent IEEE 802.11 client station devices from being tracked. Although it conceals device identity, it cannot hide its occurring data transmission. This paper presents a novel covert channel that leverages the MAC address randomization technique to create a covert channel to hide data transmission inside IEEE 802.11 networks. The secret data are a disposable random MAC address generated by the IEEE 802.11 station as part of the probe request frame while scanning the network. The paper presents the concept of the covert channel, its implementation, and performance metrics. The study covers diverse scenarios, including the adaptation of the modified Selective Repeat ARQ protocol to alleviate the impact of the number of client stations and their offered loads on the covert channel. The results show that with the appropriate parameter selections, we can adapt the covert channel to produce excellent throughput, efficiency, delay, and jitter according to the environment in which it is installed.",,,,BASEL: Mdpi,,,,,,,Englisch,,"COPYRIGHT 2023 MDPI AG 2023 by the authors. Licensee MDPI, Basel, Switzerland. This article is an open access article distributed under the terms and conditions of the Creative Commons Attribution (CC BY) license (https://creativecommons.org/licenses/by/4.0/). Notwithstanding the ProQuest Terms and Conditions, you may use this content in accordance with the terms of the License.",Access control    Bridges    Chemistry    Communication    Engineering    Internet of things    Materials science    Physical sciences    Physics    Technology,,,"Applied sciences, 2023-07, Vol.13 (14), p.8000, Article 8000",,,,,ISSN: 2076-3417 EISSN: 2076-3417 DOI: 10.3390/app13148000,,DOAJ,https://fu-berlin.primo.exlibrisgroup.com/permalink/49KOBV_FUB/dm8bhl/cdi_doaj_primary_oai_doaj_org_article_888c8867bc8b4f18a2d2eb2ce72a920d
A Novel Covert Channel for IEEE 802.11 Networks Utilizing MAC Address Randomization,,,"Teca, Geovani   Natkaniec, Marek",,,,,,,"Vendors implement the MAC address randomization technique to prevent IEEE 802.11 client station devices from being tracked. Although it conceals device identity, it cannot hide its occurring data transmission. This paper presents a novel covert channel that leverages the MAC address randomization technique to create a covert channel to hide data transmission inside IEEE 802.11 networks. The secret data are a disposable random MAC address generated by the IEEE 802.11 station as part of the probe request frame while scanning the network. The paper presents the concept of the covert channel, its implementation, and performance metrics. The study covers diverse scenarios, including the adaptation of the modified Selective Repeat ARQ protocol to alleviate the impact of the number of client stations and their offered loads on the covert channel. The results show that with the appropriate parameter selections, we can adapt the covert channel to produce excellent throughput, efficiency, delay, and jitter according to the environment in which it is installed.",,,,BASEL: Mdpi,,,,,,,Englisch,,"COPYRIGHT 2023 MDPI AG 2023 by the authors. Licensee MDPI, Basel, Switzerland. This article is an open access article distributed under the terms and conditions of the Creative Commons Attribution (CC BY) license (https://creativecommons.org/licenses/by/4.0/). Notwithstanding the ProQuest Terms and Conditions, you may use this content in accordance with the terms of the License.",Access control    Bridges    Chemistry    Communication    Engineering    Internet of things    Materials science    Physical sciences    Physics    Technology,,,"Applied sciences, 2023-07, Vol.13 (14), p.8000, Article 8000",,,,,ISSN: 2076-3417 EISSN: 2076-3417 DOI: 10.3390/app13148000,,EZB,https://fu-berlin.primo.exlibrisgroup.com/permalink/49KOBV_FUB/dm8bhl/cdi_doaj_primary_oai_doaj_org_article_888c8867bc8b4f18a2d2eb2ce72a920d
A Novel Covert Channel for IEEE 802.11 Networks Utilizing MAC Address Randomization,,,"Teca, Geovani   Natkaniec, Marek",,,,,,,"Vendors implement the MAC address randomization technique to prevent IEEE 802.11 client station devices from being tracked. Although it conceals device identity, it cannot hide its occurring data transmission. This paper presents a novel covert channel that leverages the MAC address randomization technique to create a covert channel to hide data transmission inside IEEE 802.11 networks. The secret data are a disposable random MAC address generated by the IEEE 802.11 station as part of the probe request frame while scanning the network. The paper presents the concept of the covert channel, its implementation, and performance metrics. The study covers diverse scenarios, including the adaptation of the modified Selective Repeat ARQ protocol to alleviate the impact of the number of client stations and their offered loads on the covert channel. The results show that with the appropriate parameter selections, we can adapt the covert channel to produce excellent throughput, efficiency, delay, and jitter according to the environment in which it is installed.",,,,BASEL: Mdpi,,,,,,,Englisch,,"COPYRIGHT 2023 MDPI AG 2023 by the authors. Licensee MDPI, Basel, Switzerland. This article is an open access article distributed under the terms and conditions of the Creative Commons Attribution (CC BY) license (https://creativecommons.org/licenses/by/4.0/). Notwithstanding the ProQuest Terms and Conditions, you may use this content in accordance with the terms of the License.",Access control    Bridges    Chemistry    Communication    Engineering    Internet of things    Materials science    Physical sciences    Physics    Technology,,,"Applied sciences, 2023-07, Vol.13 (14), p.8000, Article 8000",,,,,ISSN: 2076-3417 EISSN: 2076-3417 DOI: 10.3390/app13148000,,ROAD,https://fu-berlin.primo.exlibrisgroup.com/permalink/49KOBV_FUB/dm8bhl/cdi_doaj_primary_oai_doaj_org_article_888c8867bc8b4f18a2d2eb2ce72a920d
A Novel Covert Channel for IEEE 802.11 Networks Utilizing MAC Address Randomization,,,"Teca, Geovani   Natkaniec, Marek",,,,,,,"Vendors implement the MAC address randomization technique to prevent IEEE 802.11 client station devices from being tracked. Although it conceals device identity, it cannot hide its occurring data transmission. This paper presents a novel covert channel that leverages the MAC address randomization technique to create a covert channel to hide data transmission inside IEEE 802.11 networks. The secret data are a disposable random MAC address generated by the IEEE 802.11 station as part of the probe request frame while scanning the network. The paper presents the concept of the covert channel, its implementation, and performance metrics. The study covers diverse scenarios, including the adaptation of the modified Selective Repeat ARQ protocol to alleviate the impact of the number of client stations and their offered loads on the covert channel. The results show that with the appropriate parameter selections, we can adapt the covert channel to produce excellent throughput, efficiency, delay, and jitter according to the environment in which it is installed.",,,,BASEL: Mdpi,,,,,,,Englisch,,"COPYRIGHT 2023 MDPI AG 2023 by the authors. Licensee MDPI, Basel, Switzerland. This article is an open access article distributed under the terms and conditions of the Creative Commons Attribution (CC BY) license (https://creativecommons.org/licenses/by/4.0/). Notwithstanding the ProQuest Terms and Conditions, you may use this content in accordance with the terms of the License.",Access control    Bridges    Chemistry    Communication    Engineering    Internet of things    Materials science    Physical sciences    Physics    Technology,,,"Applied sciences, 2023-07, Vol.13 (14), p.8000, Article 8000",,,,,ISSN: 2076-3417 EISSN: 2076-3417 DOI: 10.3390/app13148000,,Unpaywall,https://fu-berlin.primo.exlibrisgroup.com/permalink/49KOBV_FUB/dm8bhl/cdi_doaj_primary_oai_doaj_org_article_888c8867bc8b4f18a2d2eb2ce72a920d
A Novel Covert Channel for IEEE 802.11 Networks Utilizing MAC Address Randomization,,,"Teca, Geovani   Natkaniec, Marek",,,,,,,"Vendors implement the MAC address randomization technique to prevent IEEE 802.11 client station devices from being tracked. Although it conceals device identity, it cannot hide its occurring data transmission. This paper presents a novel covert channel that leverages the MAC address randomization technique to create a covert channel to hide data transmission inside IEEE 802.11 networks. The secret data are a disposable random MAC address generated by the IEEE 802.11 station as part of the probe request frame while scanning the network. The paper presents the concept of the covert channel, its implementation, and performance metrics. The study covers diverse scenarios, including the adaptation of the modified Selective Repeat ARQ protocol to alleviate the impact of the number of client stations and their offered loads on the covert channel. The results show that with the appropriate parameter selections, we can adapt the covert channel to produce excellent throughput, efficiency, delay, and jitter according to the environment in which it is installed.",,,,BASEL: Mdpi,,,,,,,Englisch,,"COPYRIGHT 2023 MDPI AG 2023 by the authors. Licensee MDPI, Basel, Switzerland. This article is an open access article distributed under the terms and conditions of the Creative Commons Attribution (CC BY) license (https://creativecommons.org/licenses/by/4.0/). Notwithstanding the ProQuest Terms and Conditions, you may use this content in accordance with the terms of the License.",Access control    Bridges    Chemistry    Communication    Engineering    Internet of things    Materials science    Physical sciences    Physics    Technology,,,"Applied sciences, 2023-07, Vol.13 (14), p.8000, Article 8000",,,,,ISSN: 2076-3417 EISSN: 2076-3417 DOI: 10.3390/app13148000,,Web of Science,https://fu-berlin.primo.exlibrisgroup.com/permalink/49KOBV_FUB/dm8bhl/cdi_doaj_primary_oai_doaj_org_article_888c8867bc8b4f18a2d2eb2ce72a920d
Indoor Crowd Estimation Scheme Using the Number of Wi-Fi Probe Requests under MAC Address Randomization,,,"FURUYA, Yuki   ASAHINA, Hiromu   YOSHIDA, Masashi   SASASE, Iwao",,,,,,,"As smartphones have become widespread in the past decade, Wi-Fi signal-based crowd estimation schemes are receiving increased attention. These estimation schemes count the number of unique MAC addresses in Wi-Fi signals, hereafter called probe requests (PRs), instead of counting the number of people. However, these estimation schemes have low accuracy of crowd estimation under MAC address randomization that replaces a unique MAC address with various dummy MAC addresses. To solve this problem, in this paper, we propose an indoor crowd estimation scheme using the number of PRs under MAC address randomization. The main idea of the proposed scheme is to leverage the fact that the number of PRs per a unit of time changes in proportion to the number of smartphones. Since a smartphone tends to send a constant number of PRs per a unit of time, the proposed scheme can estimate the accurate number of smartphones. Various experiment results show that the proposed scheme reduces estimation error by at most 75% compared to the conventional Wi-Fi signal-based crowd estimation scheme in an indoor environment.",,,,"TOKYO: The Institute of Electronics, Information and Communication Engineers",,,,,,,Englisch,,"2021 The Institute of Electronics, Information and Communication Engineers Copyright Japan Science and Technology Agency 2021",Computer science    Random Allocation    Smartphones    Technology,,,"IEICE Transactions on Information and Systems, 2021/09/01, Vol.E104.D(9), pp.1420-1426",,,,,ISSN: 0916-8532 ISSN: 1745-1361 EISSN: 1745-1361 DOI: 10.1587/transinf.2020EDP7228,,EZB,https://fu-berlin.primo.exlibrisgroup.com/permalink/49KOBV_FUB/dm8bhl/cdi_jstage_primary_article_transinf_E104_D_9_E104_D_2020EDP7228_article_char_en
Indoor Crowd Estimation Scheme Using the Number of Wi-Fi Probe Requests under MAC Address Randomization,,,"FURUYA, Yuki   ASAHINA, Hiromu   YOSHIDA, Masashi   SASASE, Iwao",,,,,,,"As smartphones have become widespread in the past decade, Wi-Fi signal-based crowd estimation schemes are receiving increased attention. These estimation schemes count the number of unique MAC addresses in Wi-Fi signals, hereafter called probe requests (PRs), instead of counting the number of people. However, these estimation schemes have low accuracy of crowd estimation under MAC address randomization that replaces a unique MAC address with various dummy MAC addresses. To solve this problem, in this paper, we propose an indoor crowd estimation scheme using the number of PRs under MAC address randomization. The main idea of the proposed scheme is to leverage the fact that the number of PRs per a unit of time changes in proportion to the number of smartphones. Since a smartphone tends to send a constant number of PRs per a unit of time, the proposed scheme can estimate the accurate number of smartphones. Various experiment results show that the proposed scheme reduces estimation error by at most 75% compared to the conventional Wi-Fi signal-based crowd estimation scheme in an indoor environment.",,,,"TOKYO: The Institute of Electronics, Information and Communication Engineers",,,,,,,Englisch,,"2021 The Institute of Electronics, Information and Communication Engineers Copyright Japan Science and Technology Agency 2021",Computer science    Random Allocation    Smartphones    Technology,,,"IEICE Transactions on Information and Systems, 2021/09/01, Vol.E104.D(9), pp.1420-1426",,,,,ISSN: 0916-8532 ISSN: 1745-1361 EISSN: 1745-1361 DOI: 10.1587/transinf.2020EDP7228,,Unpaywall,https://fu-berlin.primo.exlibrisgroup.com/permalink/49KOBV_FUB/dm8bhl/cdi_jstage_primary_article_transinf_E104_D_9_E104_D_2020EDP7228_article_char_en
Indoor Crowd Estimation Scheme Using the Number of Wi-Fi Probe Requests under MAC Address Randomization,,,"FURUYA, Yuki   ASAHINA, Hiromu   YOSHIDA, Masashi   SASASE, Iwao",,,,,,,"As smartphones have become widespread in the past decade, Wi-Fi signal-based crowd estimation schemes are receiving increased attention. These estimation schemes count the number of unique MAC addresses in Wi-Fi signals, hereafter called probe requests (PRs), instead of counting the number of people. However, these estimation schemes have low accuracy of crowd estimation under MAC address randomization that replaces a unique MAC address with various dummy MAC addresses. To solve this problem, in this paper, we propose an indoor crowd estimation scheme using the number of PRs under MAC address randomization. The main idea of the proposed scheme is to leverage the fact that the number of PRs per a unit of time changes in proportion to the number of smartphones. Since a smartphone tends to send a constant number of PRs per a unit of time, the proposed scheme can estimate the accurate number of smartphones. Various experiment results show that the proposed scheme reduces estimation error by at most 75% compared to the conventional Wi-Fi signal-based crowd estimation scheme in an indoor environment.",,,,"TOKYO: The Institute of Electronics, Information and Communication Engineers",,,,,,,Englisch,,"2021 The Institute of Electronics, Information and Communication Engineers Copyright Japan Science and Technology Agency 2021",Computer science    Random Allocation    Smartphones    Technology,,,"IEICE Transactions on Information and Systems, 2021/09/01, Vol.E104.D(9), pp.1420-1426",,,,,ISSN: 0916-8532 ISSN: 1745-1361 EISSN: 1745-1361 DOI: 10.1587/transinf.2020EDP7228,,Web of Science,https://fu-berlin.primo.exlibrisgroup.com/permalink/49KOBV_FUB/dm8bhl/cdi_jstage_primary_article_transinf_E104_D_9_E104_D_2020EDP7228_article_char_en
MAC address de-randomization for WiFi device counting: Combining temporal- and content-based fingerprints,,,"Uras, Marco   Ferrara, Enrico   Cossu, Raimondo   Liotta, Antonio   Atzori, Luigi",,,,,,,"To preserve people privacy and prevent device (and people) tracking, WiFi MAC address randomization is been introduced by an ever increasing number of operating systems. Accordingly, mobile devices make use of different virtual addresses over time so that not a single fixed factory address is used that may identify a specific user. This has the consequence that it is not even possible to extract anonymous information on people mobility by analyzing WiFi traffic traces, which would be useful for many purposes (e.g., counting the number of people in a mass transport vehicle).
To address this issue, in this paper we propose a novel MAC address de-randomization algorithm which groups specific messages (i.e., the Probe Requests) generated by the same physical device. With respect to past works, we consider a combination of the features that have been previously considered in isolation, which are associated to the content and length of the optional fields conveyed in the sent frames and the rate at which the frames are numbered over time. These features are then used by density-based clustering algorithms (i.e., DBSCAN, OPTICS, HDBSCAN) to group frames sent by the same device. Additionally, we consider the presence of pseudo-random MAC addresses, which are those that do not change every frame but only when the emitting device switches on and off the WiFi interface. To this, we have developed an heuristic to detect these sequences of frames so as to improve the algorithm efficacy. Experiments have been initially performed in a controlled environment where we reached an accuracy close to 96%. Then, experiments in a real scenario have been conducted where the people taking the bus when moving in an urban area have been counted; in such a scenario an average accuracy of 75% has been obtained.",,,,AMSTERDAM: Elsevier B.V,,,,,,,Englisch,,"2022 Elsevier B.V. Copyright Elsevier Sequoia S.A. Dec 9, 2022","Algorithms    Cell phones    Cities and towns    Cluster analysis    Computer science    Counting    Electronic apparatus and appliances    Engineering    Experiments    Heuristic    Metropolitan areas    Migration, Internal    Privacy    Random Allocation    Technology    Telecommunication    Wireless communication systems",,,"Computer networks (Amsterdam, Netherlands : 1999), 2022-12, Vol.218, p.109393, Article 109393",,,,,ISSN: 1389-1286 ISSN: 1872-7069 EISSN: 1872-7069 DOI: 10.1016/j.comnet.2022.109393,,Unpaywall,https://fu-berlin.primo.exlibrisgroup.com/permalink/49KOBV_FUB/dm8bhl/cdi_elsevier_sciencedirect_doi_10_1016_j_comnet_2022_109393
MAC address de-randomization for WiFi device counting: Combining temporal- and content-based fingerprints,,,"Uras, Marco   Ferrara, Enrico   Cossu, Raimondo   Liotta, Antonio   Atzori, Luigi",,,,,,,"To preserve people privacy and prevent device (and people) tracking, WiFi MAC address randomization is been introduced by an ever increasing number of operating systems. Accordingly, mobile devices make use of different virtual addresses over time so that not a single fixed factory address is used that may identify a specific user. This has the consequence that it is not even possible to extract anonymous information on people mobility by analyzing WiFi traffic traces, which would be useful for many purposes (e.g., counting the number of people in a mass transport vehicle).
To address this issue, in this paper we propose a novel MAC address de-randomization algorithm which groups specific messages (i.e., the Probe Requests) generated by the same physical device. With respect to past works, we consider a combination of the features that have been previously considered in isolation, which are associated to the content and length of the optional fields conveyed in the sent frames and the rate at which the frames are numbered over time. These features are then used by density-based clustering algorithms (i.e., DBSCAN, OPTICS, HDBSCAN) to group frames sent by the same device. Additionally, we consider the presence of pseudo-random MAC addresses, which are those that do not change every frame but only when the emitting device switches on and off the WiFi interface. To this, we have developed an heuristic to detect these sequences of frames so as to improve the algorithm efficacy. Experiments have been initially performed in a controlled environment where we reached an accuracy close to 96%. Then, experiments in a real scenario have been conducted where the people taking the bus when moving in an urban area have been counted; in such a scenario an average accuracy of 75% has been obtained.",,,,AMSTERDAM: Elsevier B.V,,,,,,,Englisch,,"2022 Elsevier B.V. Copyright Elsevier Sequoia S.A. Dec 9, 2022","Algorithms    Cell phones    Cities and towns    Cluster analysis    Computer science    Counting    Electronic apparatus and appliances    Engineering    Experiments    Heuristic    Metropolitan areas    Migration, Internal    Privacy    Random Allocation    Technology    Telecommunication    Wireless communication systems",,,"Computer networks (Amsterdam, Netherlands : 1999), 2022-12, Vol.218, p.109393, Article 109393",,,,,ISSN: 1389-1286 ISSN: 1872-7069 EISSN: 1872-7069 DOI: 10.1016/j.comnet.2022.109393,,Web of Science,https://fu-berlin.primo.exlibrisgroup.com/permalink/49KOBV_FUB/dm8bhl/cdi_elsevier_sciencedirect_doi_10_1016_j_comnet_2022_109393
Three Years Later: A Study of MAC Address Randomization In Mobile Devices And When It Succeeds,,,"Fenske, Ellis   Brown, Dane   Martin, Jeremy   Mayberry, Travis   Ryan, Peter   Rye, Erik",,,,,,,"Mobile device manufacturers and operating system developers increasingly deploy MAC address randomization to protect user privacy and prevent adversaries from tracking persistent hardware identifiers. Early MAC address randomization implementations suffered from logic bugs and information leakages that defeated the privacy benefits realized by using temporary, random addresses, allowing devices and users to be tracked in the wild. Recent work either assumes these implementation flaws continue to exist in modern MAC address randomization implementations, or considers only dated software or small numbers of devices.
In this work, we revisit MAC address randomization by performing a cross-sectional study of 160 models of mobile phones, including modern devices released subsequent to previous studies. We tested each of these phones in a lab setting to determine whether it uses randomization, under what conditions it randomizes its MAC address, and whether it mitigates known tracking vulnerabilities.
Our results show that, although very new phones with updated operating systems generally provide a high degree of privacy to their users, there are still many phones in wide use today that do not effectively prevent tracking.",,,,Sciendo,,,,,,,Englisch,,,Privacy,,,"Proceedings on Privacy Enhancing Technologies, 2021-07, Vol.2021 (3), p.164-181",,,,,ISSN: 2299-0984 EISSN: 2299-0984 DOI: 10.2478/popets-2021-0042,,EZB,https://fu-berlin.primo.exlibrisgroup.com/permalink/49KOBV_FUB/dm8bhl/cdi_unpaywall_primary_10_2478_popets_2021_0042
Three Years Later: A Study of MAC Address Randomization In Mobile Devices And When It Succeeds,,,"Fenske, Ellis   Brown, Dane   Martin, Jeremy   Mayberry, Travis   Ryan, Peter   Rye, Erik",,,,,,,"Mobile device manufacturers and operating system developers increasingly deploy MAC address randomization to protect user privacy and prevent adversaries from tracking persistent hardware identifiers. Early MAC address randomization implementations suffered from logic bugs and information leakages that defeated the privacy benefits realized by using temporary, random addresses, allowing devices and users to be tracked in the wild. Recent work either assumes these implementation flaws continue to exist in modern MAC address randomization implementations, or considers only dated software or small numbers of devices.
In this work, we revisit MAC address randomization by performing a cross-sectional study of 160 models of mobile phones, including modern devices released subsequent to previous studies. We tested each of these phones in a lab setting to determine whether it uses randomization, under what conditions it randomizes its MAC address, and whether it mitigates known tracking vulnerabilities.
Our results show that, although very new phones with updated operating systems generally provide a high degree of privacy to their users, there are still many phones in wide use today that do not effectively prevent tracking.",,,,Sciendo,,,,,,,Englisch,,,Privacy,,,"Proceedings on Privacy Enhancing Technologies, 2021-07, Vol.2021 (3), p.164-181",,,,,ISSN: 2299-0984 EISSN: 2299-0984 DOI: 10.2478/popets-2021-0042,,ROAD,https://fu-berlin.primo.exlibrisgroup.com/permalink/49KOBV_FUB/dm8bhl/cdi_unpaywall_primary_10_2478_popets_2021_0042
Three Years Later: A Study of MAC Address Randomization In Mobile Devices And When It Succeeds,,,"Fenske, Ellis   Brown, Dane   Martin, Jeremy   Mayberry, Travis   Ryan, Peter   Rye, Erik",,,,,,,"Mobile device manufacturers and operating system developers increasingly deploy MAC address randomization to protect user privacy and prevent adversaries from tracking persistent hardware identifiers. Early MAC address randomization implementations suffered from logic bugs and information leakages that defeated the privacy benefits realized by using temporary, random addresses, allowing devices and users to be tracked in the wild. Recent work either assumes these implementation flaws continue to exist in modern MAC address randomization implementations, or considers only dated software or small numbers of devices.
In this work, we revisit MAC address randomization by performing a cross-sectional study of 160 models of mobile phones, including modern devices released subsequent to previous studies. We tested each of these phones in a lab setting to determine whether it uses randomization, under what conditions it randomizes its MAC address, and whether it mitigates known tracking vulnerabilities.
Our results show that, although very new phones with updated operating systems generally provide a high degree of privacy to their users, there are still many phones in wide use today that do not effectively prevent tracking.",,,,Sciendo,,,,,,,Englisch,,,Privacy,,,"Proceedings on Privacy Enhancing Technologies, 2021-07, Vol.2021 (3), p.164-181",,,,,ISSN: 2299-0984 EISSN: 2299-0984 DOI: 10.2478/popets-2021-0042,,Unpaywall,https://fu-berlin.primo.exlibrisgroup.com/permalink/49KOBV_FUB/dm8bhl/cdi_unpaywall_primary_10_2478_popets_2021_0042
Defeating MAC Address Randomization Through Timing Attacks,,,,,,,,,,,,,,,,,,,,,Englisch,,,,,,Proceedings of the 9th ACM Conference on Security & Privacy in Wireless and Mobile Networks,,,,,DOI: 10.1145/2939918.2939930,,Unpaywall,https://fu-berlin.primo.exlibrisgroup.com/permalink/49KOBV_FUB/dm8bhl/cdi_unpaywall_primary_10_1145_2939918_2939930
De-Randomization of MAC Addresses Using Fingerprints and RSSI With ML for Wi-Fi Analytics,,,"Perez-Hernandez, Abraham   Barreras-Martin, Maydelis N.   Becerra, Juan A.   Madero-Ayora, Maria J.   Aguilera, Pablo",,,,,,,"Media Access Control (MAC) address randomization causes significant distortion and data loss in Wi-Fi analytics systems, becoming a real challenge for building services based on tracking, location, and presence data. This study aims to mitigate this problem by combining two key points: the construction of a quasi-unique, stable, reliable, and anonymous identifier for non-connected Wi-Fi devices, and the inability of Wi-Fi devices to deliberately change the physical conditions of the connection. We propose a new system that builds identifiers based on the capabilities and information elements announced within the probe request management frames, and consequently applies unsupervised machine learning techniques in the multidimensional Received Signal Strength Indicator (RSSI) space. Experimental tests in a real-world environment were conducted, and the results of this extensive field study demonstrated that the proposed system achieves high accuracy in identifying and tracking non-connected Wi-Fi devices in these challenging scenarios, even in the presence of MAC randomization. Our findings suggest that the proposed system has a significant potential for enhancing building services that rely on Wi-Fi data.",,,,PISCATAWAY: IEEE,,,,,,,Englisch,,"Copyright The Institute of Electrical and Electronics Engineers, Inc. (IEEE) 2024",Access control    Building management    Computer science    Data Analysis    Data processing    Engineering    IEEE 802.11 (Standard)    Information resources management    Machine learning    Random Allocation    Smartphones    Technology    Telecommunication,,,"IEEE access, 2024, Vol.12, p.150857-150868",,,,,ISSN: 2169-3536 EISSN: 2169-3536 DOI: 10.1109/ACCESS.2024.3410549 CODEN: IAECCG,,DOAJ,https://fu-berlin.primo.exlibrisgroup.com/permalink/49KOBV_FUB/dm8bhl/cdi_ieee_primary_10550935
De-Randomization of MAC Addresses Using Fingerprints and RSSI With ML for Wi-Fi Analytics,,,"Perez-Hernandez, Abraham   Barreras-Martin, Maydelis N.   Becerra, Juan A.   Madero-Ayora, Maria J.   Aguilera, Pablo",,,,,,,"Media Access Control (MAC) address randomization causes significant distortion and data loss in Wi-Fi analytics systems, becoming a real challenge for building services based on tracking, location, and presence data. This study aims to mitigate this problem by combining two key points: the construction of a quasi-unique, stable, reliable, and anonymous identifier for non-connected Wi-Fi devices, and the inability of Wi-Fi devices to deliberately change the physical conditions of the connection. We propose a new system that builds identifiers based on the capabilities and information elements announced within the probe request management frames, and consequently applies unsupervised machine learning techniques in the multidimensional Received Signal Strength Indicator (RSSI) space. Experimental tests in a real-world environment were conducted, and the results of this extensive field study demonstrated that the proposed system achieves high accuracy in identifying and tracking non-connected Wi-Fi devices in these challenging scenarios, even in the presence of MAC randomization. Our findings suggest that the proposed system has a significant potential for enhancing building services that rely on Wi-Fi data.",,,,PISCATAWAY: IEEE,,,,,,,Englisch,,"Copyright The Institute of Electrical and Electronics Engineers, Inc. (IEEE) 2024",Access control    Building management    Computer science    Data Analysis    Data processing    Engineering    IEEE 802.11 (Standard)    Information resources management    Machine learning    Random Allocation    Smartphones    Technology    Telecommunication,,,"IEEE access, 2024, Vol.12, p.150857-150868",,,,,ISSN: 2169-3536 EISSN: 2169-3536 DOI: 10.1109/ACCESS.2024.3410549 CODEN: IAECCG,,EZB,https://fu-berlin.primo.exlibrisgroup.com/permalink/49KOBV_FUB/dm8bhl/cdi_ieee_primary_10550935
De-Randomization of MAC Addresses Using Fingerprints and RSSI With ML for Wi-Fi Analytics,,,"Perez-Hernandez, Abraham   Barreras-Martin, Maydelis N.   Becerra, Juan A.   Madero-Ayora, Maria J.   Aguilera, Pablo",,,,,,,"Media Access Control (MAC) address randomization causes significant distortion and data loss in Wi-Fi analytics systems, becoming a real challenge for building services based on tracking, location, and presence data. This study aims to mitigate this problem by combining two key points: the construction of a quasi-unique, stable, reliable, and anonymous identifier for non-connected Wi-Fi devices, and the inability of Wi-Fi devices to deliberately change the physical conditions of the connection. We propose a new system that builds identifiers based on the capabilities and information elements announced within the probe request management frames, and consequently applies unsupervised machine learning techniques in the multidimensional Received Signal Strength Indicator (RSSI) space. Experimental tests in a real-world environment were conducted, and the results of this extensive field study demonstrated that the proposed system achieves high accuracy in identifying and tracking non-connected Wi-Fi devices in these challenging scenarios, even in the presence of MAC randomization. Our findings suggest that the proposed system has a significant potential for enhancing building services that rely on Wi-Fi data.",,,,PISCATAWAY: IEEE,,,,,,,Englisch,,"Copyright The Institute of Electrical and Electronics Engineers, Inc. (IEEE) 2024",Access control    Building management    Computer science    Data Analysis    Data processing    Engineering    IEEE 802.11 (Standard)    Information resources management    Machine learning    Random Allocation    Smartphones    Technology    Telecommunication,,,"IEEE access, 2024, Vol.12, p.150857-150868",,,,,ISSN: 2169-3536 EISSN: 2169-3536 DOI: 10.1109/ACCESS.2024.3410549 CODEN: IAECCG,,ROAD,https://fu-berlin.primo.exlibrisgroup.com/permalink/49KOBV_FUB/dm8bhl/cdi_ieee_primary_10550935
De-Randomization of MAC Addresses Using Fingerprints and RSSI With ML for Wi-Fi Analytics,,,"Perez-Hernandez, Abraham   Barreras-Martin, Maydelis N.   Becerra, Juan A.   Madero-Ayora, Maria J.   Aguilera, Pablo",,,,,,,"Media Access Control (MAC) address randomization causes significant distortion and data loss in Wi-Fi analytics systems, becoming a real challenge for building services based on tracking, location, and presence data. This study aims to mitigate this problem by combining two key points: the construction of a quasi-unique, stable, reliable, and anonymous identifier for non-connected Wi-Fi devices, and the inability of Wi-Fi devices to deliberately change the physical conditions of the connection. We propose a new system that builds identifiers based on the capabilities and information elements announced within the probe request management frames, and consequently applies unsupervised machine learning techniques in the multidimensional Received Signal Strength Indicator (RSSI) space. Experimental tests in a real-world environment were conducted, and the results of this extensive field study demonstrated that the proposed system achieves high accuracy in identifying and tracking non-connected Wi-Fi devices in these challenging scenarios, even in the presence of MAC randomization. Our findings suggest that the proposed system has a significant potential for enhancing building services that rely on Wi-Fi data.",,,,PISCATAWAY: IEEE,,,,,,,Englisch,,"Copyright The Institute of Electrical and Electronics Engineers, Inc. (IEEE) 2024",Access control    Building management    Computer science    Data Analysis    Data processing    Engineering    IEEE 802.11 (Standard)    Information resources management    Machine learning    Random Allocation    Smartphones    Technology    Telecommunication,,,"IEEE access, 2024, Vol.12, p.150857-150868",,,,,ISSN: 2169-3536 EISSN: 2169-3536 DOI: 10.1109/ACCESS.2024.3410549 CODEN: IAECCG,,Unpaywall,https://fu-berlin.primo.exlibrisgroup.com/permalink/49KOBV_FUB/dm8bhl/cdi_ieee_primary_10550935
De-Randomization of MAC Addresses Using Fingerprints and RSSI With ML for Wi-Fi Analytics,,,"Perez-Hernandez, Abraham   Barreras-Martin, Maydelis N.   Becerra, Juan A.   Madero-Ayora, Maria J.   Aguilera, Pablo",,,,,,,"Media Access Control (MAC) address randomization causes significant distortion and data loss in Wi-Fi analytics systems, becoming a real challenge for building services based on tracking, location, and presence data. This study aims to mitigate this problem by combining two key points: the construction of a quasi-unique, stable, reliable, and anonymous identifier for non-connected Wi-Fi devices, and the inability of Wi-Fi devices to deliberately change the physical conditions of the connection. We propose a new system that builds identifiers based on the capabilities and information elements announced within the probe request management frames, and consequently applies unsupervised machine learning techniques in the multidimensional Received Signal Strength Indicator (RSSI) space. Experimental tests in a real-world environment were conducted, and the results of this extensive field study demonstrated that the proposed system achieves high accuracy in identifying and tracking non-connected Wi-Fi devices in these challenging scenarios, even in the presence of MAC randomization. Our findings suggest that the proposed system has a significant potential for enhancing building services that rely on Wi-Fi data.",,,,PISCATAWAY: IEEE,,,,,,,Englisch,,"Copyright The Institute of Electrical and Electronics Engineers, Inc. (IEEE) 2024",Access control    Building management    Computer science    Data Analysis    Data processing    Engineering    IEEE 802.11 (Standard)    Information resources management    Machine learning    Random Allocation    Smartphones    Technology    Telecommunication,,,"IEEE access, 2024, Vol.12, p.150857-150868",,,,,ISSN: 2169-3536 EISSN: 2169-3536 DOI: 10.1109/ACCESS.2024.3410549 CODEN: IAECCG,,Web of Science,https://fu-berlin.primo.exlibrisgroup.com/permalink/49KOBV_FUB/dm8bhl/cdi_ieee_primary_10550935
A Study of MAC Address Randomization in Mobile Devices and When it Fails,,,"Martin, Jeremy   Mayberry, Travis   Donahue, Collin   Foppe, Lucas   Brown, Lamont   Riggins, Chadwick   Rye, Erik C.   Brown, Dane",,,,,,,"Media Access Control (MAC) address randomization is a privacy technique whereby mobile devices rotate through random hardware addresses in order to prevent observers from singling out their traffic or physical location from other nearby devices. Adoption of this technology, however, has been sporadic and varied across device manufacturers. In this paper, we present the first wide-scale study of MAC address randomization in the wild, including a detailed breakdown of different randomization techniques by operating system, manufacturer, and model of device.
We then identify multiple flaws in these implementations which can be exploited to defeat randomization as performed by existing devices. First, we show that devices commonly make improper use of randomization by sending wireless frames with the true, global address when they should be using a randomized address. We move on to extend the passive identification techniques of Vanhoef et al. to effectively defeat randomization in ~96% of Android phones. Finally, we identify a previously unknown flaw in the way wireless chipsets handle low-level control frames which applies to 100% of devices we tested. This flaw permits an active attack that can be used under certain circumstances to track any existing wireless device.",,,,De Gruyter Open,,,,,,,Englisch,,,Privacy    Random Allocation,,,"Proceedings on Privacy Enhancing Technologies, 2017-10, Vol.2017 (4), p.365-383",,,,,ISSN: 2299-0984 EISSN: 2299-0984 DOI: 10.1515/popets-2017-0054,,EZB,https://fu-berlin.primo.exlibrisgroup.com/permalink/49KOBV_FUB/dm8bhl/cdi_unpaywall_primary_10_1515_popets_2017_0054
A Study of MAC Address Randomization in Mobile Devices and When it Fails,,,"Martin, Jeremy   Mayberry, Travis   Donahue, Collin   Foppe, Lucas   Brown, Lamont   Riggins, Chadwick   Rye, Erik C.   Brown, Dane",,,,,,,"Media Access Control (MAC) address randomization is a privacy technique whereby mobile devices rotate through random hardware addresses in order to prevent observers from singling out their traffic or physical location from other nearby devices. Adoption of this technology, however, has been sporadic and varied across device manufacturers. In this paper, we present the first wide-scale study of MAC address randomization in the wild, including a detailed breakdown of different randomization techniques by operating system, manufacturer, and model of device.
We then identify multiple flaws in these implementations which can be exploited to defeat randomization as performed by existing devices. First, we show that devices commonly make improper use of randomization by sending wireless frames with the true, global address when they should be using a randomized address. We move on to extend the passive identification techniques of Vanhoef et al. to effectively defeat randomization in ~96% of Android phones. Finally, we identify a previously unknown flaw in the way wireless chipsets handle low-level control frames which applies to 100% of devices we tested. This flaw permits an active attack that can be used under certain circumstances to track any existing wireless device.",,,,De Gruyter Open,,,,,,,Englisch,,,Privacy    Random Allocation,,,"Proceedings on Privacy Enhancing Technologies, 2017-10, Vol.2017 (4), p.365-383",,,,,ISSN: 2299-0984 EISSN: 2299-0984 DOI: 10.1515/popets-2017-0054,,ROAD,https://fu-berlin.primo.exlibrisgroup.com/permalink/49KOBV_FUB/dm8bhl/cdi_unpaywall_primary_10_1515_popets_2017_0054
A Study of MAC Address Randomization in Mobile Devices and When it Fails,,,"Martin, Jeremy   Mayberry, Travis   Donahue, Collin   Foppe, Lucas   Brown, Lamont   Riggins, Chadwick   Rye, Erik C.   Brown, Dane",,,,,,,"Media Access Control (MAC) address randomization is a privacy technique whereby mobile devices rotate through random hardware addresses in order to prevent observers from singling out their traffic or physical location from other nearby devices. Adoption of this technology, however, has been sporadic and varied across device manufacturers. In this paper, we present the first wide-scale study of MAC address randomization in the wild, including a detailed breakdown of different randomization techniques by operating system, manufacturer, and model of device.
We then identify multiple flaws in these implementations which can be exploited to defeat randomization as performed by existing devices. First, we show that devices commonly make improper use of randomization by sending wireless frames with the true, global address when they should be using a randomized address. We move on to extend the passive identification techniques of Vanhoef et al. to effectively defeat randomization in ~96% of Android phones. Finally, we identify a previously unknown flaw in the way wireless chipsets handle low-level control frames which applies to 100% of devices we tested. This flaw permits an active attack that can be used under certain circumstances to track any existing wireless device.",,,,De Gruyter Open,,,,,,,Englisch,,,Privacy    Random Allocation,,,"Proceedings on Privacy Enhancing Technologies, 2017-10, Vol.2017 (4), p.365-383",,,,,ISSN: 2299-0984 EISSN: 2299-0984 DOI: 10.1515/popets-2017-0054,,Unpaywall,https://fu-berlin.primo.exlibrisgroup.com/permalink/49KOBV_FUB/dm8bhl/cdi_unpaywall_primary_10_1515_popets_2017_0054
Over-the-Air Runtime Wi-Fi MAC Address Re-randomization,,,,,,,,,,,,,,,,,,,,,Englisch,,,,,,Proceedings of the 17th ACM Conference on Security and Privacy in Wireless and Mobile Networks,,,,,DOI: 10.1145/3643833.3656122,,Unpaywall,https://fu-berlin.primo.exlibrisgroup.com/permalink/49KOBV_FUB/dm8bhl/cdi_unpaywall_primary_10_1145_3643833_3656122
Bleach: From WiFi probe-request signatures to MAC association,,,"Mishra, Abhishek Kumar   Viana, Aline Carneiro   Achir, Nadjib",,,,,,,"Smartphones or similar WiFi-enabled devices regularly discover nearby access points by broadcasting management frames known as probe-requests. Probe-request frames relay, as information, the MAC addresses of sending devices, which act as the device identifiers. To protect the user’s privacy and location, probe-requests use a randomized MAC address generated according to the MAC address randomization protocol. Unfortunately, MAC randomization greatly limits any studies on trajectory inference, flow estimation, crowd counting, etc. To overcome this limitation while respecting users’ privacy, we propose Bleach, a novel, efficient, and comprehensive approach allowing randomized MAC addresses to device association from probe-requests. Bleach models the frame association as a resolution of MAC conflicts in small time intervals. We use time and frame content-based signatures to resolve and associate MACs inside a conflict. We propose a novel MAC association algorithm involving logistic regression using signatures and our introduced time metric. To the best of our knowledge, this is the first work that formulates the probe-request association problem as a generic resolution of conflicts and benchmarks the association concerning several datasets. Our results show that Bleach outperforms the state-of-the-art schemes in terms of accuracy (as high as 99%) and robustness to a wide range of input probe-request datasets.",,,,AMSTERDAM: Elsevier B.V,,,,,,,Englisch,,2024 Elsevier B.V. CC0 1.0 - Universal,Cognitive science    Computer science    Technology    Telecommunication,,,"Ad hoc networks, 2024-11, Vol.164, p.103623, Article 103623",,,,,ISSN: 1570-8705 ISSN: 1570-8713 EISSN: 1570-8713 DOI: 10.1016/j.adhoc.2024.103623,,Unpaywall,https://fu-berlin.primo.exlibrisgroup.com/permalink/49KOBV_FUB/dm8bhl/cdi_crossref_primary_10_1016_j_adhoc_2024_103623
Bleach: From WiFi probe-request signatures to MAC association,,,"Mishra, Abhishek Kumar   Viana, Aline Carneiro   Achir, Nadjib",,,,,,,"Smartphones or similar WiFi-enabled devices regularly discover nearby access points by broadcasting management frames known as probe-requests. Probe-request frames relay, as information, the MAC addresses of sending devices, which act as the device identifiers. To protect the user’s privacy and location, probe-requests use a randomized MAC address generated according to the MAC address randomization protocol. Unfortunately, MAC randomization greatly limits any studies on trajectory inference, flow estimation, crowd counting, etc. To overcome this limitation while respecting users’ privacy, we propose Bleach, a novel, efficient, and comprehensive approach allowing randomized MAC addresses to device association from probe-requests. Bleach models the frame association as a resolution of MAC conflicts in small time intervals. We use time and frame content-based signatures to resolve and associate MACs inside a conflict. We propose a novel MAC association algorithm involving logistic regression using signatures and our introduced time metric. To the best of our knowledge, this is the first work that formulates the probe-request association problem as a generic resolution of conflicts and benchmarks the association concerning several datasets. Our results show that Bleach outperforms the state-of-the-art schemes in terms of accuracy (as high as 99%) and robustness to a wide range of input probe-request datasets.",,,,AMSTERDAM: Elsevier B.V,,,,,,,Englisch,,2024 Elsevier B.V. CC0 1.0 - Universal,Cognitive science    Computer science    Technology    Telecommunication,,,"Ad hoc networks, 2024-11, Vol.164, p.103623, Article 103623",,,,,ISSN: 1570-8705 ISSN: 1570-8713 EISSN: 1570-8713 DOI: 10.1016/j.adhoc.2024.103623,,Web of Science,https://fu-berlin.primo.exlibrisgroup.com/permalink/49KOBV_FUB/dm8bhl/cdi_crossref_primary_10_1016_j_adhoc_2024_103623
MAC Address De-Randomization using Multi-Channel Sniffers and Two-Stage Clustering,,,,,,,,,,,,,,,,,,,,,Englisch,,,,,,"2024 IEEE 35th International Symposium on Personal, Indoor and Mobile Radio Communications (PIMRC)",,,,,DOI: 10.1109/pimrc59610.2024.10817186,,Unpaywall,https://fu-berlin.primo.exlibrisgroup.com/permalink/49KOBV_FUB/dm8bhl/cdi_unpaywall_primary_10_1109_pimrc59610_2024_10817186
WiFi Probes sniffing: an Artificial Intelligence based approach for MAC addresses de-randomization,,,,,,,,,,,,,,,,,,,,,Englisch,,,,,,2020 IEEE 25th International Workshop on Computer Aided Modeling and Design of Communication Links and Networks (CAMAD),,,,,DOI: 10.1109/camad50429.2020.9209257,,Unpaywall,https://fu-berlin.primo.exlibrisgroup.com/permalink/49KOBV_FUB/dm8bhl/cdi_unpaywall_primary_10_1109_camad50429_2020_9209257
McMatcher: A symbolic representation for matching random BLE MAC addresses,,,,,,,,,,,,,,,,,,,,,Englisch,,,,,,2024 IEEE International Conference on Consumer Electronics (ICCE),,,,,DOI: 10.1109/icce59016.2024.10444395,,Unpaywall,https://fu-berlin.primo.exlibrisgroup.com/permalink/49KOBV_FUB/dm8bhl/cdi_unpaywall_primary_10_1109_icce59016_2024_10444395
Poster: Can You Find Me?: Linking Devices Despite Wi-Fi MAC Randomization at MobiCom 2023,,,,,,,,,,,,,,,,,,,,,Englisch,,,,,,Proceedings of the 30th Annual International Conference on Mobile Computing and Networking,,,,,DOI: 10.1145/3636534.3697454,,Unpaywall,https://fu-berlin.primo.exlibrisgroup.com/permalink/49KOBV_FUB/dm8bhl/cdi_unpaywall_primary_10_1145_3636534_3697454
I still know you were here: Leveraging probe request templates for identifying Wi-Fi devices at scale,,,"Vogel, Daniel   Viola, Felix   Kreimeyer, Nicholas Malte   Bücheler, Daniel   Böhm, Sebastian   Meier, Michael",,,,,,,"MAC address randomization in Wi-Fi Probe Requests (PRs) is supposed to ensure unlinkability for improving user privacy, but PRs still contain enough information to track or re-identify users without relying on the MAC address. This poses a risk to privacy but may also assist law enforcement in identifying devices present at a crime scene. We examine whether it is possible to separate Wi-Fi devices based on observed PRs with randomized MAC addresses using only the content and structure of these PRs. Previous work has predominantly focused on techniques for device counting using feature reduction as a means to manage data set complexity, and has failed to achieve sufficient accuracy for individual device identification. We propose an approach that leverages templates reflecting a PR’s structure to identify its influence based on vendor and device, allowing the use of more complex fingerprinting algorithms that utilize the full set of available features. To that end we examine differences between vendors and devices based on observation length, used information elements, and overlapping Fingerprints (FPs) while ignoring MAC addresses. Using PR templating, we construct a knowledge base of FPs and templates from not only existing public data sets but also a new data set published for future research. Our data set tackles critical challenges in labelling and quality in currently available data sets, and we introduce a streamlined and comprehensible crowdsourcing process including automated measurements to enable other researchers to contribute to our data set. We evaluate our device identification approach on the currently available data and demonstrate that, depending on the data set, between 75% and 85% of Wi-Fi devices can be uniquely separated within the anonymity group of devices contributing PRs to the respective data set.",,,,AMSTERDAM: Elsevier B.V,,,,,,,Englisch,,2025 The Authors,Computer science    Dataset    Engineering    Fingerprints    Privacy    Technology    Telecommunication,,,"Computer communications, 2026-02, Vol.246, p.108367, Article 108367",,,,,ISSN: 0140-3664 ISSN: 1873-703X EISSN: 1873-703X DOI: 10.1016/j.comcom.2025.108367,,Unpaywall,https://fu-berlin.primo.exlibrisgroup.com/permalink/49KOBV_FUB/dm8bhl/cdi_webofscience_primary_001629735500002CitationCount
I still know you were here: Leveraging probe request templates for identifying Wi-Fi devices at scale,,,"Vogel, Daniel   Viola, Felix   Kreimeyer, Nicholas Malte   Bücheler, Daniel   Böhm, Sebastian   Meier, Michael",,,,,,,"MAC address randomization in Wi-Fi Probe Requests (PRs) is supposed to ensure unlinkability for improving user privacy, but PRs still contain enough information to track or re-identify users without relying on the MAC address. This poses a risk to privacy but may also assist law enforcement in identifying devices present at a crime scene. We examine whether it is possible to separate Wi-Fi devices based on observed PRs with randomized MAC addresses using only the content and structure of these PRs. Previous work has predominantly focused on techniques for device counting using feature reduction as a means to manage data set complexity, and has failed to achieve sufficient accuracy for individual device identification. We propose an approach that leverages templates reflecting a PR’s structure to identify its influence based on vendor and device, allowing the use of more complex fingerprinting algorithms that utilize the full set of available features. To that end we examine differences between vendors and devices based on observation length, used information elements, and overlapping Fingerprints (FPs) while ignoring MAC addresses. Using PR templating, we construct a knowledge base of FPs and templates from not only existing public data sets but also a new data set published for future research. Our data set tackles critical challenges in labelling and quality in currently available data sets, and we introduce a streamlined and comprehensible crowdsourcing process including automated measurements to enable other researchers to contribute to our data set. We evaluate our device identification approach on the currently available data and demonstrate that, depending on the data set, between 75% and 85% of Wi-Fi devices can be uniquely separated within the anonymity group of devices contributing PRs to the respective data set.",,,,AMSTERDAM: Elsevier B.V,,,,,,,Englisch,,2025 The Authors,Computer science    Dataset    Engineering    Fingerprints    Privacy    Technology    Telecommunication,,,"Computer communications, 2026-02, Vol.246, p.108367, Article 108367",,,,,ISSN: 0140-3664 ISSN: 1873-703X EISSN: 1873-703X DOI: 10.1016/j.comcom.2025.108367,,Web of Science,https://fu-berlin.primo.exlibrisgroup.com/permalink/49KOBV_FUB/dm8bhl/cdi_webofscience_primary_001629735500002CitationCount
What Your Wearable Devices Revealed About You and Possibilities of Non-Cooperative 802.11 Presence Detection During Your Last IPIN Visit,,,,,,,,,,,,,,,,,,,,,Englisch,,,,,,2022 IEEE 12th International Conference on Indoor Positioning and Indoor Navigation (IPIN),,,,,DOI: 10.1109/ipin54987.2022.9918134,,Unpaywall,https://fu-berlin.primo.exlibrisgroup.com/permalink/49KOBV_FUB/dm8bhl/cdi_unpaywall_primary_10_1109_ipin54987_2022_9918134
Demo: Unveiling Randomized Device Identity in Dynamic Wi-Fi Networks,,,,,,,,,,,,,,,,,,,,,Englisch,,,,,,"Proceedings of the 23rd Annual International Conference on Mobile Systems, Applications and Services",,,,,DOI: 10.1145/3711875.3734384,,Unpaywall,https://fu-berlin.primo.exlibrisgroup.com/permalink/49KOBV_FUB/dm8bhl/cdi_unpaywall_primary_10_1145_3711875_3734384
Wireless crowd detection for smart overtourism mitigation,,,"Santos, T.   Marinheiro, R. N.   Brito e Abreu, F.",,,,,,,"Overtourism occurs when the number of tourists exceeds the carrying capacity of a destination, leading to negative impacts on the environment, culture, and quality of life for residents. By monitoring overtourism, destination managers can identify areas of concern and implement measures to mitigate the negative impacts of tourism while promoting smarter tourism practices. This can help ensure that tourism benefits both visitors and residents while preserving the natural and cultural resources that make these destinations so appealing. This chapter describes a low-cost approach to monitoring overtourism based on mobile devices’ wireless activity. A flexible architecture was designed for a smart tourism toolkit to be used by small and medium-sized enterprises (SMEs) in crowding management solutions, to build better tourism services, improve efficiency and sustainability, and reduce the overwhelming feeling of pressure in critical hotspots. The crowding sensors count the number of surrounding mobile devices, by detecting trace elements of wireless technologies, overcoming MAC address randomization. They run detection programs for several technologies, and fingerprinting analysis results are only stored locally in an anonymized database, without infringing privacy rights. After that edge computing, sensors communicate the crowding information to a cloud server, by using a variety of uplink techniques to mitigate local connectivity limitations, something that has been often disregarded in alternative approaches. Field validation of sensors has been performed on Iscte’s campus before their planned use in other locations, such as the Pena Palace in Sintra. Preliminary results show that these sensors can be deployed in multiple scenarios and provide a diversity of spatiotemporal crowding data and analysis in order to promote smart engineering techniques to be used for tourism overcrowding management.",,,,Springer Nature,,,,,,,Englisch,,,Fingerprints    Overtourism,,,"Smart Life and Smart Life Engineering, 2025",,,,,ISBN: 9783031758874 ISBN: 3031758870 DOI: 10.1007/978-3-031-75887-4_11,,Unpaywall,https://fu-berlin.primo.exlibrisgroup.com/permalink/49KOBV_FUB/dm8bhl/cdi_unpaywall_primary_10_1007_978_3_031_75887_4_11
Characterizing Wi-Fi Probing Behavior for Privacy-Preserving Crowdsensing,,,,,,,,,,,,,,,,,,,,,Englisch,,,,,,Proceedings of the 25th International ACM Conference on Modeling Analysis and Simulation of Wireless and Mobile Systems,,,,,DOI: 10.1145/3551659.3559039,,Unpaywall,https://fu-berlin.primo.exlibrisgroup.com/permalink/49KOBV_FUB/dm8bhl/cdi_unpaywall_primary_10_1145_3551659_3559039
Probe Request Based Device Identification Attack and Defense,,,"Gu, Xiaolin   Wu, Wenjia   Gu, Xiaodan   Ling, Zhen   Yang, Ming   Song, Aibo",,,,,,,"Wi-Fi network has an open nature so that it needs to face greater security risks compared to wired network. The MAC address represents the unique identifier of the device, and is easily obtained by an attacker. Therefore MAC address randomization is proposed to protect the privacy of devices in a Wi-Fi network. However, implicit identifiers are used by attackers to identify user’s device, which can cause the leakage of user’s privacy. We propose device identification based on 802.11ac probe request frames. Here, a detailed analysis on the effectiveness of 802.11ac fields is given and a novel device identification method based on deep learning whose average f1-score exceeds 99% is presented. With a purpose of preventing attackers from obtaining relevant information by the device identification method above, we design a novel defense mechanism based on stream cipher. In that case, the original content of probe request frame is hidden by encrypting probe request frames and construction of probe request is reserved to avoid the finding of attackers. This defense mechanism can effectively reduce the performance of the proposed device identification method whose average f1-score is below 30%. In general, our research on attack and defense mechanism can preserve device privacy better.",,,,BASEL: Mdpi,,,,,,,Englisch,,"2020. This work is licensed under http://creativecommons.org/licenses/by/3.0/ (the “License”). Notwithstanding the ProQuest Terms and Conditions, you may use this content in accordance with the terms of the License. 2020 by the authors. 2020",Access control    Browsers (Computer programs)    Chemistry    Cryptography    Engineering    Identification    Methodology    Methods    Physical sciences    Privacy    Software    Technology,,,"Sensors (Basel, Switzerland), 2020-08, Vol.20 (16), p.4620, Article 4620",,,,,ISSN: 1424-8220 EISSN: 1424-8220 DOI: 10.3390/s20164620 PMID: 32824509,,DOAJ,https://fu-berlin.primo.exlibrisgroup.com/permalink/49KOBV_FUB/dm8bhl/cdi_unpaywall_primary_10_3390_s20164620
Probe Request Based Device Identification Attack and Defense,,,"Gu, Xiaolin   Wu, Wenjia   Gu, Xiaodan   Ling, Zhen   Yang, Ming   Song, Aibo",,,,,,,"Wi-Fi network has an open nature so that it needs to face greater security risks compared to wired network. The MAC address represents the unique identifier of the device, and is easily obtained by an attacker. Therefore MAC address randomization is proposed to protect the privacy of devices in a Wi-Fi network. However, implicit identifiers are used by attackers to identify user’s device, which can cause the leakage of user’s privacy. We propose device identification based on 802.11ac probe request frames. Here, a detailed analysis on the effectiveness of 802.11ac fields is given and a novel device identification method based on deep learning whose average f1-score exceeds 99% is presented. With a purpose of preventing attackers from obtaining relevant information by the device identification method above, we design a novel defense mechanism based on stream cipher. In that case, the original content of probe request frame is hidden by encrypting probe request frames and construction of probe request is reserved to avoid the finding of attackers. This defense mechanism can effectively reduce the performance of the proposed device identification method whose average f1-score is below 30%. In general, our research on attack and defense mechanism can preserve device privacy better.",,,,BASEL: Mdpi,,,,,,,Englisch,,"2020. This work is licensed under http://creativecommons.org/licenses/by/3.0/ (the “License”). Notwithstanding the ProQuest Terms and Conditions, you may use this content in accordance with the terms of the License. 2020 by the authors. 2020",Access control    Browsers (Computer programs)    Chemistry    Cryptography    Engineering    Identification    Methodology    Methods    Physical sciences    Privacy    Software    Technology,,,"Sensors (Basel, Switzerland), 2020-08, Vol.20 (16), p.4620, Article 4620",,,,,ISSN: 1424-8220 EISSN: 1424-8220 DOI: 10.3390/s20164620 PMID: 32824509,,EZB,https://fu-berlin.primo.exlibrisgroup.com/permalink/49KOBV_FUB/dm8bhl/cdi_unpaywall_primary_10_3390_s20164620
Probe Request Based Device Identification Attack and Defense,,,"Gu, Xiaolin   Wu, Wenjia   Gu, Xiaodan   Ling, Zhen   Yang, Ming   Song, Aibo",,,,,,,"Wi-Fi network has an open nature so that it needs to face greater security risks compared to wired network. The MAC address represents the unique identifier of the device, and is easily obtained by an attacker. Therefore MAC address randomization is proposed to protect the privacy of devices in a Wi-Fi network. However, implicit identifiers are used by attackers to identify user’s device, which can cause the leakage of user’s privacy. We propose device identification based on 802.11ac probe request frames. Here, a detailed analysis on the effectiveness of 802.11ac fields is given and a novel device identification method based on deep learning whose average f1-score exceeds 99% is presented. With a purpose of preventing attackers from obtaining relevant information by the device identification method above, we design a novel defense mechanism based on stream cipher. In that case, the original content of probe request frame is hidden by encrypting probe request frames and construction of probe request is reserved to avoid the finding of attackers. This defense mechanism can effectively reduce the performance of the proposed device identification method whose average f1-score is below 30%. In general, our research on attack and defense mechanism can preserve device privacy better.",,,,BASEL: Mdpi,,,,,,,Englisch,,"2020. This work is licensed under http://creativecommons.org/licenses/by/3.0/ (the “License”). Notwithstanding the ProQuest Terms and Conditions, you may use this content in accordance with the terms of the License. 2020 by the authors. 2020",Access control    Browsers (Computer programs)    Chemistry    Cryptography    Engineering    Identification    Methodology    Methods    Physical sciences    Privacy    Software    Technology,,,"Sensors (Basel, Switzerland), 2020-08, Vol.20 (16), p.4620, Article 4620",,,,,ISSN: 1424-8220 EISSN: 1424-8220 DOI: 10.3390/s20164620 PMID: 32824509,,ROAD,https://fu-berlin.primo.exlibrisgroup.com/permalink/49KOBV_FUB/dm8bhl/cdi_unpaywall_primary_10_3390_s20164620
Probe Request Based Device Identification Attack and Defense,,,"Gu, Xiaolin   Wu, Wenjia   Gu, Xiaodan   Ling, Zhen   Yang, Ming   Song, Aibo",,,,,,,"Wi-Fi network has an open nature so that it needs to face greater security risks compared to wired network. The MAC address represents the unique identifier of the device, and is easily obtained by an attacker. Therefore MAC address randomization is proposed to protect the privacy of devices in a Wi-Fi network. However, implicit identifiers are used by attackers to identify user’s device, which can cause the leakage of user’s privacy. We propose device identification based on 802.11ac probe request frames. Here, a detailed analysis on the effectiveness of 802.11ac fields is given and a novel device identification method based on deep learning whose average f1-score exceeds 99% is presented. With a purpose of preventing attackers from obtaining relevant information by the device identification method above, we design a novel defense mechanism based on stream cipher. In that case, the original content of probe request frame is hidden by encrypting probe request frames and construction of probe request is reserved to avoid the finding of attackers. This defense mechanism can effectively reduce the performance of the proposed device identification method whose average f1-score is below 30%. In general, our research on attack and defense mechanism can preserve device privacy better.",,,,BASEL: Mdpi,,,,,,,Englisch,,"2020. This work is licensed under http://creativecommons.org/licenses/by/3.0/ (the “License”). Notwithstanding the ProQuest Terms and Conditions, you may use this content in accordance with the terms of the License. 2020 by the authors. 2020",Access control    Browsers (Computer programs)    Chemistry    Cryptography    Engineering    Identification    Methodology    Methods    Physical sciences    Privacy    Software    Technology,,,"Sensors (Basel, Switzerland), 2020-08, Vol.20 (16), p.4620, Article 4620",,,,,ISSN: 1424-8220 EISSN: 1424-8220 DOI: 10.3390/s20164620 PMID: 32824509,,Unpaywall,https://fu-berlin.primo.exlibrisgroup.com/permalink/49KOBV_FUB/dm8bhl/cdi_unpaywall_primary_10_3390_s20164620
Probe Request Based Device Identification Attack and Defense,,,"Gu, Xiaolin   Wu, Wenjia   Gu, Xiaodan   Ling, Zhen   Yang, Ming   Song, Aibo",,,,,,,"Wi-Fi network has an open nature so that it needs to face greater security risks compared to wired network. The MAC address represents the unique identifier of the device, and is easily obtained by an attacker. Therefore MAC address randomization is proposed to protect the privacy of devices in a Wi-Fi network. However, implicit identifiers are used by attackers to identify user’s device, which can cause the leakage of user’s privacy. We propose device identification based on 802.11ac probe request frames. Here, a detailed analysis on the effectiveness of 802.11ac fields is given and a novel device identification method based on deep learning whose average f1-score exceeds 99% is presented. With a purpose of preventing attackers from obtaining relevant information by the device identification method above, we design a novel defense mechanism based on stream cipher. In that case, the original content of probe request frame is hidden by encrypting probe request frames and construction of probe request is reserved to avoid the finding of attackers. This defense mechanism can effectively reduce the performance of the proposed device identification method whose average f1-score is below 30%. In general, our research on attack and defense mechanism can preserve device privacy better.",,,,BASEL: Mdpi,,,,,,,Englisch,,"2020. This work is licensed under http://creativecommons.org/licenses/by/3.0/ (the “License”). Notwithstanding the ProQuest Terms and Conditions, you may use this content in accordance with the terms of the License. 2020 by the authors. 2020",Access control    Browsers (Computer programs)    Chemistry    Cryptography    Engineering    Identification    Methodology    Methods    Physical sciences    Privacy    Software    Technology,,,"Sensors (Basel, Switzerland), 2020-08, Vol.20 (16), p.4620, Article 4620",,,,,ISSN: 1424-8220 EISSN: 1424-8220 DOI: 10.3390/s20164620 PMID: 32824509,,Web of Science,https://fu-berlin.primo.exlibrisgroup.com/permalink/49KOBV_FUB/dm8bhl/cdi_unpaywall_primary_10_3390_s20164620
AFOROS: A Low-Cost Wi-Fi-Based Monitoring System for Estimating Occupancy of Public Spaces,,,"Vega-Barbas, Mario   Álvarez-Campana, Manuel   Rivera, Diego   Sanz, Mario   Berrocal, Julio",,,,,,,"Estimating the number of people present in a given venue in real-time is extremely useful from a security, management, and resource optimization perspective. This article presents the architecture of a system based on the use of Wi-Fi sensor devices that allows estimating, almost in real-time, the number of people attending an event that is taking place in a venue. The estimate is based on the analysis of the “probe request” messages periodically transmitted by smartphones to determine the existence of Wi-Fi access points in the vicinity. The method considers the MAC address randomization mechanisms introduced in recent years in smartphones, which prevents the estimation of the number of devices by simply counting different MAC addresses. To solve this difficulty, our Wi-Fi sensors analyze other fields present in the header of the IEEE 802.11 frames, the information elements, to extract a unique fingerprint from each smartphone. The designed system was tested in a set of real scenarios, obtaining an estimate of attendance at different public events with an accuracy close to 95%.",,,,BASEL: Mdpi,,,,,,,Englisch,,"2021 by the authors. Licensee MDPI, Basel, Switzerland. This article is an open access article distributed under the terms and conditions of the Creative Commons Attribution (CC BY) license (https://creativecommons.org/licenses/by/4.0/). Notwithstanding the ProQuest Terms and Conditions, you may use this content in accordance with the terms of the License. 2021 by the authors. 2021","Chemistry    Coronaviruses    COVID-19 Pandemic, 2020-    Engineering    Pandemics    Physical sciences    Public spaces    Security systems    Shopping centers    Smartphones    Technology    Traffic congestion",,,"Sensors (Basel, Switzerland), 2021-06, Vol.21 (11), p.3863, Article 3863",,,,,ISSN: 1424-8220 EISSN: 1424-8220 DOI: 10.3390/s21113863 PMID: 34205031,,DOAJ,https://fu-berlin.primo.exlibrisgroup.com/permalink/49KOBV_FUB/dm8bhl/cdi_proquest_journals_2539980419
AFOROS: A Low-Cost Wi-Fi-Based Monitoring System for Estimating Occupancy of Public Spaces,,,"Vega-Barbas, Mario   Álvarez-Campana, Manuel   Rivera, Diego   Sanz, Mario   Berrocal, Julio",,,,,,,"Estimating the number of people present in a given venue in real-time is extremely useful from a security, management, and resource optimization perspective. This article presents the architecture of a system based on the use of Wi-Fi sensor devices that allows estimating, almost in real-time, the number of people attending an event that is taking place in a venue. The estimate is based on the analysis of the “probe request” messages periodically transmitted by smartphones to determine the existence of Wi-Fi access points in the vicinity. The method considers the MAC address randomization mechanisms introduced in recent years in smartphones, which prevents the estimation of the number of devices by simply counting different MAC addresses. To solve this difficulty, our Wi-Fi sensors analyze other fields present in the header of the IEEE 802.11 frames, the information elements, to extract a unique fingerprint from each smartphone. The designed system was tested in a set of real scenarios, obtaining an estimate of attendance at different public events with an accuracy close to 95%.",,,,BASEL: Mdpi,,,,,,,Englisch,,"2021 by the authors. Licensee MDPI, Basel, Switzerland. This article is an open access article distributed under the terms and conditions of the Creative Commons Attribution (CC BY) license (https://creativecommons.org/licenses/by/4.0/). Notwithstanding the ProQuest Terms and Conditions, you may use this content in accordance with the terms of the License. 2021 by the authors. 2021","Chemistry    Coronaviruses    COVID-19 Pandemic, 2020-    Engineering    Pandemics    Physical sciences    Public spaces    Security systems    Shopping centers    Smartphones    Technology    Traffic congestion",,,"Sensors (Basel, Switzerland), 2021-06, Vol.21 (11), p.3863, Article 3863",,,,,ISSN: 1424-8220 EISSN: 1424-8220 DOI: 10.3390/s21113863 PMID: 34205031,,EZB,https://fu-berlin.primo.exlibrisgroup.com/permalink/49KOBV_FUB/dm8bhl/cdi_proquest_journals_2539980419
AFOROS: A Low-Cost Wi-Fi-Based Monitoring System for Estimating Occupancy of Public Spaces,,,"Vega-Barbas, Mario   Álvarez-Campana, Manuel   Rivera, Diego   Sanz, Mario   Berrocal, Julio",,,,,,,"Estimating the number of people present in a given venue in real-time is extremely useful from a security, management, and resource optimization perspective. This article presents the architecture of a system based on the use of Wi-Fi sensor devices that allows estimating, almost in real-time, the number of people attending an event that is taking place in a venue. The estimate is based on the analysis of the “probe request” messages periodically transmitted by smartphones to determine the existence of Wi-Fi access points in the vicinity. The method considers the MAC address randomization mechanisms introduced in recent years in smartphones, which prevents the estimation of the number of devices by simply counting different MAC addresses. To solve this difficulty, our Wi-Fi sensors analyze other fields present in the header of the IEEE 802.11 frames, the information elements, to extract a unique fingerprint from each smartphone. The designed system was tested in a set of real scenarios, obtaining an estimate of attendance at different public events with an accuracy close to 95%.",,,,BASEL: Mdpi,,,,,,,Englisch,,"2021 by the authors. Licensee MDPI, Basel, Switzerland. This article is an open access article distributed under the terms and conditions of the Creative Commons Attribution (CC BY) license (https://creativecommons.org/licenses/by/4.0/). Notwithstanding the ProQuest Terms and Conditions, you may use this content in accordance with the terms of the License. 2021 by the authors. 2021","Chemistry    Coronaviruses    COVID-19 Pandemic, 2020-    Engineering    Pandemics    Physical sciences    Public spaces    Security systems    Shopping centers    Smartphones    Technology    Traffic congestion",,,"Sensors (Basel, Switzerland), 2021-06, Vol.21 (11), p.3863, Article 3863",,,,,ISSN: 1424-8220 EISSN: 1424-8220 DOI: 10.3390/s21113863 PMID: 34205031,,ROAD,https://fu-berlin.primo.exlibrisgroup.com/permalink/49KOBV_FUB/dm8bhl/cdi_proquest_journals_2539980419
AFOROS: A Low-Cost Wi-Fi-Based Monitoring System for Estimating Occupancy of Public Spaces,,,"Vega-Barbas, Mario   Álvarez-Campana, Manuel   Rivera, Diego   Sanz, Mario   Berrocal, Julio",,,,,,,"Estimating the number of people present in a given venue in real-time is extremely useful from a security, management, and resource optimization perspective. This article presents the architecture of a system based on the use of Wi-Fi sensor devices that allows estimating, almost in real-time, the number of people attending an event that is taking place in a venue. The estimate is based on the analysis of the “probe request” messages periodically transmitted by smartphones to determine the existence of Wi-Fi access points in the vicinity. The method considers the MAC address randomization mechanisms introduced in recent years in smartphones, which prevents the estimation of the number of devices by simply counting different MAC addresses. To solve this difficulty, our Wi-Fi sensors analyze other fields present in the header of the IEEE 802.11 frames, the information elements, to extract a unique fingerprint from each smartphone. The designed system was tested in a set of real scenarios, obtaining an estimate of attendance at different public events with an accuracy close to 95%.",,,,BASEL: Mdpi,,,,,,,Englisch,,"2021 by the authors. Licensee MDPI, Basel, Switzerland. This article is an open access article distributed under the terms and conditions of the Creative Commons Attribution (CC BY) license (https://creativecommons.org/licenses/by/4.0/). Notwithstanding the ProQuest Terms and Conditions, you may use this content in accordance with the terms of the License. 2021 by the authors. 2021","Chemistry    Coronaviruses    COVID-19 Pandemic, 2020-    Engineering    Pandemics    Physical sciences    Public spaces    Security systems    Shopping centers    Smartphones    Technology    Traffic congestion",,,"Sensors (Basel, Switzerland), 2021-06, Vol.21 (11), p.3863, Article 3863",,,,,ISSN: 1424-8220 EISSN: 1424-8220 DOI: 10.3390/s21113863 PMID: 34205031,,Unpaywall,https://fu-berlin.primo.exlibrisgroup.com/permalink/49KOBV_FUB/dm8bhl/cdi_proquest_journals_2539980419
AFOROS: A Low-Cost Wi-Fi-Based Monitoring System for Estimating Occupancy of Public Spaces,,,"Vega-Barbas, Mario   Álvarez-Campana, Manuel   Rivera, Diego   Sanz, Mario   Berrocal, Julio",,,,,,,"Estimating the number of people present in a given venue in real-time is extremely useful from a security, management, and resource optimization perspective. This article presents the architecture of a system based on the use of Wi-Fi sensor devices that allows estimating, almost in real-time, the number of people attending an event that is taking place in a venue. The estimate is based on the analysis of the “probe request” messages periodically transmitted by smartphones to determine the existence of Wi-Fi access points in the vicinity. The method considers the MAC address randomization mechanisms introduced in recent years in smartphones, which prevents the estimation of the number of devices by simply counting different MAC addresses. To solve this difficulty, our Wi-Fi sensors analyze other fields present in the header of the IEEE 802.11 frames, the information elements, to extract a unique fingerprint from each smartphone. The designed system was tested in a set of real scenarios, obtaining an estimate of attendance at different public events with an accuracy close to 95%.",,,,BASEL: Mdpi,,,,,,,Englisch,,"2021 by the authors. Licensee MDPI, Basel, Switzerland. This article is an open access article distributed under the terms and conditions of the Creative Commons Attribution (CC BY) license (https://creativecommons.org/licenses/by/4.0/). Notwithstanding the ProQuest Terms and Conditions, you may use this content in accordance with the terms of the License. 2021 by the authors. 2021","Chemistry    Coronaviruses    COVID-19 Pandemic, 2020-    Engineering    Pandemics    Physical sciences    Public spaces    Security systems    Shopping centers    Smartphones    Technology    Traffic congestion",,,"Sensors (Basel, Switzerland), 2021-06, Vol.21 (11), p.3863, Article 3863",,,,,ISSN: 1424-8220 EISSN: 1424-8220 DOI: 10.3390/s21113863 PMID: 34205031,,Web of Science,https://fu-berlin.primo.exlibrisgroup.com/permalink/49KOBV_FUB/dm8bhl/cdi_proquest_journals_2539980419
Automatic Passenger Counting on the Edge via Unsupervised Clustering,,,"Delzanno, Giorgio   Caputo, Luca   D'Agostino, Daniele   Grosso, Daniele   Mustajab, Abdul Hannan   Bixio, Luca   Rulli, Matteo",,,,,,,"We present a device- and network-based solution for automatic passnger counting that operates on the edge in real time. The proposed solution consists of a low-cost WiFi scanner device equipped with custom algorithms for dealing with MAC address randomization. Our low-cost scanner is able to capture and analyze 802.11 probe requests emitted by passengers' devices such as laptops, smartphones, and tablets. The device is configured with a Python data-processing pipeline that combines data coming from different types of sensors and processes them on the fly. For the analysis task, we have devised a lightweight version of the DBSCAN algorithm. Our software artifact is designed in a modular way in order to accommodate possible extensions of the pipeline, e.g., either additional filters or data sources. Furthermore, we exploit multi-threading and multi-processing for speeding up the entire computation. The proposed solution has been tested with different types of mobile devices, obtaining promising experimental results. In this paper, we present the key ingredients of our edge computing solution.",,,,BASEL: Mdpi,,,,,,,Englisch,,"COPYRIGHT 2023 MDPI AG 2023 by the authors. Licensee MDPI, Basel, Switzerland. This article is an open access article distributed under the terms and conditions of the Creative Commons Attribution (CC BY) license (https://creativecommons.org/licenses/by/4.0/). Notwithstanding the ProQuest Terms and Conditions, you may use this content in accordance with the terms of the License. 2023 by the authors. 2023",Algorithms    Artificial intelligence    Chemistry    Edge computing    Engineering    Evaluation    Physical sciences    Scanning systems    Signal processing    Smartphones    Technology,,,"Sensors (Basel, Switzerland), 2023-05, Vol.23 (11), p.5210, Article 5210",,,,,ISSN: 1424-8220 EISSN: 1424-8220 DOI: 10.3390/s23115210 PMID: 37299937,,DOAJ,https://fu-berlin.primo.exlibrisgroup.com/permalink/49KOBV_FUB/dm8bhl/cdi_proquest_journals_2824057227
Automatic Passenger Counting on the Edge via Unsupervised Clustering,,,"Delzanno, Giorgio   Caputo, Luca   D'Agostino, Daniele   Grosso, Daniele   Mustajab, Abdul Hannan   Bixio, Luca   Rulli, Matteo",,,,,,,"We present a device- and network-based solution for automatic passnger counting that operates on the edge in real time. The proposed solution consists of a low-cost WiFi scanner device equipped with custom algorithms for dealing with MAC address randomization. Our low-cost scanner is able to capture and analyze 802.11 probe requests emitted by passengers' devices such as laptops, smartphones, and tablets. The device is configured with a Python data-processing pipeline that combines data coming from different types of sensors and processes them on the fly. For the analysis task, we have devised a lightweight version of the DBSCAN algorithm. Our software artifact is designed in a modular way in order to accommodate possible extensions of the pipeline, e.g., either additional filters or data sources. Furthermore, we exploit multi-threading and multi-processing for speeding up the entire computation. The proposed solution has been tested with different types of mobile devices, obtaining promising experimental results. In this paper, we present the key ingredients of our edge computing solution.",,,,BASEL: Mdpi,,,,,,,Englisch,,"COPYRIGHT 2023 MDPI AG 2023 by the authors. Licensee MDPI, Basel, Switzerland. This article is an open access article distributed under the terms and conditions of the Creative Commons Attribution (CC BY) license (https://creativecommons.org/licenses/by/4.0/). Notwithstanding the ProQuest Terms and Conditions, you may use this content in accordance with the terms of the License. 2023 by the authors. 2023",Algorithms    Artificial intelligence    Chemistry    Edge computing    Engineering    Evaluation    Physical sciences    Scanning systems    Signal processing    Smartphones    Technology,,,"Sensors (Basel, Switzerland), 2023-05, Vol.23 (11), p.5210, Article 5210",,,,,ISSN: 1424-8220 EISSN: 1424-8220 DOI: 10.3390/s23115210 PMID: 37299937,,EZB,https://fu-berlin.primo.exlibrisgroup.com/permalink/49KOBV_FUB/dm8bhl/cdi_proquest_journals_2824057227
Automatic Passenger Counting on the Edge via Unsupervised Clustering,,,"Delzanno, Giorgio   Caputo, Luca   D'Agostino, Daniele   Grosso, Daniele   Mustajab, Abdul Hannan   Bixio, Luca   Rulli, Matteo",,,,,,,"We present a device- and network-based solution for automatic passnger counting that operates on the edge in real time. The proposed solution consists of a low-cost WiFi scanner device equipped with custom algorithms for dealing with MAC address randomization. Our low-cost scanner is able to capture and analyze 802.11 probe requests emitted by passengers' devices such as laptops, smartphones, and tablets. The device is configured with a Python data-processing pipeline that combines data coming from different types of sensors and processes them on the fly. For the analysis task, we have devised a lightweight version of the DBSCAN algorithm. Our software artifact is designed in a modular way in order to accommodate possible extensions of the pipeline, e.g., either additional filters or data sources. Furthermore, we exploit multi-threading and multi-processing for speeding up the entire computation. The proposed solution has been tested with different types of mobile devices, obtaining promising experimental results. In this paper, we present the key ingredients of our edge computing solution.",,,,BASEL: Mdpi,,,,,,,Englisch,,"COPYRIGHT 2023 MDPI AG 2023 by the authors. Licensee MDPI, Basel, Switzerland. This article is an open access article distributed under the terms and conditions of the Creative Commons Attribution (CC BY) license (https://creativecommons.org/licenses/by/4.0/). Notwithstanding the ProQuest Terms and Conditions, you may use this content in accordance with the terms of the License. 2023 by the authors. 2023",Algorithms    Artificial intelligence    Chemistry    Edge computing    Engineering    Evaluation    Physical sciences    Scanning systems    Signal processing    Smartphones    Technology,,,"Sensors (Basel, Switzerland), 2023-05, Vol.23 (11), p.5210, Article 5210",,,,,ISSN: 1424-8220 EISSN: 1424-8220 DOI: 10.3390/s23115210 PMID: 37299937,,ROAD,https://fu-berlin.primo.exlibrisgroup.com/permalink/49KOBV_FUB/dm8bhl/cdi_proquest_journals_2824057227
Automatic Passenger Counting on the Edge via Unsupervised Clustering,,,"Delzanno, Giorgio   Caputo, Luca   D'Agostino, Daniele   Grosso, Daniele   Mustajab, Abdul Hannan   Bixio, Luca   Rulli, Matteo",,,,,,,"We present a device- and network-based solution for automatic passnger counting that operates on the edge in real time. The proposed solution consists of a low-cost WiFi scanner device equipped with custom algorithms for dealing with MAC address randomization. Our low-cost scanner is able to capture and analyze 802.11 probe requests emitted by passengers' devices such as laptops, smartphones, and tablets. The device is configured with a Python data-processing pipeline that combines data coming from different types of sensors and processes them on the fly. For the analysis task, we have devised a lightweight version of the DBSCAN algorithm. Our software artifact is designed in a modular way in order to accommodate possible extensions of the pipeline, e.g., either additional filters or data sources. Furthermore, we exploit multi-threading and multi-processing for speeding up the entire computation. The proposed solution has been tested with different types of mobile devices, obtaining promising experimental results. In this paper, we present the key ingredients of our edge computing solution.",,,,BASEL: Mdpi,,,,,,,Englisch,,"COPYRIGHT 2023 MDPI AG 2023 by the authors. Licensee MDPI, Basel, Switzerland. This article is an open access article distributed under the terms and conditions of the Creative Commons Attribution (CC BY) license (https://creativecommons.org/licenses/by/4.0/). Notwithstanding the ProQuest Terms and Conditions, you may use this content in accordance with the terms of the License. 2023 by the authors. 2023",Algorithms    Artificial intelligence    Chemistry    Edge computing    Engineering    Evaluation    Physical sciences    Scanning systems    Signal processing    Smartphones    Technology,,,"Sensors (Basel, Switzerland), 2023-05, Vol.23 (11), p.5210, Article 5210",,,,,ISSN: 1424-8220 EISSN: 1424-8220 DOI: 10.3390/s23115210 PMID: 37299937,,Unpaywall,https://fu-berlin.primo.exlibrisgroup.com/permalink/49KOBV_FUB/dm8bhl/cdi_proquest_journals_2824057227
Automatic Passenger Counting on the Edge via Unsupervised Clustering,,,"Delzanno, Giorgio   Caputo, Luca   D'Agostino, Daniele   Grosso, Daniele   Mustajab, Abdul Hannan   Bixio, Luca   Rulli, Matteo",,,,,,,"We present a device- and network-based solution for automatic passnger counting that operates on the edge in real time. The proposed solution consists of a low-cost WiFi scanner device equipped with custom algorithms for dealing with MAC address randomization. Our low-cost scanner is able to capture and analyze 802.11 probe requests emitted by passengers' devices such as laptops, smartphones, and tablets. The device is configured with a Python data-processing pipeline that combines data coming from different types of sensors and processes them on the fly. For the analysis task, we have devised a lightweight version of the DBSCAN algorithm. Our software artifact is designed in a modular way in order to accommodate possible extensions of the pipeline, e.g., either additional filters or data sources. Furthermore, we exploit multi-threading and multi-processing for speeding up the entire computation. The proposed solution has been tested with different types of mobile devices, obtaining promising experimental results. In this paper, we present the key ingredients of our edge computing solution.",,,,BASEL: Mdpi,,,,,,,Englisch,,"COPYRIGHT 2023 MDPI AG 2023 by the authors. Licensee MDPI, Basel, Switzerland. This article is an open access article distributed under the terms and conditions of the Creative Commons Attribution (CC BY) license (https://creativecommons.org/licenses/by/4.0/). Notwithstanding the ProQuest Terms and Conditions, you may use this content in accordance with the terms of the License. 2023 by the authors. 2023",Algorithms    Artificial intelligence    Chemistry    Edge computing    Engineering    Evaluation    Physical sciences    Scanning systems    Signal processing    Smartphones    Technology,,,"Sensors (Basel, Switzerland), 2023-05, Vol.23 (11), p.5210, Article 5210",,,,,ISSN: 1424-8220 EISSN: 1424-8220 DOI: 10.3390/s23115210 PMID: 37299937,,Web of Science,https://fu-berlin.primo.exlibrisgroup.com/permalink/49KOBV_FUB/dm8bhl/cdi_proquest_journals_2824057227
Privacy-preserving WiFi fingerprint-based people counting for crowd management,,,"Rusca, Riccardo   Gasco, Diego   Casetti, Claudio   Giaccone, Paolo",,,,,,,"The practice of people counting serves as an indispensable tool for meticulously monitoring crowd dynamics, enabling informed decision-making in critical situations, and optimizing the management of urban spaces, facilities, and services. Beyond its fundamental role in safety and security, tracking people’s flows has evolved into a necessity for diverse business applications and the effective administration of both outdoor and indoor urban environments. In the ongoing exploration of the study, emphasis is placed on employing a passive counting technique. This method leverages WiFi probe request messages emitted by smart devices to assess the number of devices, providing a reliable estimate of the number of people in a specific area. However, it is crucial to acknowledge the dynamic landscape of privacy regulations and the concerted efforts by leading smart-device manufacturers to fortify user privacy, as evidenced by the adoption of MAC address randomization. In response to these considerations, an enhanced iteration of the WiFi traffic generator has been introduced. This upgraded version is designed to generate realistic datasets with ground truth, aligning with the evolving privacy landscape. Additionally, leveraging a profound understanding of probe requests and the capabilities of the designed generator, a novel crowd monitoring solution that incorporates machine learning techniques, named ARGO, has been developed. This innovative approach effectively addresses challenges posed by randomized MAC addresses, incorporating Bloom filters to ensure a formal “deniability” that complies with stringent regulations, including the European GDPR (European Parliament, Council of the European Union, Regulation (EU), 2016). The proposed solution adeptly addresses the pivotal task of people counting by harnessing WiFi probe request messages. Significantly, it prioritizes users’ privacy, aligning with the foundational principles outlined in regulations such as the European GDPR.",,,,AMSTERDAM: Elsevier B.V,,,,,,,Englisch,,2024 The Author(s),Cluster analysis    Computer science    Engineering    Technology    Telecommunication,,,"Computer communications, 2024-09, Vol.225, p.339-349",,,,,ISSN: 0140-3664 ISSN: 1873-703X EISSN: 1873-703X DOI: 10.1016/j.comcom.2024.07.010,,Unpaywall,https://fu-berlin.primo.exlibrisgroup.com/permalink/49KOBV_FUB/dm8bhl/cdi_webofscience_primary_001292180800001CitationCount
Privacy-preserving WiFi fingerprint-based people counting for crowd management,,,"Rusca, Riccardo   Gasco, Diego   Casetti, Claudio   Giaccone, Paolo",,,,,,,"The practice of people counting serves as an indispensable tool for meticulously monitoring crowd dynamics, enabling informed decision-making in critical situations, and optimizing the management of urban spaces, facilities, and services. Beyond its fundamental role in safety and security, tracking people’s flows has evolved into a necessity for diverse business applications and the effective administration of both outdoor and indoor urban environments. In the ongoing exploration of the study, emphasis is placed on employing a passive counting technique. This method leverages WiFi probe request messages emitted by smart devices to assess the number of devices, providing a reliable estimate of the number of people in a specific area. However, it is crucial to acknowledge the dynamic landscape of privacy regulations and the concerted efforts by leading smart-device manufacturers to fortify user privacy, as evidenced by the adoption of MAC address randomization. In response to these considerations, an enhanced iteration of the WiFi traffic generator has been introduced. This upgraded version is designed to generate realistic datasets with ground truth, aligning with the evolving privacy landscape. Additionally, leveraging a profound understanding of probe requests and the capabilities of the designed generator, a novel crowd monitoring solution that incorporates machine learning techniques, named ARGO, has been developed. This innovative approach effectively addresses challenges posed by randomized MAC addresses, incorporating Bloom filters to ensure a formal “deniability” that complies with stringent regulations, including the European GDPR (European Parliament, Council of the European Union, Regulation (EU), 2016). The proposed solution adeptly addresses the pivotal task of people counting by harnessing WiFi probe request messages. Significantly, it prioritizes users’ privacy, aligning with the foundational principles outlined in regulations such as the European GDPR.",,,,AMSTERDAM: Elsevier B.V,,,,,,,Englisch,,2024 The Author(s),Cluster analysis    Computer science    Engineering    Technology    Telecommunication,,,"Computer communications, 2024-09, Vol.225, p.339-349",,,,,ISSN: 0140-3664 ISSN: 1873-703X EISSN: 1873-703X DOI: 10.1016/j.comcom.2024.07.010,,Web of Science,https://fu-berlin.primo.exlibrisgroup.com/permalink/49KOBV_FUB/dm8bhl/cdi_webofscience_primary_001292180800001CitationCount
Handoff All Your Privacy – A Review of Apple’s Bluetooth Low Energy Continuity Protocol,,,"Martin, Jeremy   Alpuche, Douglas   Bodeman, Kristina   Brown, Lamont   Fenske, Ellis   Foppe, Lucas   Mayberry, Travis   Rye, Erik   Sipes, Brandon   Teplov, Sam",,,,,,,"We investigate Apple’s Bluetooth Low Energy (BLE) Continuity protocol, designed to support interoperability and communication between iOS and macOS devices, and show that the price for this seamless experience is leakage of identifying information and behavioral data to passive adversaries. First, we reverse engineer numerous Continuity protocol message types and identify data fields that are transmitted unencrypted. We show that Continuity messages are broadcast over BLE in response to actions such as locking and unlocking a device’s screen, copying and pasting information, making and accepting phone calls, and tapping the screen while it is unlocked. Laboratory experiments reveal a significant flaw in the most recent versions of macOS that defeats BLE Media Access Control (MAC) address randomization entirely by causing the public MAC address to be broadcast. We demonstrate that the format and content of Continuity messages can be used to fingerprint the type and Operating System (OS) version of a device, as well as behaviorally profile users. Finally, we show that predictable sequence numbers in these frames can allow an adversary to track Apple devices across space and time, defeating existing anti-tracking techniques such as MAC address randomization.",,,,Sciendo,,,,,,,Englisch,,,Privacy,,,"Proceedings on Privacy Enhancing Technologies, 2019-10, Vol.2019 (4), p.34-53",,,,,ISSN: 2299-0984 EISSN: 2299-0984 DOI: 10.2478/popets-2019-0057,,EZB,https://fu-berlin.primo.exlibrisgroup.com/permalink/49KOBV_FUB/dm8bhl/cdi_crossref_citationtrail_10_2478_popets_2019_0057
Handoff All Your Privacy – A Review of Apple’s Bluetooth Low Energy Continuity Protocol,,,"Martin, Jeremy   Alpuche, Douglas   Bodeman, Kristina   Brown, Lamont   Fenske, Ellis   Foppe, Lucas   Mayberry, Travis   Rye, Erik   Sipes, Brandon   Teplov, Sam",,,,,,,"We investigate Apple’s Bluetooth Low Energy (BLE) Continuity protocol, designed to support interoperability and communication between iOS and macOS devices, and show that the price for this seamless experience is leakage of identifying information and behavioral data to passive adversaries. First, we reverse engineer numerous Continuity protocol message types and identify data fields that are transmitted unencrypted. We show that Continuity messages are broadcast over BLE in response to actions such as locking and unlocking a device’s screen, copying and pasting information, making and accepting phone calls, and tapping the screen while it is unlocked. Laboratory experiments reveal a significant flaw in the most recent versions of macOS that defeats BLE Media Access Control (MAC) address randomization entirely by causing the public MAC address to be broadcast. We demonstrate that the format and content of Continuity messages can be used to fingerprint the type and Operating System (OS) version of a device, as well as behaviorally profile users. Finally, we show that predictable sequence numbers in these frames can allow an adversary to track Apple devices across space and time, defeating existing anti-tracking techniques such as MAC address randomization.",,,,Sciendo,,,,,,,Englisch,,,Privacy,,,"Proceedings on Privacy Enhancing Technologies, 2019-10, Vol.2019 (4), p.34-53",,,,,ISSN: 2299-0984 EISSN: 2299-0984 DOI: 10.2478/popets-2019-0057,,ROAD,https://fu-berlin.primo.exlibrisgroup.com/permalink/49KOBV_FUB/dm8bhl/cdi_crossref_citationtrail_10_2478_popets_2019_0057
Handoff All Your Privacy – A Review of Apple’s Bluetooth Low Energy Continuity Protocol,,,"Martin, Jeremy   Alpuche, Douglas   Bodeman, Kristina   Brown, Lamont   Fenske, Ellis   Foppe, Lucas   Mayberry, Travis   Rye, Erik   Sipes, Brandon   Teplov, Sam",,,,,,,"We investigate Apple’s Bluetooth Low Energy (BLE) Continuity protocol, designed to support interoperability and communication between iOS and macOS devices, and show that the price for this seamless experience is leakage of identifying information and behavioral data to passive adversaries. First, we reverse engineer numerous Continuity protocol message types and identify data fields that are transmitted unencrypted. We show that Continuity messages are broadcast over BLE in response to actions such as locking and unlocking a device’s screen, copying and pasting information, making and accepting phone calls, and tapping the screen while it is unlocked. Laboratory experiments reveal a significant flaw in the most recent versions of macOS that defeats BLE Media Access Control (MAC) address randomization entirely by causing the public MAC address to be broadcast. We demonstrate that the format and content of Continuity messages can be used to fingerprint the type and Operating System (OS) version of a device, as well as behaviorally profile users. Finally, we show that predictable sequence numbers in these frames can allow an adversary to track Apple devices across space and time, defeating existing anti-tracking techniques such as MAC address randomization.",,,,Sciendo,,,,,,,Englisch,,,Privacy,,,"Proceedings on Privacy Enhancing Technologies, 2019-10, Vol.2019 (4), p.34-53",,,,,ISSN: 2299-0984 EISSN: 2299-0984 DOI: 10.2478/popets-2019-0057,,Unpaywall,https://fu-berlin.primo.exlibrisgroup.com/permalink/49KOBV_FUB/dm8bhl/cdi_crossref_citationtrail_10_2478_popets_2019_0057
Mobile Device Detection Through WiFi Probe Request Analysis,,,"Oliveira, Luiz   Schneider, Daniel   De Souza, Jano   Shen, Weiming",,,,,,,"Estimation of the presence of people in real time is extremely useful for businesses in providing better services while saving money. In this paper, we propose a technique for estimating the number of mobile devices present at a certain place and time, through analysis of WiFi probe requests from smart devices. Our goal is to address the problem through a solution that is immune to Media Access Control (MAC) address randomization strategies. The idea is to make use of information propagated in the environment, without the need to know the real MAC addresses of the devices. A state machine was modeled to detect the arrival, presence, and departure of devices in proximity to the sensors. A hardware prototype was developed for device detection, and its efficiency was evaluated in experiments that involved comparing the results of the proposed method with the manual measurements made by researchers. The proposed method provided very accurate correlations between the number of mobile devices detected and the real number of people in the environment.",,,,PISCATAWAY: IEEE,,,,,,,Englisch,,"Copyright The Institute of Electrical and Electronics Engineers, Inc. (IEEE) 2019",Access control    Buildings    Computer science    Electronic apparatus and appliances    Engineering    IEEE 802.11 (Standard)    Technology    Telecommunication,,,"IEEE access, 2019, Vol.7, p.98579-98588",,,,,ISSN: 2169-3536 EISSN: 2169-3536 DOI: 10.1109/ACCESS.2019.2925406 CODEN: IAECCG,,DOAJ,https://fu-berlin.primo.exlibrisgroup.com/permalink/49KOBV_FUB/dm8bhl/cdi_webofscience_primary_000480326700033
Mobile Device Detection Through WiFi Probe Request Analysis,,,"Oliveira, Luiz   Schneider, Daniel   De Souza, Jano   Shen, Weiming",,,,,,,"Estimation of the presence of people in real time is extremely useful for businesses in providing better services while saving money. In this paper, we propose a technique for estimating the number of mobile devices present at a certain place and time, through analysis of WiFi probe requests from smart devices. Our goal is to address the problem through a solution that is immune to Media Access Control (MAC) address randomization strategies. The idea is to make use of information propagated in the environment, without the need to know the real MAC addresses of the devices. A state machine was modeled to detect the arrival, presence, and departure of devices in proximity to the sensors. A hardware prototype was developed for device detection, and its efficiency was evaluated in experiments that involved comparing the results of the proposed method with the manual measurements made by researchers. The proposed method provided very accurate correlations between the number of mobile devices detected and the real number of people in the environment.",,,,PISCATAWAY: IEEE,,,,,,,Englisch,,"Copyright The Institute of Electrical and Electronics Engineers, Inc. (IEEE) 2019",Access control    Buildings    Computer science    Electronic apparatus and appliances    Engineering    IEEE 802.11 (Standard)    Technology    Telecommunication,,,"IEEE access, 2019, Vol.7, p.98579-98588",,,,,ISSN: 2169-3536 EISSN: 2169-3536 DOI: 10.1109/ACCESS.2019.2925406 CODEN: IAECCG,,EZB,https://fu-berlin.primo.exlibrisgroup.com/permalink/49KOBV_FUB/dm8bhl/cdi_webofscience_primary_000480326700033
Mobile Device Detection Through WiFi Probe Request Analysis,,,"Oliveira, Luiz   Schneider, Daniel   De Souza, Jano   Shen, Weiming",,,,,,,"Estimation of the presence of people in real time is extremely useful for businesses in providing better services while saving money. In this paper, we propose a technique for estimating the number of mobile devices present at a certain place and time, through analysis of WiFi probe requests from smart devices. Our goal is to address the problem through a solution that is immune to Media Access Control (MAC) address randomization strategies. The idea is to make use of information propagated in the environment, without the need to know the real MAC addresses of the devices. A state machine was modeled to detect the arrival, presence, and departure of devices in proximity to the sensors. A hardware prototype was developed for device detection, and its efficiency was evaluated in experiments that involved comparing the results of the proposed method with the manual measurements made by researchers. The proposed method provided very accurate correlations between the number of mobile devices detected and the real number of people in the environment.",,,,PISCATAWAY: IEEE,,,,,,,Englisch,,"Copyright The Institute of Electrical and Electronics Engineers, Inc. (IEEE) 2019",Access control    Buildings    Computer science    Electronic apparatus and appliances    Engineering    IEEE 802.11 (Standard)    Technology    Telecommunication,,,"IEEE access, 2019, Vol.7, p.98579-98588",,,,,ISSN: 2169-3536 EISSN: 2169-3536 DOI: 10.1109/ACCESS.2019.2925406 CODEN: IAECCG,,ROAD,https://fu-berlin.primo.exlibrisgroup.com/permalink/49KOBV_FUB/dm8bhl/cdi_webofscience_primary_000480326700033
Mobile Device Detection Through WiFi Probe Request Analysis,,,"Oliveira, Luiz   Schneider, Daniel   De Souza, Jano   Shen, Weiming",,,,,,,"Estimation of the presence of people in real time is extremely useful for businesses in providing better services while saving money. In this paper, we propose a technique for estimating the number of mobile devices present at a certain place and time, through analysis of WiFi probe requests from smart devices. Our goal is to address the problem through a solution that is immune to Media Access Control (MAC) address randomization strategies. The idea is to make use of information propagated in the environment, without the need to know the real MAC addresses of the devices. A state machine was modeled to detect the arrival, presence, and departure of devices in proximity to the sensors. A hardware prototype was developed for device detection, and its efficiency was evaluated in experiments that involved comparing the results of the proposed method with the manual measurements made by researchers. The proposed method provided very accurate correlations between the number of mobile devices detected and the real number of people in the environment.",,,,PISCATAWAY: IEEE,,,,,,,Englisch,,"Copyright The Institute of Electrical and Electronics Engineers, Inc. (IEEE) 2019",Access control    Buildings    Computer science    Electronic apparatus and appliances    Engineering    IEEE 802.11 (Standard)    Technology    Telecommunication,,,"IEEE access, 2019, Vol.7, p.98579-98588",,,,,ISSN: 2169-3536 EISSN: 2169-3536 DOI: 10.1109/ACCESS.2019.2925406 CODEN: IAECCG,,Unpaywall,https://fu-berlin.primo.exlibrisgroup.com/permalink/49KOBV_FUB/dm8bhl/cdi_webofscience_primary_000480326700033
Mobile Device Detection Through WiFi Probe Request Analysis,,,"Oliveira, Luiz   Schneider, Daniel   De Souza, Jano   Shen, Weiming",,,,,,,"Estimation of the presence of people in real time is extremely useful for businesses in providing better services while saving money. In this paper, we propose a technique for estimating the number of mobile devices present at a certain place and time, through analysis of WiFi probe requests from smart devices. Our goal is to address the problem through a solution that is immune to Media Access Control (MAC) address randomization strategies. The idea is to make use of information propagated in the environment, without the need to know the real MAC addresses of the devices. A state machine was modeled to detect the arrival, presence, and departure of devices in proximity to the sensors. A hardware prototype was developed for device detection, and its efficiency was evaluated in experiments that involved comparing the results of the proposed method with the manual measurements made by researchers. The proposed method provided very accurate correlations between the number of mobile devices detected and the real number of people in the environment.",,,,PISCATAWAY: IEEE,,,,,,,Englisch,,"Copyright The Institute of Electrical and Electronics Engineers, Inc. (IEEE) 2019",Access control    Buildings    Computer science    Electronic apparatus and appliances    Engineering    IEEE 802.11 (Standard)    Technology    Telecommunication,,,"IEEE access, 2019, Vol.7, p.98579-98588",,,,,ISSN: 2169-3536 EISSN: 2169-3536 DOI: 10.1109/ACCESS.2019.2925406 CODEN: IAECCG,,Web of Science,https://fu-berlin.primo.exlibrisgroup.com/permalink/49KOBV_FUB/dm8bhl/cdi_webofscience_primary_000480326700033
Detecting high indoor crowd density with Wi-Fi localization: a statistical mechanics approach,,,"Georgievska, Sonja   Rutten, Philip   Amoraal, Jan   Ranguelova, Elena   Bakhshi, Rena   de Vries, Ben L.   Lees, Michael   Klous, Sander",,,,,,,"We address the problem of detecting highly raised crowd density in situations such as indoor dance events. We propose a new method for estimating crowd density by anonymous, non-participatory, indoor Wi-Fi localization of smart phones. Using a probabilistic model inspired by statistical mechanics, and relying only on big data analytics, we tackle three challenges: (1) the ambiguity of Wi-Fi based indoor positioning, which appears regardless of whether the latter is performed with machine learning or with optimization, (2) the MAC address randomization when a device is not connected, and (3) the volatility of packet interarrival times. The main result is that our estimation becomes more—rather than less—accurate when the crowd size increases. This property is crucial for detecting dangerous crowd density.",,,,Cham: Springer International Publishing,,,,,,,Englisch,,"The Author(s) 2019 Journal of Big Data is a copyright of Springer, (2019). All Rights Reserved. © 2019. This work is published under http://creativecommons.org/licenses/by/4.0/ (the “License”). Notwithstanding the ProQuest Terms and Conditions, you may use this content in accordance with the terms of the License.","Ambiguity    Big data    Cell phones    Computer science    Crowds    Dance    Data Management    Database management    Density    Information organization    Information retrieval    Machine learning    Methodology    Models, Statistical    Smartphones    Statistical mechanics    Statistics    Technology    Volatilization",,,"Journal of big data, 2019-03, Vol.6 (1), p.1-23, Article 31",,,,,ISSN: 2196-1115 EISSN: 2196-1115 DOI: 10.1186/s40537-019-0194-3,,DOAJ,https://fu-berlin.primo.exlibrisgroup.com/permalink/49KOBV_FUB/dm8bhl/cdi_webofscience_primary_000599132600001CitationCount
Detecting high indoor crowd density with Wi-Fi localization: a statistical mechanics approach,,,"Georgievska, Sonja   Rutten, Philip   Amoraal, Jan   Ranguelova, Elena   Bakhshi, Rena   de Vries, Ben L.   Lees, Michael   Klous, Sander",,,,,,,"We address the problem of detecting highly raised crowd density in situations such as indoor dance events. We propose a new method for estimating crowd density by anonymous, non-participatory, indoor Wi-Fi localization of smart phones. Using a probabilistic model inspired by statistical mechanics, and relying only on big data analytics, we tackle three challenges: (1) the ambiguity of Wi-Fi based indoor positioning, which appears regardless of whether the latter is performed with machine learning or with optimization, (2) the MAC address randomization when a device is not connected, and (3) the volatility of packet interarrival times. The main result is that our estimation becomes more—rather than less—accurate when the crowd size increases. This property is crucial for detecting dangerous crowd density.",,,,Cham: Springer International Publishing,,,,,,,Englisch,,"The Author(s) 2019 Journal of Big Data is a copyright of Springer, (2019). All Rights Reserved. © 2019. This work is published under http://creativecommons.org/licenses/by/4.0/ (the “License”). Notwithstanding the ProQuest Terms and Conditions, you may use this content in accordance with the terms of the License.","Ambiguity    Big data    Cell phones    Computer science    Crowds    Dance    Data Management    Database management    Density    Information organization    Information retrieval    Machine learning    Methodology    Models, Statistical    Smartphones    Statistical mechanics    Statistics    Technology    Volatilization",,,"Journal of big data, 2019-03, Vol.6 (1), p.1-23, Article 31",,,,,ISSN: 2196-1115 EISSN: 2196-1115 DOI: 10.1186/s40537-019-0194-3,,EZB,https://fu-berlin.primo.exlibrisgroup.com/permalink/49KOBV_FUB/dm8bhl/cdi_webofscience_primary_000599132600001CitationCount
Detecting high indoor crowd density with Wi-Fi localization: a statistical mechanics approach,,,"Georgievska, Sonja   Rutten, Philip   Amoraal, Jan   Ranguelova, Elena   Bakhshi, Rena   de Vries, Ben L.   Lees, Michael   Klous, Sander",,,,,,,"We address the problem of detecting highly raised crowd density in situations such as indoor dance events. We propose a new method for estimating crowd density by anonymous, non-participatory, indoor Wi-Fi localization of smart phones. Using a probabilistic model inspired by statistical mechanics, and relying only on big data analytics, we tackle three challenges: (1) the ambiguity of Wi-Fi based indoor positioning, which appears regardless of whether the latter is performed with machine learning or with optimization, (2) the MAC address randomization when a device is not connected, and (3) the volatility of packet interarrival times. The main result is that our estimation becomes more—rather than less—accurate when the crowd size increases. This property is crucial for detecting dangerous crowd density.",,,,Cham: Springer International Publishing,,,,,,,Englisch,,"The Author(s) 2019 Journal of Big Data is a copyright of Springer, (2019). All Rights Reserved. © 2019. This work is published under http://creativecommons.org/licenses/by/4.0/ (the “License”). Notwithstanding the ProQuest Terms and Conditions, you may use this content in accordance with the terms of the License.","Ambiguity    Big data    Cell phones    Computer science    Crowds    Dance    Data Management    Database management    Density    Information organization    Information retrieval    Machine learning    Methodology    Models, Statistical    Smartphones    Statistical mechanics    Statistics    Technology    Volatilization",,,"Journal of big data, 2019-03, Vol.6 (1), p.1-23, Article 31",,,,,ISSN: 2196-1115 EISSN: 2196-1115 DOI: 10.1186/s40537-019-0194-3,,ROAD,https://fu-berlin.primo.exlibrisgroup.com/permalink/49KOBV_FUB/dm8bhl/cdi_webofscience_primary_000599132600001CitationCount
Detecting high indoor crowd density with Wi-Fi localization: a statistical mechanics approach,,,"Georgievska, Sonja   Rutten, Philip   Amoraal, Jan   Ranguelova, Elena   Bakhshi, Rena   de Vries, Ben L.   Lees, Michael   Klous, Sander",,,,,,,"We address the problem of detecting highly raised crowd density in situations such as indoor dance events. We propose a new method for estimating crowd density by anonymous, non-participatory, indoor Wi-Fi localization of smart phones. Using a probabilistic model inspired by statistical mechanics, and relying only on big data analytics, we tackle three challenges: (1) the ambiguity of Wi-Fi based indoor positioning, which appears regardless of whether the latter is performed with machine learning or with optimization, (2) the MAC address randomization when a device is not connected, and (3) the volatility of packet interarrival times. The main result is that our estimation becomes more—rather than less—accurate when the crowd size increases. This property is crucial for detecting dangerous crowd density.",,,,Cham: Springer International Publishing,,,,,,,Englisch,,"The Author(s) 2019 Journal of Big Data is a copyright of Springer, (2019). All Rights Reserved. © 2019. This work is published under http://creativecommons.org/licenses/by/4.0/ (the “License”). Notwithstanding the ProQuest Terms and Conditions, you may use this content in accordance with the terms of the License.","Ambiguity    Big data    Cell phones    Computer science    Crowds    Dance    Data Management    Database management    Density    Information organization    Information retrieval    Machine learning    Methodology    Models, Statistical    Smartphones    Statistical mechanics    Statistics    Technology    Volatilization",,,"Journal of big data, 2019-03, Vol.6 (1), p.1-23, Article 31",,,,,ISSN: 2196-1115 EISSN: 2196-1115 DOI: 10.1186/s40537-019-0194-3,,Unpaywall,https://fu-berlin.primo.exlibrisgroup.com/permalink/49KOBV_FUB/dm8bhl/cdi_webofscience_primary_000599132600001CitationCount
Detecting high indoor crowd density with Wi-Fi localization: a statistical mechanics approach,,,"Georgievska, Sonja   Rutten, Philip   Amoraal, Jan   Ranguelova, Elena   Bakhshi, Rena   de Vries, Ben L.   Lees, Michael   Klous, Sander",,,,,,,"We address the problem of detecting highly raised crowd density in situations such as indoor dance events. We propose a new method for estimating crowd density by anonymous, non-participatory, indoor Wi-Fi localization of smart phones. Using a probabilistic model inspired by statistical mechanics, and relying only on big data analytics, we tackle three challenges: (1) the ambiguity of Wi-Fi based indoor positioning, which appears regardless of whether the latter is performed with machine learning or with optimization, (2) the MAC address randomization when a device is not connected, and (3) the volatility of packet interarrival times. The main result is that our estimation becomes more—rather than less—accurate when the crowd size increases. This property is crucial for detecting dangerous crowd density.",,,,Cham: Springer International Publishing,,,,,,,Englisch,,"The Author(s) 2019 Journal of Big Data is a copyright of Springer, (2019). All Rights Reserved. © 2019. This work is published under http://creativecommons.org/licenses/by/4.0/ (the “License”). Notwithstanding the ProQuest Terms and Conditions, you may use this content in accordance with the terms of the License.","Ambiguity    Big data    Cell phones    Computer science    Crowds    Dance    Data Management    Database management    Density    Information organization    Information retrieval    Machine learning    Methodology    Models, Statistical    Smartphones    Statistical mechanics    Statistics    Technology    Volatilization",,,"Journal of big data, 2019-03, Vol.6 (1), p.1-23, Article 31",,,,,ISSN: 2196-1115 EISSN: 2196-1115 DOI: 10.1186/s40537-019-0194-3,,Web of Science,https://fu-berlin.primo.exlibrisgroup.com/permalink/49KOBV_FUB/dm8bhl/cdi_webofscience_primary_000599132600001CitationCount
Privacy‐preserving WiFi‐based crowd monitoring,,,"Rusca, Riccardo   Carluccio, Alex   Casetti, Claudio   Giaccone, Paolo",,,,,,,"The process of estimating the number of individuals within a defined area, commonly referred to as people counting, is of paramount importance in the realm of safety, security and crisis management. It serves as a crucial tool for accurately monitoring crowd dynamics and facilitating well‐informed decision‐making during critical situations. In our current study, we place a special emphasis on the utilization of the WiFi fingerprint technique, leveraging probe request messages emitted by smart devices as a proxy for people counting. However, it is essential to recognize the evolving landscape of privacy regulations and the concerted efforts by major smart‐device manufacturers to enhance user privacy, exemplified by the introduction of MAC addresses randomization techniques. In this context, we designed a crowd monitoring solution that exploits Bloom filters for ensuring a formal deniability, aligning with the stringent requirements set forth by regulations like the European GDPR. Our proposed solution not only addresses the essential task of people counting but also incorporates advanced privacy‐preserving mechanisms. Importantly, it seamlessly integrates with trajectory‐based crowd monitoring, offering a comprehensive approach to managing crowds while respecting individual privacy rights. Our study focuses on leveraging WiFi fingerprinting, specifically probe request messages, for accurate people counting and crowd monitoring. Our proposed solution incorporates privacy‐preserving measures, such as Bloom filters, to align with evolving privacy regulations, ensuring both effective crowd management and individual privacy rights.",,,,"Chichester, UK: John Wiley & Sons, Ltd",,,,,,,Englisch,,2024 John Wiley & Sons Ltd.,Technology    Telecommunication,,,"Transactions on emerging telecommunications technologies, 2024-03, Vol.35 (3), p.n/a, Article 4956",,,,,ISSN: 2161-3915 ISSN: 2161-5748 EISSN: 2161-3915 DOI: 10.1002/ett.4956,,Unpaywall,https://fu-berlin.primo.exlibrisgroup.com/permalink/49KOBV_FUB/dm8bhl/cdi_webofscience_primary_001177938700001
Privacy‐preserving WiFi‐based crowd monitoring,,,"Rusca, Riccardo   Carluccio, Alex   Casetti, Claudio   Giaccone, Paolo",,,,,,,"The process of estimating the number of individuals within a defined area, commonly referred to as people counting, is of paramount importance in the realm of safety, security and crisis management. It serves as a crucial tool for accurately monitoring crowd dynamics and facilitating well‐informed decision‐making during critical situations. In our current study, we place a special emphasis on the utilization of the WiFi fingerprint technique, leveraging probe request messages emitted by smart devices as a proxy for people counting. However, it is essential to recognize the evolving landscape of privacy regulations and the concerted efforts by major smart‐device manufacturers to enhance user privacy, exemplified by the introduction of MAC addresses randomization techniques. In this context, we designed a crowd monitoring solution that exploits Bloom filters for ensuring a formal deniability, aligning with the stringent requirements set forth by regulations like the European GDPR. Our proposed solution not only addresses the essential task of people counting but also incorporates advanced privacy‐preserving mechanisms. Importantly, it seamlessly integrates with trajectory‐based crowd monitoring, offering a comprehensive approach to managing crowds while respecting individual privacy rights. Our study focuses on leveraging WiFi fingerprinting, specifically probe request messages, for accurate people counting and crowd monitoring. Our proposed solution incorporates privacy‐preserving measures, such as Bloom filters, to align with evolving privacy regulations, ensuring both effective crowd management and individual privacy rights.",,,,"Chichester, UK: John Wiley & Sons, Ltd",,,,,,,Englisch,,2024 John Wiley & Sons Ltd.,Technology    Telecommunication,,,"Transactions on emerging telecommunications technologies, 2024-03, Vol.35 (3), p.n/a, Article 4956",,,,,ISSN: 2161-3915 ISSN: 2161-5748 EISSN: 2161-3915 DOI: 10.1002/ett.4956,,Web of Science,https://fu-berlin.primo.exlibrisgroup.com/permalink/49KOBV_FUB/dm8bhl/cdi_webofscience_primary_001177938700001
Low delay network attributes randomization to proactively mitigate reconnaissance attacks in industrial control systems,,,"Etxezarreta, Xabier   Garitano, Iñaki   Iturbe, Mikel   Zurutuza, Urko",,,,,,,"Industrial Control Systems are used in a wide variety of industrial facilities, including critical infrastructures, becoming the main target of multiple security attacks. A malicious and successful attack against these infrastructures could cause serious economic and environmental consequences, including the loss of human lives. Static networks configurations and topologies, which characterize Industrial Control Systems, represent an advantage for attackers, allowing them to scan for vulnerable devices or services before carrying out the attack. Identifying active devices and services is often the first step for many attacks. This paper presents a proactive network reconnaissance defense mechanism based on the temporal randomization of network IP addresses, MAC addresses and port numbers. The obtained information distortion minimizes the knowledge acquired by the attackers, hindering any attack that relies on network addressing. The temporal randomization of network attributes is performed in an adaptive way, minimizing the overhead introduced in the network and avoiding any error and latency in communications. The implementation as well as the tests have been carried out in a laboratory with real industrial equipment, demonstrating the effectiveness of the presented solution.",,,,New York: Springer US,,,,,,,Englisch,,"The Author(s) 2023 The Author(s) 2023. This work is published under http://creativecommons.org/licenses/by/4.0/ (the “License”). Notwithstanding the ProQuest Terms and Conditions, you may use this content in accordance with the terms of the License.",Automatic control    Computer networks    Computer science    Electrical engineering    Engineering    Industrial electronics    Nuclear power plants    Random Allocation    Software    Technology    Telecommunication    Topology,,,"Wireless networks, 2024-08, Vol.30 (6), p.5077-5091",,,,,ISSN: 1022-0038 ISSN: 1572-8196 EISSN: 1572-8196 DOI: 10.1007/s11276-022-03212-5,,Unpaywall,https://fu-berlin.primo.exlibrisgroup.com/permalink/49KOBV_FUB/dm8bhl/cdi_crossref_primary_10_1007_s11276_022_03212_5
Low delay network attributes randomization to proactively mitigate reconnaissance attacks in industrial control systems,,,"Etxezarreta, Xabier   Garitano, Iñaki   Iturbe, Mikel   Zurutuza, Urko",,,,,,,"Industrial Control Systems are used in a wide variety of industrial facilities, including critical infrastructures, becoming the main target of multiple security attacks. A malicious and successful attack against these infrastructures could cause serious economic and environmental consequences, including the loss of human lives. Static networks configurations and topologies, which characterize Industrial Control Systems, represent an advantage for attackers, allowing them to scan for vulnerable devices or services before carrying out the attack. Identifying active devices and services is often the first step for many attacks. This paper presents a proactive network reconnaissance defense mechanism based on the temporal randomization of network IP addresses, MAC addresses and port numbers. The obtained information distortion minimizes the knowledge acquired by the attackers, hindering any attack that relies on network addressing. The temporal randomization of network attributes is performed in an adaptive way, minimizing the overhead introduced in the network and avoiding any error and latency in communications. The implementation as well as the tests have been carried out in a laboratory with real industrial equipment, demonstrating the effectiveness of the presented solution.",,,,New York: Springer US,,,,,,,Englisch,,"The Author(s) 2023 The Author(s) 2023. This work is published under http://creativecommons.org/licenses/by/4.0/ (the “License”). Notwithstanding the ProQuest Terms and Conditions, you may use this content in accordance with the terms of the License.",Automatic control    Computer networks    Computer science    Electrical engineering    Engineering    Industrial electronics    Nuclear power plants    Random Allocation    Software    Technology    Telecommunication    Topology,,,"Wireless networks, 2024-08, Vol.30 (6), p.5077-5091",,,,,ISSN: 1022-0038 ISSN: 1572-8196 EISSN: 1572-8196 DOI: 10.1007/s11276-022-03212-5,,Web of Science,https://fu-berlin.primo.exlibrisgroup.com/permalink/49KOBV_FUB/dm8bhl/cdi_crossref_primary_10_1007_s11276_022_03212_5
Revealing and exploiting privacy vulnerabilities in users' public wireless packets,,,,,,,,,,,,,,,,,,,,,Englisch,,,,,,Institut polytechnique de Paris,,,,,DOI: 10.70675/5076188ez75edz45a8z87cczf18d72bddea1,,Unpaywall,https://fu-berlin.primo.exlibrisgroup.com/permalink/49KOBV_FUB/dm8bhl/cdi_unpaywall_primary_10_70675_5076188ez75edz45a8z87cczf18d72bddea1
Device discovery and tracing in the Bluetooth Low Energy domain,,,"Locatelli, Pierluigi   Perri, Massimo   Jimenez Gutierrez, Daniel Mauricio   Lacava, Andrea   Cuomo, Francesca",,,,,,,"Bluetooth Low Energy (BLE) is a pervasive wireless technology all around us today. It is included in most commercial consumer electronic devices manufactured in the last years, and billions of BLE-enabled devices are produced every year, mostly wearable or portable ones like smartphones, smartwatches, and smartbands. The success of BLE as a cornerstone in the Internet of Things (IoT) and consumer electronics is both an advantage, enabling short range, low cost, and low power consumption wireless communications, and a disadvantage, from a security and privacy standpoint. BLE exposes packets that enable a potential attacker to detect, enquire and fingerprint actual devices despite manufacturers’ attempts to avoid detection and tracking. Medium Access Control (MAC) address randomization was introduced in the BLE standard to solve some of these issues. In this paper we discuss how to detect and fingerprint BLE devices, basing our analysis and data collection on interactions allowed by the standard. In our study, we propose the Bluetooth Low Energy Nodes Detect, Enquire, (and) Recognition (BLENDER) framework for enumerating and fingerprinting BLE devices for crowd monitoring and recognition purposes, based on four different strategies used to analyze BLE-enabled devices. We will show that it is possible to associate BLE randomized MAC addresses to actual devices. We will then describe a proof of concept for large-scale data collection. In addition, to determine the spots where the stations could be optimally positioned, we created a synthetic dataset based on mobility models and then we emulated the BLENDER approach. The latter allowed training Machine Learning models to predict the expected number of devices appearing at any particular position, day, and hour.",,,,AMSTERDAM: Elsevier B.V,,,,,,,Englisch,,2023 The Authors,Computer science    Engineering    Fingerprints    Internet of things    Machine learning    Technology    Telecommunication,,,"Computer communications, 2023-03, Vol.202, p.42-56",,,,,ISSN: 0140-3664 ISSN: 1873-703X EISSN: 1873-703X DOI: 10.1016/j.comcom.2023.02.008,,Unpaywall,https://fu-berlin.primo.exlibrisgroup.com/permalink/49KOBV_FUB/dm8bhl/cdi_webofscience_primary_000943958100001
Device discovery and tracing in the Bluetooth Low Energy domain,,,"Locatelli, Pierluigi   Perri, Massimo   Jimenez Gutierrez, Daniel Mauricio   Lacava, Andrea   Cuomo, Francesca",,,,,,,"Bluetooth Low Energy (BLE) is a pervasive wireless technology all around us today. It is included in most commercial consumer electronic devices manufactured in the last years, and billions of BLE-enabled devices are produced every year, mostly wearable or portable ones like smartphones, smartwatches, and smartbands. The success of BLE as a cornerstone in the Internet of Things (IoT) and consumer electronics is both an advantage, enabling short range, low cost, and low power consumption wireless communications, and a disadvantage, from a security and privacy standpoint. BLE exposes packets that enable a potential attacker to detect, enquire and fingerprint actual devices despite manufacturers’ attempts to avoid detection and tracking. Medium Access Control (MAC) address randomization was introduced in the BLE standard to solve some of these issues. In this paper we discuss how to detect and fingerprint BLE devices, basing our analysis and data collection on interactions allowed by the standard. In our study, we propose the Bluetooth Low Energy Nodes Detect, Enquire, (and) Recognition (BLENDER) framework for enumerating and fingerprinting BLE devices for crowd monitoring and recognition purposes, based on four different strategies used to analyze BLE-enabled devices. We will show that it is possible to associate BLE randomized MAC addresses to actual devices. We will then describe a proof of concept for large-scale data collection. In addition, to determine the spots where the stations could be optimally positioned, we created a synthetic dataset based on mobility models and then we emulated the BLENDER approach. The latter allowed training Machine Learning models to predict the expected number of devices appearing at any particular position, day, and hour.",,,,AMSTERDAM: Elsevier B.V,,,,,,,Englisch,,2023 The Authors,Computer science    Engineering    Fingerprints    Internet of things    Machine learning    Technology    Telecommunication,,,"Computer communications, 2023-03, Vol.202, p.42-56",,,,,ISSN: 0140-3664 ISSN: 1873-703X EISSN: 1873-703X DOI: 10.1016/j.comcom.2023.02.008,,Web of Science,https://fu-berlin.primo.exlibrisgroup.com/permalink/49KOBV_FUB/dm8bhl/cdi_webofscience_primary_000943958100001
Compact Probe Request Fingerprinting with Asymmetric Pairwise Boosting,,,,,,,,,,,,,,,,,,,,,Englisch,,,,,,2025 IEEE International Conference on Machine Learning for Communication and Networking (ICMLCN),,,,,DOI: 10.1109/icmlcn64995.2025.11140351,,Unpaywall,https://fu-berlin.primo.exlibrisgroup.com/permalink/49KOBV_FUB/dm8bhl/cdi_unpaywall_primary_10_1109_icmlcn64995_2025_11140351
Wi-Fi tracking : Fingerprinting attacks and counter-measures,,,,,,,,,,,,,,,,,,,,,Englisch,,,,,,Lyon,,,,,DOI: 10.70675/1f117c62z6c31z46efzbadczff0b6e8afd15,,Unpaywall,https://fu-berlin.primo.exlibrisgroup.com/permalink/49KOBV_FUB/dm8bhl/cdi_unpaywall_primary_10_70675_1f117c62z6c31z46efzbadczff0b6e8afd15
Quantifying the Information Leak in IEEE 802.11 Network Discovery,,,"Waltari, Otto   Kangasharju, Jussi","Chowdhury, Kaushik Roy   Di Felice, Marco   Matta, Ibrahim   Sheng, Bo",,,,,,"Wi-Fi is often the easiest and most affordable way to get a device connected. When a device connects to any Wi-Fi network its identifier (SSID) is stored in the device. These SSIDs are sometimes intentionally exposed to the outside world during periodic network discovery routines. In this paper we quantify the information leak that is present in the current network discovery protocol. Our collected data shows how common it is for a device to leak information and what can be derived from the names of networks a user has connected to in the past. We introduce a way to measure the uniqueness of an entity, which is based on the set of leaked SSID names. We apply previously proposed methods of MAC address randomization reversal on our data and evaluate entity uniqueness. We show how unique SSID names backfire against attempts to obfuscate user devices. Finally we evaluate an existing alternative network discovery scheme that does not leak information.",Lecture Notes in Computer Science,,,Switzerland: Springer International Publishing AG,,,,,,,Englisch,,IFIP International Federation for Information Processing 2018,,,,"Lecture notes in computer science, 2018, Vol.10866, p.207-218",,,,,ISSN: 0302-9743 ISSN: 1611-3349 ISBN: 9783030029302 ISBN: 3030029301 EISSN: 1611-3349 EISBN: 303002931X EISBN: 9783030029319 DOI: 10.1007/978-3-030-02931-9_17 OCLC: 1081304098 LCCallNum: TK5105.5-5105.9,,Unpaywall,https://fu-berlin.primo.exlibrisgroup.com/permalink/49KOBV_FUB/dm8bhl/cdi_proquest_ebookcentralchapters_6283241_238_215
Noncooperative 802.11 MAC Layer Fingerprinting and Tracking of Mobile Devices,,,"Lamotte, Wim   Quax, Peter   Bonné, Bram   Robyns, Pieter","Lorenz, Pascal",,,,,,"We present two novel noncooperative MAC layer fingerprinting and tracking techniques for Wi-Fi (802.11) enabled mobile devices. Our first technique demonstrates how a per-bit entropy analysis of a single captured frame allows an adversary to construct a fingerprint of the transmitter that is 80.0 to 67.6 percent unique for 50 to 100 observed devices and 33.0 to 15.1 percent unique for 1,000 to 10,000 observed devices. We show how existing mitigation strategies such as MAC address randomization can be circumvented using only this fingerprint and temporal information. Our second technique leverages peer-to-peer 802.11u Generic Advertisement Service (GAS) requests and 802.11e Block Acknowledgement (BA) requests to instigate transmissions on demand from devices that support these protocols. We validate these techniques using two datasets, one of which was recorded at a music festival containing 28,048 unique devices and the other at our research lab containing 138 unique devices. Finally, we discuss a number of countermeasures that can be put in place by mobile device vendors in order to prevent noncooperative tracking through the discussed techniques.",,,,"Cairo, Egypt: Hindawi Publishing Corporation",,,,,,,Englisch,,"Copyright © 2017 Pieter Robyns et al. Copyright © 2017 Pieter Robyns et al. This is an open access article distributed under the Creative Commons Attribution License (the “License”), which permits unrestricted use, distribution, and reproduction in any medium, provided the original work is properly cited. Notwithstanding the ProQuest Terms and Conditions, you may use this content in accordance with the terms of the License. https://creativecommons.org/licenses/by/4.0","Access control    Computer science    Electronic apparatus and appliances    Fiction    Fingerprints    Internet of things    Plots (Drama, novel, etc.)    Technology    Telecommunication",,,"Security and communication networks, 2017-01, Vol.2017 (2017), p.1-21, Article 6235484",,,,,ISSN: 1939-0114 ISSN: 1939-0122 EISSN: 1939-0122 DOI: 10.1155/2017/6235484,,Unpaywall,https://fu-berlin.primo.exlibrisgroup.com/permalink/49KOBV_FUB/dm8bhl/cdi_crossref_citationtrail_10_1155_2017_6235484
Noncooperative 802.11 MAC Layer Fingerprinting and Tracking of Mobile Devices,,,"Lamotte, Wim   Quax, Peter   Bonné, Bram   Robyns, Pieter","Lorenz, Pascal",,,,,,"We present two novel noncooperative MAC layer fingerprinting and tracking techniques for Wi-Fi (802.11) enabled mobile devices. Our first technique demonstrates how a per-bit entropy analysis of a single captured frame allows an adversary to construct a fingerprint of the transmitter that is 80.0 to 67.6 percent unique for 50 to 100 observed devices and 33.0 to 15.1 percent unique for 1,000 to 10,000 observed devices. We show how existing mitigation strategies such as MAC address randomization can be circumvented using only this fingerprint and temporal information. Our second technique leverages peer-to-peer 802.11u Generic Advertisement Service (GAS) requests and 802.11e Block Acknowledgement (BA) requests to instigate transmissions on demand from devices that support these protocols. We validate these techniques using two datasets, one of which was recorded at a music festival containing 28,048 unique devices and the other at our research lab containing 138 unique devices. Finally, we discuss a number of countermeasures that can be put in place by mobile device vendors in order to prevent noncooperative tracking through the discussed techniques.",,,,"Cairo, Egypt: Hindawi Publishing Corporation",,,,,,,Englisch,,"Copyright © 2017 Pieter Robyns et al. Copyright © 2017 Pieter Robyns et al. This is an open access article distributed under the Creative Commons Attribution License (the “License”), which permits unrestricted use, distribution, and reproduction in any medium, provided the original work is properly cited. Notwithstanding the ProQuest Terms and Conditions, you may use this content in accordance with the terms of the License. https://creativecommons.org/licenses/by/4.0","Access control    Computer science    Electronic apparatus and appliances    Fiction    Fingerprints    Internet of things    Plots (Drama, novel, etc.)    Technology    Telecommunication",,,"Security and communication networks, 2017-01, Vol.2017 (2017), p.1-21, Article 6235484",,,,,ISSN: 1939-0114 ISSN: 1939-0122 EISSN: 1939-0122 DOI: 10.1155/2017/6235484,,Web of Science,https://fu-berlin.primo.exlibrisgroup.com/permalink/49KOBV_FUB/dm8bhl/cdi_crossref_citationtrail_10_1155_2017_6235484
People Flow Estimation in Urban Environments Using BLE Advertising Packets,,,Kotaro Hayashi   Taito Yoshimura   Hiroyuki Kobayashi   Ryo Imamura   Mina Itou   Kiyohide Ushijima   Hirohiko Suwa   Yuki Matsuda,,,,,,,"In recent years, the analysis of people flow has become increasingly important for urban management and commercial strategies. While cameras and 3D sensors have been used for people flow estimation, they involve high costs and raise privacy concerns. In contrast, Wi-Fi and Bluetooth signals enable low-cost, non-intrusive data collection. However, widespread MAC address randomization in modern devices limits the effectiveness of conventional people tracking methods that rely on static MAC addresses. To overcome this limitation, we propose a method to estimate movement trajectories by associating dynamically randomized MAC addresses. Our approach utilizes the appearance/disappearance times and advertising (Adv) data of BLE packets collected by multiple scanners. Unlike prior work that focused on single-sensor setups or simulations, we conducted a citywide field experiment spanning 2.5 km in central Saga City, Japan. Thirty BLE scanners were deployed over a 60-day period, and the collected data were evaluated against GPS logs as the ground truth. The proposed method achieved an average macro coverage of 70.9% for walking, 46.2% for cycling, and 66.0% overall. This represents improvements of 9.5%, 3.4%, and 8.3% over baseline methods, respectively.",,,,"Care XDX Center, Kyushu Institute of Technology",,,,,,,Englisch Japanisch,,2026 Author,,,,"International Journal of Activity and Behavior Computing, 2026, Vol.2026(1), pp.1-17",,,,,EISSN: 2759-2871 DOI: 10.60401/ijabc.132,,ROAD,https://fu-berlin.primo.exlibrisgroup.com/permalink/49KOBV_FUB/dm8bhl/cdi_jstage_primary_article_ijabc_2026_1_2026_132_article_char_en
ASIMOV: a Fully Passive WiFi Device Tracking,,,,,,,,,,,,,,,,,,,,,Englisch,,,,,,2021 IFIP Networking Conference (IFIP Networking),,,,,DOI: 10.23919/ifipnetworking52078.2021.9472786,,Unpaywall,https://fu-berlin.primo.exlibrisgroup.com/permalink/49KOBV_FUB/dm8bhl/cdi_unpaywall_primary_10_23919_ifipnetworking52078_2021_9472786
Introducing benchmarks for evaluating user-privacy vulnerability in WiFi,,,,,,,,,,,,,,,,,,,,,Englisch,,,,,,2023 IEEE 97th Vehicular Technology Conference (VTC2023-Spring),,,,,DOI: 10.1109/vtc2023-spring57618.2023.10199706,,Unpaywall,https://fu-berlin.primo.exlibrisgroup.com/permalink/49KOBV_FUB/dm8bhl/cdi_unpaywall_primary_10_1109_vtc2023_spring57618_2023_10199706
"A Tutorial on Privacy, RCM and Its Implications in WLAN",,,"Ficara, Domenico   Garroppo, Rosario G.   Henry, Jerome",,,,,,,"The proliferation of Wi-Fi devices has led to the rise of privacy concerns related to MAC Address-based systems used for people tracking and localization across various applications, such as smart cities, intelligent transportation systems, and marketing. These systems have highlighted the necessity for mobile device manufacturers to implement Randomized And Changing MAC address (RCM) techniques as a countermeasure for device identification. In response to the challenges posed by diverse RCM implementations, the IEEE has taken steps to standardize RCM operations through the 802.11aq Task Group (TG). However, while RCM implementation addresses some concerns, it can disrupt services that span both Layer 2 and upper-layers, which were originally designed assuming static MAC addresses. To address these challenges, the IEEE has established the 802.11bh TG, focusing on defining new device identification methods, particularly for Layer 2 services that require pre-association identification. Simultaneously, the IETF launched the MAC Address Device Identification for Network and Application Services (MADINAS) Working Group to investigate the repercussions of RCM on upper-layer services, including the Dynamic Host Configuration Protocol (DHCP). Concurrently, derandomization techniques have emerged to counteract RCM defense mechanisms. The exploration of these techniques has suggested the need for a broader privacy enhancement framework for WLANs that goes beyond simple MAC address randomization. These findings have prompted the inception of the 802.11bi TG, which aims to compile an exhaustive list of potential privacy vulnerabilities and prerequisites for a more private IEEE 802.11 standard. In this context, this tutorial aims to provide insights into the motivations behind RCM, its implementation, and its evolution over the years. It elucidates the influence of RCM on network processes and services. Furthermore, the tutorial delves into the recent progress made within the domains of 802.11bh, 802.11bi, and MADINAS. It offers a thorough analysis of the initial work undertaken by these groups, along with an overview of the relevant research challenges. The tutorial objective is to inspire the research community to explore innovative approaches and solutions that contribute to the ongoing efforts to enhance WLAN privacy through standardization initiatives.",,,,PISCATAWAY: IEEE,,,,,,,Englisch,,"Copyright The Institute of Electrical and Electronics Engineers, Inc. (IEEE) 2024",Computer science    IEEE 802.11 (Standard)    Intelligent transportation systems    Local Area Networks    Privacy    Random Allocation    Standardization    Technology    Telecommunication,,,"IEEE Communications surveys and tutorials, 2024, Vol.26 (2), p.1003-1040",,,,,ISSN: 1553-877X ISSN: 2373-745X EISSN: 2373-745X DOI: 10.1109/COMST.2023.3345746,,Unpaywall,https://fu-berlin.primo.exlibrisgroup.com/permalink/49KOBV_FUB/dm8bhl/cdi_webofscience_primary_001230185600009CitationCount
Reduce to the MACs - Privacy Friendly Generic Probe Requests,,,"McDougall, Johanna Ansohn   Brighente, Alessandro   Kunstmann, Anne   Zapatka, Niklas   Federrath, Hannes","Katsikas, Sokratis   Markantonakis, Konstantinos   Furnell, Steven   Pitropakis, Nikolaos",,,,,,"Since the introduction of active discovery in Wi-Fi networks, users can be tracked via their probe requests. Although manufacturers typically try to conceal Media Access Control (MAC) addresses using MAC address randomisation, probe requests still contain Information Elements (IEs) that facilitate device identification. This paper introduces generic probe requests: By removing all unnecessary information from IEs, the requests become indistinguishable from one another, letting single devices disappear in the largest possible anonymity set. Conducting a comprehensive evaluation, we demonstrate that a large IE set contained within undirected probe requests does not necessarily imply fast connection establishment. Furthermore, we show that minimising IEs to nothing but Supported Rates would enable 82.55% of the devices to share the same anonymity set. Our contributions provide a significant advancement in the pursuit of robust privacy solutions for wireless networks, paving the way for more user anonymity and less surveillance in wireless communication ecosystems.",IFIP Advances in Information and Communication Technology,,,Switzerland: Springer,,,,,,,Englisch,,IFIP International Federation for Information Processing 2024 CC0 1.0 - Universal,Computer science,,,"ICT Systems Security and Privacy Protection, 2024, Vol.710, p.31-45",,,,,ISSN: 1868-4238 ISSN: 1868-422X ISBN: 9783031651748 ISBN: 303165174X EISSN: 1868-422X EISBN: 3031651758 EISBN: 9783031651755 DOI: 10.1007/978-3-031-65175-5_3 OCLC: 1450505612 LCCallNum: QA75.5-76.95,,Unpaywall,https://fu-berlin.primo.exlibrisgroup.com/permalink/49KOBV_FUB/dm8bhl/cdi_springer_books_10_1007_978_3_031_65175_5_3
